ID,Yabt,Ygfa,Ynfl,Ytau,SYN_P001,SYN_P002,SYN_P003,SYN_P004,SYN_P005,SYN_P006,SYN_P007,SYN_P008,SYN_P009,SYN_P010,SYN_P011,SYN_P012,SYN_P013,SYN_P014,SYN_P015,SYN_P016,SYN_P017,SYN_P018,SYN_P019,SYN_P020,SYN_P021,SYN_P022,SYN_P023,SYN_P024,SYN_P025,SYN_P026,SYN_P027,SYN_P028,SYN_P029,SYN_P030,SYN_P031,SYN_P032,SYN_P033,SYN_P034,SYN_P035,SYN_P036,SYN_P037,SYN_P038,SYN_P039,SYN_P040,SYN_P041,SYN_P042,SYN_P043,SYN_P044,SYN_P045,SYN_P046,SYN_P047,SYN_P048,SYN_P049,SYN_P050,SYN_P051,SYN_P052,SYN_P053,SYN_P054,SYN_P055,SYN_P056,SYN_P057,SYN_P058,SYN_P059,SYN_P060,SYN_P061,SYN_P062,SYN_P063,SYN_P064,SYN_P065,SYN_P066,SYN_P067,SYN_P068,SYN_P069,SYN_P070,SYN_P071,SYN_P072,SYN_P073,SYN_P074,SYN_P075,SYN_P076,SYN_P077,SYN_P078,SYN_P079,SYN_P080,SYN_P081,SYN_P082,SYN_P083,SYN_P084,SYN_P085,SYN_P086,SYN_P087,SYN_P088,SYN_P089,SYN_P090,SYN_P091,SYN_P092,SYN_P093,SYN_P094,SYN_P095,SYN_P096,SYN_P097,SYN_P098,SYN_P099,SYN_P100,SYN_P101,SYN_P102,SYN_P103,SYN_P104,SYN_P105,SYN_P106,SYN_P107,SYN_P108,SYN_P109,SYN_P110,SYN_P111,SYN_P112,SYN_P113
SYN_BIGPN_0001,0,1,0,1,0.632599,0.139794,0.645439,0.654781,0.316296,0.150304,0.686107,0.838375,0.383212,0.230686,0.894778,0.308887,0.861068,0.130403,0.565597,0.610233,0.415006,0.659306,0.341607,0.284245,0.263345,0.317708,0.652541,0.347187,0.162643,0.881781,0.406211,0.752486,0.221355,0.431346,0.661091,0.265711,0.297670,0.947919,0.531092,0.730475,0.162506,0.102463,0.748851,0.224541,0.544422,0.282342,0.373799,0.431425,0.920363,0.739833,0.751779,0.317574,0.568917,0.187863,0.363505,0.626897,0.317049,0.157985,0.103655,0.088659,0.835976,0.758595,0.491664,0.088623,0.128147,0.694008,0.477076,0.835530,0.669311,0.945080,0.877425,0.849922,0.824720,0.563397,0.916764,0.513995,0.768506,0.898976,0.836817,0.920900,0.112105,0.576729,0.254512,0.148939,0.932321,0.902495,0.749838,0.062739,0.734109,0.924874,0.518839,0.614576,0.307309,0.820132,0.162100,0.391570,0.586490,0.556845,0.313183,0.579461,0.911584,0.570254,0.690617,0.903483,0.366569,0.693628,0.335903,0.572787,0.634395,0.098475,0.300594,0.597098,0.794796,0.362206,0.646495,0.382368,0.317587
SYN_BIGPN_0002,0,1,1,0,0.834614,0.050601,0.374821,0.814742,0.365806,0.818471,0.693852,0.431607,0.573874,0.506083,0.863723,0.918338,0.803350,0.806564,0.683412,0.341615,0.367632,0.341154,0.414927,0.173134,0.866882,0.560145,0.774085,0.781986,0.234425,0.536972,0.196862,0.354303,0.843563,0.358257,0.927859,0.407497,0.592061,0.139901,0.467501,0.924937,0.748817,0.349451,0.355265,0.470229,0.278750,0.650009,0.897437,0.503655,0.252063,0.909077,0.216256,0.491620,0.588262,0.534805,0.289516,0.363173,0.330369,0.806020,0.610138,0.166762,0.258633,0.549409,0.795832,0.605884,0.312962,0.165063,0.069559,0.685497,0.102872,0.490696,0.084218,0.346997,0.383741,0.887388,0.136860,0.709615,0.179204,0.213536,0.616508,0.403290,0.515576,0.850495,0.489731,0.407277,0.429486,0.297418,0.841004,0.060836,0.749382,0.827676,0.885197,0.498347,0.496417,0.657917,0.570579,0.581279,0.120728,0.445495,0.129026,0.071641,0.116394,0.062712,0.521966,0.082182,0.295918,0.100455,0.262600,0.289997,0.266460,0.360517,0.347959,0.932708,0.373415,0.858543,0.607852,0.072863,0.429880
SYN_BIGPN_0003,0,0,1,1,0.611512,0.354932,0.386339,0.674061,0.777004,0.680619,0.865727,0.621014,0.110108,0.494986,0.184018,0.109650,0.560681,0.654147,0.663761,0.856371,0.576688,0.452413,0.465081,0.448141,0.188494,0.660678,0.695873,0.217908,0.110911,0.299590,0.932372,0.889170,0.570705,0.743293,0.054541,0.822304,0.298794,0.115408,0.283203,0.422302,0.892041,0.622400,0.801532,0.632091,0.473070,0.214660,0.634264,0.456384,0.765446,0.098230,0.168028,0.817095,0.562728,0.786432,0.192728,0.699735,0.289474,0.142246,0.694192,0.277490,0.897565,0.498822,0.437087,0.570825,0.554740,0.273660,0.843264,0.666971,0.071769,0.802726,0.684671,0.609232,0.364092,0.364522,0.723423,0.649472,0.910300,0.136545,0.676095,0.553077,0.655422,0.801396,0.346795,0.411960,0.597299,0.844374,0.053954,0.198666,0.682250,0.428758,0.332951,0.662655,0.484225,0.837552,0.569129,0.236157,0.803124,0.635781,0.293362,0.682026,0.438944,0.895626,0.059552,0.641357,0.349353,0.674493,0.734345,0.120537,0.867465,0.451988,0.717352,0.744389,0.671334,0.710668,0.332221,0.589490,0.297128
SYN_BIGPN_0004,1,1,1,0,0.793702,0.711478,0.750274,0.349854,0.318252,0.332200,0.676527,0.896612,0.356747,0.516132,0.733085,0.628821,0.148735,0.892547,0.162836,0.563212,0.845373,0.552414,0.625698,0.127477,0.883587,0.882905,0.924441,0.643324,0.679608,0.848930,0.260388,0.211293,0.466681,0.528085,0.805205,0.602965,0.835270,0.297838,0.120448,0.524314,0.944263,0.574197,0.177499,0.146736,0.590786,0.475629,0.588566,0.947284,0.741361,0.450396,0.361539,0.462172,0.580217,0.437969,0.732609,0.744511,0.344321,0.497080,0.619248,0.554777,0.512374,0.574570,0.473936,0.429845,0.112005,0.395932,0.916718,0.619603,0.903152,0.635156,0.693340,0.784569,0.806959,0.843923,0.122499,0.885042,0.433453,0.375824,0.418736,0.208924,0.911979,0.743769,0.175811,0.273617,0.772387,0.364071,0.461754,0.146644,0.892211,0.628550,0.944672,0.297866,0.888897,0.170549,0.587262,0.304054,0.721147,0.318044,0.157552,0.362962,0.495124,0.351062,0.527304,0.529276,0.400077,0.523225,0.086475,0.288922,0.644189,0.847166,0.718455,0.729041,0.930316,0.650762,0.409369,0.396623,0.724842
SYN_BIGPN_0005,1,0,0,1,0.171248,0.133140,0.947422,0.930504,0.387664,0.123505,0.816993,0.818851,0.131066,0.233427,0.828070,0.176664,0.561356,0.346636,0.649587,0.675785,0.599721,0.797330,0.637355,0.421969,0.623607,0.326169,0.941765,0.361742,0.264506,0.790471,0.065452,0.705248,0.809549,0.393799,0.677522,0.679901,0.944878,0.441049,0.337411,0.503680,0.833770,0.644533,0.908204,0.437372,0.372809,0.512217,0.472336,0.388458,0.147529,0.287075,0.765972,0.734678,0.678952,0.675759,0.229650,0.347717,0.625265,0.519032,0.348357,0.114593,0.531426,0.275171,0.927189,0.123181,0.702862,0.312276,0.182721,0.535173,0.641737,0.836560,0.827252,0.774148,0.544261,0.258981,0.766658,0.120741,0.774947,0.911080,0.679256,0.287997,0.298732,0.675864,0.638066,0.549615,0.447819,0.243986,0.831019,0.734219,0.108569,0.880366,0.074310,0.274155,0.443327,0.919154,0.600964,0.280838,0.828260,0.422459,0.641317,0.472018,0.823158,0.890302,0.939406,0.395965,0.889454,0.292150,0.180554,0.849306,0.549692,0.759633,0.194076,0.668528,0.349907,0.894391,0.599035,0.644689,0.582560
SYN_BIGPN_0006,0,1,1,0,0.771813,0.102510,0.296531,0.643784,0.309938,0.344432,0.318436,0.155380,0.087053,0.571124,0.910839,0.808841,0.417259,0.350631,0.258806,0.071336,0.412013,0.738608,0.608130,0.313116,0.650009,0.698859,0.162740,0.293474,0.889193,0.846058,0.195877,0.098427,0.709004,0.743907,0.235358,0.481522,0.641243,0.172616,0.913069,0.245530,0.638419,0.112170,0.516293,0.650831,0.379726,0.884190,0.255095,0.751479,0.629529,0.403240,0.531193,0.088696,0.505435,0.328072,0.654074,0.934694,0.810989,0.748144,0.879786,0.867918,0.657870,0.926507,0.439584,0.869886,0.760132,0.213578,0.413531,0.584614,0.946235,0.688876,0.719484,0.496267,0.430091,0.177779,0.742738,0.295212,0.137996,0.352787,0.437435,0.558625,0.798036,0.303363,0.858638,0.437548,0.166385,0.661576,0.600224,0.141840,0.094115,0.202202,0.129234,0.599793,0.052129,0.943040,0.248045,0.490350,0.627236,0.818330,0.607798,0.474875,0.390001,0.762085,0.226256,0.251945,0.666470,0.134104,0.399116,0.562274,0.240108,0.238755,0.398439,0.242220,0.737782,0.650986,0.398709,0.717255,0.417127
SYN_BIGPN_0007,0,1,0,0,0.235548,0.202055,0.826424,0.308790,0.826374,0.255080,0.587933,0.767006,0.855213,0.688423,0.711111,0.177699,0.508304,0.589858,0.412212,0.218822,0.520355,0.608360,0.092512,0.920900,0.755269,0.135074,0.791152,0.628078,0.134234,0.825467,0.594391,0.083739,0.445317,0.462073,0.367799,0.816958,0.804519,0.288943,0.691690,0.916802,0.216255,0.123996,0.834291,0.303024,0.129503,0.769047,0.518341,0.359654,0.949249,0.947326,0.189660,0.145874,0.944152,0.317301,0.603044,0.360873,0.591701,0.919270,0.930018,0.206402,0.416955,0.444282,0.936176,0.910686,0.532603,0.194129,0.756990,0.169620,0.110655,0.394839,0.065889,0.225055,0.161367,0.681441,0.824978,0.698468,0.702810,0.905773,0.370287,0.400538,0.051342,0.312968,0.372244,0.152214,0.262927,0.775463,0.734476,0.130673,0.302737,0.218212,0.665820,0.337540,0.604966,0.856473,0.771698,0.065474,0.446629,0.448961,0.825015,0.660686,0.408059,0.682553,0.916110,0.933793,0.070880,0.916080,0.287586,0.215244,0.489890,0.831682,0.248168,0.181044,0.343486,0.817166,0.597031,0.901549,0.634304
SYN_BIGPN_0008,1,1,0,1,0.084668,0.166373,0.331649,0.259371,0.291108,0.743062,0.425566,0.729951,0.841421,0.250076,0.524259,0.120287,0.368262,0.295276,0.167265,0.251780,0.201047,0.169209,0.218229,0.571763,0.196107,0.742888,0.417425,0.729062,0.455604,0.128220,0.500932,0.634370,0.462620,0.130885,0.122078,0.938076,0.185344,0.268847,0.871505,0.854114,0.630068,0.527475,0.630952,0.908763,0.757095,0.688820,0.590743,0.089496,0.721355,0.470431,0.331937,0.839151,0.403599,0.830137,0.108655,0.318335,0.294397,0.362751,0.289103,0.158310,0.391715,0.828152,0.119450,0.318873,0.804168,0.336399,0.817882,0.767292,0.344667,0.562487,0.138109,0.949343,0.511318,0.178853,0.210842,0.531226,0.078835,0.860085,0.670263,0.542277,0.734553,0.528684,0.100259,0.094028,0.180790,0.776339,0.625862,0.897604,0.632649,0.155370,0.391867,0.531044,0.110530,0.442017,0.088787,0.336192,0.182605,0.506160,0.284435,0.490680,0.157062,0.921533,0.276483,0.229256,0.163310,0.394924,0.849969,0.136354,0.607573,0.336320,0.320361,0.093269,0.775272,0.293740,0.117256,0.732873,0.638869
SYN_BIGPN_0009,0,1,1,0,0.806284,0.248195,0.943803,0.397160,0.434493,0.705219,0.165036,0.175691,0.430713,0.270509,0.315949,0.357202,0.381509,0.520613,0.281579,0.137945,0.895403,0.296406,0.056787,0.060493,0.559262,0.363904,0.674242,0.875405,0.816458,0.233155,0.437217,0.846920,0.861049,0.801950,0.695632,0.788682,0.220282,0.085860,0.859912,0.316971,0.653973,0.843987,0.142377,0.591201,0.359692,0.365051,0.153061,0.091410,0.085772,0.881021,0.601178,0.488793,0.349072,0.704489,0.628973,0.099515,0.665832,0.497433,0.614522,0.354255,0.928760,0.761234,0.881776,0.376963,0.795173,0.287295,0.232131,0.714717,0.115296,0.052472,0.904079,0.159679,0.116452,0.567871,0.121549,0.175084,0.105450,0.634652,0.361689,0.314474,0.367212,0.305546,0.148769,0.412666,0.933059,0.566759,0.665830,0.336556,0.783048,0.203100,0.225605,0.157262,0.319784,0.448658,0.362824,0.772240,0.376482,0.897505,0.519481,0.679486,0.870519,0.882523,0.872519,0.822524,0.507767,0.708648,0.401831,0.936782,0.531839,0.906442,0.816342,0.537900,0.261252,0.390997,0.310515,0.138090,0.441481
SYN_BIGPN_0010,0,0,1,0,0.167679,0.092166,0.749849,0.892307,0.260919,0.558384,0.284544,0.583282,0.855367,0.055443,0.178817,0.704125,0.601104,0.201313,0.123335,0.364716,0.100947,0.120205,0.429629,0.205668,0.173392,0.126962,0.598158,0.647549,0.138989,0.614219,0.857067,0.943867,0.360695,0.375920,0.536582,0.588816,0.470149,0.308678,0.079593,0.879006,0.441636,0.169211,0.598213,0.060491,0.786186,0.469751,0.296828,0.366095,0.263370,0.206497,0.555504,0.917732,0.466531,0.138309,0.652293,0.392321,0.572080,0.406291,0.384085,0.282384,0.271354,0.949079,0.922808,0.781230,0.520977,0.292872,0.149152,0.584502,0.273295,0.084882,0.462685,0.362745,0.911451,0.536269,0.567292,0.067499,0.259510,0.815301,0.337437,0.313115,0.364081,0.261163,0.595246,0.069602,0.111679,0.877263,0.664531,0.911912,0.582521,0.412278,0.157902,0.379955,0.658789,0.294928,0.704228,0.074760,0.078908,0.528173,0.737368,0.206544,0.059977,0.136224,0.160164,0.122604,0.644948,0.629650,0.071330,0.784099,0.676246,0.460931,0.314487,0.571732,0.929656,0.152833,0.351470,0.766209,0.116142
SYN_BIGPN_0011,1,0,1,0,0.706498,0.183066,0.394024,0.366171,0.888572,0.342169,0.695571,0.681259,0.839740,0.876964,0.744950,0.502593,0.280729,0.759293,0.121758,0.471848,0.141937,0.862024,0.436646,0.553391,0.063927,0.140698,0.194487,0.436348,0.714536,0.753531,0.833091,0.576862,0.671025,0.424017,0.848418,0.392391,0.485770,0.344348,0.673533,0.832894,0.193981,0.930718,0.306098,0.890596,0.386830,0.798039,0.356558,0.491777,0.793117,0.380881,0.757120,0.480029,0.097293,0.553795,0.545354,0.176892,0.313695,0.658364,0.194802,0.380497,0.264918,0.208541,0.540458,0.454342,0.412353,0.518146,0.529120,0.941555,0.704288,0.635338,0.945325,0.604620,0.523973,0.180527,0.943021,0.362198,0.650283,0.430215,0.347382,0.495241,0.232392,0.314065,0.813923,0.599410,0.792528,0.876649,0.155824,0.915749,0.570279,0.862730,0.565256,0.560901,0.515415,0.661770,0.547461,0.854128,0.455758,0.098068,0.341458,0.167357,0.917160,0.766667,0.797796,0.793114,0.440858,0.438946,0.642056,0.395134,0.360494,0.290764,0.654770,0.685112,0.656862,0.824526,0.914688,0.134695,0.242946
SYN_BIGPN_0012,1,1,0,0,0.156041,0.502801,0.356149,0.463981,0.664831,0.474923,0.200577,0.472310,0.096288,0.313061,0.080951,0.655231,0.289503,0.154546,0.070666,0.621221,0.186526,0.521180,0.678412,0.869152,0.275338,0.375382,0.397631,0.536446,0.204369,0.889746,0.910965,0.330027,0.697014,0.911285,0.777320,0.269854,0.793377,0.716099,0.883405,0.282507,0.337413,0.582380,0.933264,0.629135,0.389776,0.810717,0.208939,0.198903,0.655558,0.422853,0.374383,0.768057,0.876212,0.341985,0.223993,0.526238,0.363310,0.767586,0.564678,0.526050,0.555733,0.827112,0.806253,0.607651,0.873971,0.770903,0.602858,0.413816,0.284624,0.299431,0.148375,0.713733,0.079042,0.821893,0.268267,0.321932,0.816403,0.403116,0.078306,0.812691,0.348112,0.199481,0.545645,0.151440,0.378015,0.530882,0.534285,0.739803,0.058960,0.758578,0.134528,0.909438,0.886217,0.733658,0.533198,0.248523,0.774323,0.433677,0.787166,0.322735,0.056055,0.434639,0.727064,0.862272,0.264822,0.867627,0.122430,0.136469,0.328218,0.452102,0.704530,0.414952,0.736463,0.485852,0.853226,0.765008,0.866625
SYN_BIGPN_0013,1,1,0,1,0.708107,0.393886,0.400435,0.185383,0.766715,0.717730,0.192692,0.797254,0.330496,0.065538,0.237636,0.228500,0.155371,0.487570,0.117689,0.264875,0.121695,0.903507,0.460498,0.534692,0.063805,0.820884,0.934385,0.746638,0.759489,0.740022,0.242996,0.124041,0.311167,0.311425,0.801918,0.345884,0.819282,0.715672,0.143107,0.590165,0.099077,0.073698,0.440603,0.310042,0.102062,0.802448,0.327074,0.249779,0.863512,0.819898,0.566605,0.701290,0.774360,0.640015,0.881960,0.113758,0.880005,0.908515,0.361759,0.633655,0.110764,0.113061,0.234613,0.150045,0.480460,0.656754,0.178059,0.686258,0.812025,0.234283,0.630242,0.192206,0.241933,0.929513,0.508079,0.158667,0.831300,0.096362,0.949498,0.790628,0.734401,0.663453,0.770015,0.751726,0.857393,0.163776,0.221007,0.612994,0.060283,0.106872,0.117048,0.482310,0.556581,0.607712,0.417330,0.250196,0.064721,0.053050,0.181440,0.551272,0.095439,0.415007,0.151770,0.605442,0.909979,0.475124,0.222397,0.807381,0.601072,0.771293,0.937040,0.214964,0.142104,0.583093,0.466071,0.729790,0.325488
SYN_BIGPN_0014,1,1,0,1,0.485283,0.893780,0.244850,0.483011,0.158443,0.403688,0.816731,0.422010,0.280021,0.504351,0.372934,0.348631,0.358499,0.888442,0.559300,0.780082,0.828806,0.306695,0.347903,0.570482,0.257057,0.801696,0.476760,0.165738,0.312584,0.095627,0.118174,0.700007,0.300142,0.139617,0.734605,0.798052,0.749885,0.805354,0.228850,0.119325,0.058430,0.736325,0.419026,0.227167,0.676767,0.225896,0.656757,0.277250,0.059048,0.626118,0.876839,0.814183,0.723635,0.512156,0.485899,0.408019,0.591485,0.137748,0.673731,0.885311,0.195329,0.698332,0.561796,0.742323,0.517424,0.517856,0.480092,0.827177,0.617795,0.816243,0.257831,0.551169,0.837080,0.901552,0.628646,0.883522,0.669375,0.290542,0.450445,0.764684,0.724443,0.428717,0.890291,0.066844,0.687455,0.359046,0.813351,0.325956,0.244843,0.097067,0.550798,0.088380,0.226704,0.772807,0.880825,0.883086,0.059110,0.420107,0.213758,0.353579,0.741428,0.557456,0.457624,0.172400,0.949971,0.736946,0.180192,0.332713,0.307744,0.221072,0.491926,0.213817,0.550692,0.121633,0.644799,0.230805,0.890173
SYN_BIGPN_0015,1,0,0,0,0.134491,0.460877,0.687536,0.062606,0.637211,0.604105,0.221614,0.077608,0.350828,0.067929,0.488842,0.165725,0.540271,0.128430,0.828263,0.855600,0.673128,0.357261,0.383612,0.082313,0.135636,0.753557,0.825323,0.377953,0.792058,0.196606,0.135597,0.656581,0.799393,0.694147,0.550153,0.878889,0.193971,0.264450,0.311997,0.162512,0.521851,0.892362,0.807304,0.877900,0.410727,0.526000,0.190593,0.193697,0.440021,0.586942,0.888132,0.270046,0.806301,0.934758,0.917073,0.901553,0.150934,0.262821,0.392533,0.575856,0.674626,0.785991,0.757153,0.348416,0.813613,0.930665,0.291612,0.641400,0.542296,0.309395,0.196390,0.701609,0.267205,0.900531,0.291224,0.523550,0.928913,0.396410,0.380030,0.913156,0.886009,0.211048,0.305379,0.584497,0.305763,0.796435,0.365608,0.510879,0.515273,0.382294,0.915053,0.352594,0.884436,0.615096,0.753951,0.605851,0.814114,0.715337,0.407327,0.146784,0.783178,0.342555,0.449787,0.369508,0.897856,0.643022,0.206670,0.902485,0.943246,0.101182,0.913705,0.493829,0.596046,0.205306,0.185079,0.862163,0.551966
SYN_BIGPN_0016,0,0,0,1,0.584772,0.335941,0.861486,0.242479,0.583375,0.364019,0.774714,0.078510,0.725464,0.158756,0.783418,0.917348,0.146424,0.135890,0.112548,0.108738,0.691920,0.887473,0.900166,0.870915,0.669315,0.616441,0.693916,0.426739,0.486310,0.839723,0.234857,0.448933,0.892346,0.158973,0.927160,0.643471,0.677241,0.740590,0.698698,0.794906,0.601095,0.438906,0.572043,0.535891,0.627725,0.728262,0.860529,0.885249,0.184162,0.452112,0.199845,0.758330,0.144451,0.618937,0.661073,0.318742,0.478646,0.446881,0.122666,0.758377,0.181859,0.473030,0.945921,0.346294,0.435453,0.434556,0.074696,0.709862,0.744312,0.413236,0.721231,0.195589,0.721094,0.254376,0.514026,0.344242,0.055755,0.300343,0.438366,0.285529,0.887468,0.724947,0.267860,0.516134,0.386729,0.898632,0.552356,0.755919,0.388546,0.847265,0.330782,0.877218,0.336560,0.604773,0.435533,0.090388,0.590101,0.874445,0.926144,0.724178,0.531396,0.076364,0.913760,0.693323,0.293331,0.066216,0.151824,0.502338,0.368882,0.183953,0.458886,0.282167,0.170125,0.084652,0.087138,0.340595,0.660554
SYN_BIGPN_0017,0,0,1,1,0.269647,0.771503,0.285291,0.100703,0.388454,0.139237,0.406075,0.639711,0.081175,0.757896,0.090340,0.185688,0.510166,0.418069,0.917412,0.525001,0.392977,0.797981,0.877064,0.796956,0.496553,0.484720,0.791462,0.697384,0.260082,0.814669,0.675621,0.590930,0.221080,0.656818,0.887483,0.659640,0.102069,0.208961,0.940882,0.852695,0.410260,0.941968,0.339284,0.345399,0.316876,0.161555,0.190966,0.810871,0.327214,0.802150,0.420985,0.125769,0.426687,0.658953,0.172011,0.734610,0.512447,0.545393,0.093703,0.919103,0.083886,0.136640,0.140201,0.856296,0.161906,0.578513,0.449660,0.138215,0.768243,0.174016,0.441312,0.323074,0.479338,0.275564,0.914936,0.533932,0.427076,0.936320,0.755029,0.645948,0.491292,0.290107,0.365644,0.399294,0.159372,0.172105,0.767469,0.785713,0.130598,0.272550,0.095489,0.640117,0.292463,0.461695,0.841799,0.176848,0.842659,0.749358,0.668385,0.502338,0.454846,0.474967,0.218747,0.794654,0.708636,0.908948,0.405283,0.091454,0.706689,0.103480,0.066820,0.901374,0.360702,0.626713,0.432344,0.737917,0.934973
SYN_BIGPN_0018,0,1,0,0,0.472325,0.055291,0.215408,0.398474,0.407647,0.209322,0.928789,0.883861,0.581257,0.419402,0.079529,0.603472,0.461329,0.254862,0.816053,0.116609,0.269421,0.644722,0.593377,0.811630,0.528004,0.358501,0.935897,0.510625,0.149322,0.446466,0.773567,0.073254,0.151580,0.300492,0.199684,0.147657,0.872926,0.380484,0.421641,0.853192,0.626430,0.179001,0.513921,0.896320,0.668545,0.599463,0.536577,0.460890,0.470873,0.829782,0.534774,0.696560,0.408706,0.599148,0.086792,0.135767,0.619818,0.311965,0.539575,0.417831,0.482416,0.769470,0.344279,0.094843,0.177253,0.281716,0.656618,0.063870,0.094905,0.899735,0.182691,0.876625,0.073431,0.140332,0.327351,0.445117,0.409390,0.746081,0.752169,0.527043,0.191862,0.298799,0.083806,0.732076,0.416035,0.277197,0.452571,0.403749,0.596471,0.668574,0.228103,0.298376,0.887745,0.571761,0.765928,0.290920,0.553129,0.421429,0.634413,0.353763,0.583102,0.155674,0.909974,0.832853,0.292391,0.416834,0.548290,0.712990,0.792688,0.844849,0.756336,0.468189,0.371808,0.300242,0.213090,0.568062,0.898772
SYN_BIGPN_0019,1,0,1,0,0.845091,0.094654,0.126048,0.587638,0.512170,0.764277,0.755152,0.277187,0.495478,0.913155,0.432833,0.247378,0.756148,0.511833,0.485528,0.359248,0.511710,0.242144,0.764460,0.823331,0.593679,0.275678,0.164898,0.164300,0.452006,0.698535,0.297946,0.800745,0.843071,0.210272,0.143956,0.872458,0.308675,0.857636,0.815026,0.240750,0.756106,0.386332,0.117417,0.717701,0.652453,0.511385,0.175676,0.756041,0.371886,0.095836,0.903596,0.225101,0.356040,0.688484,0.784013,0.588734,0.071169,0.114307,0.784213,0.927375,0.810299,0.632518,0.437580,0.440086,0.698075,0.669867,0.665864,0.527583,0.725144,0.934502,0.758187,0.766029,0.873635,0.777530,0.864505,0.736648,0.113538,0.186123,0.413899,0.109687,0.499773,0.301699,0.777352,0.092783,0.711759,0.617611,0.634870,0.282482,0.914914,0.350823,0.882937,0.784786,0.102016,0.393925,0.305823,0.259707,0.781710,0.463347,0.828702,0.331929,0.060332,0.606074,0.662908,0.489515,0.661082,0.592977,0.574234,0.299553,0.818958,0.913476,0.247400,0.845104,0.874019,0.839373,0.330216,0.704972,0.069742
SYN_BIGPN_0020,1,1,1,1,0.834511,0.451786,0.295208,0.462493,0.569676,0.824321,0.675868,0.128158,0.750783,0.079708,0.852028,0.327713,0.676456,0.151480,0.415986,0.559877,0.845474,0.729841,0.435114,0.234278,0.401446,0.296713,0.920466,0.707041,0.170050,0.534940,0.399497,0.735137,0.319982,0.061074,0.691261,0.860899,0.063120,0.876223,0.358721,0.322492,0.667307,0.306736,0.793653,0.307836,0.730500,0.522553,0.481607,0.730332,0.420581,0.145329,0.476876,0.181077,0.519083,0.325488,0.897170,0.155579,0.349833,0.493885,0.361149,0.636805,0.671478,0.682270,0.680095,0.517740,0.793137,0.912930,0.866597,0.869336,0.170077,0.895756,0.247076,0.728473,0.824270,0.803537,0.264773,0.206069,0.279602,0.535445,0.721315,0.190095,0.930795,0.275194,0.568625,0.476620,0.473885,0.519345,0.328248,0.900130,0.073208,0.538372,0.629846,0.258913,0.949794,0.444309,0.803975,0.671163,0.614793,0.289931,0.054710,0.293126,0.072879,0.296022,0.474332,0.540095,0.100348,0.634512,0.695490,0.488467,0.894091,0.424991,0.094482,0.914497,0.498141,0.838996,0.718303,0.353241,0.684703
SYN_BIGPN_0021,1,0,0,1,0.874223,0.716850,0.071259,0.416349,0.610061,0.394771,0.192313,0.325080,0.501356,0.485004,0.443174,0.653607,0.729530,0.205277,0.562891,0.219048,0.417061,0.147959,0.068001,0.213811,0.213169,0.102232,0.858370,0.456214,0.122249,0.181209,0.348546,0.743224,0.347992,0.708025,0.688224,0.176006,0.211542,0.712707,0.633778,0.427307,0.860395,0.201027,0.745349,0.863841,0.153471,0.166159,0.579793,0.795802,0.559824,0.279993,0.743052,0.396191,0.506586,0.060079,0.166705,0.730512,0.883314,0.098680,0.301209,0.764082,0.651821,0.938705,0.479932,0.278224,0.218978,0.170800,0.277623,0.239658,0.660514,0.609369,0.122952,0.269080,0.198561,0.173557,0.455744,0.464604,0.607406,0.729742,0.325055,0.804518,0.074819,0.607052,0.309969,0.078499,0.524321,0.503799,0.250755,0.158338,0.193278,0.798378,0.526561,0.394789,0.095277,0.357698,0.795401,0.246418,0.793582,0.573391,0.136187,0.524126,0.946097,0.275221,0.134723,0.236532,0.535422,0.154773,0.060835,0.575664,0.203333,0.482785,0.548460,0.886083,0.254499,0.461174,0.848867,0.827055,0.091358
SYN_BIGPN_0022,0,1,0,0,0.313315,0.665169,0.945762,0.866406,0.346862,0.288196,0.661089,0.322306,0.225547,0.796424,0.190542,0.427123,0.829752,0.392114,0.433389,0.142701,0.934101,0.361824,0.639909,0.172762,0.185466,0.691762,0.067926,0.611957,0.757120,0.254165,0.204844,0.700644,0.512504,0.908328,0.193266,0.212937,0.222222,0.120704,0.584474,0.249880,0.195095,0.177059,0.739260,0.191080,0.198275,0.875026,0.924034,0.682477,0.714645,0.138900,0.640308,0.220402,0.617889,0.941109,0.651680,0.948603,0.667614,0.786322,0.218395,0.187408,0.170166,0.412834,0.278651,0.551137,0.325440,0.511026,0.458391,0.823440,0.347578,0.741969,0.594198,0.346886,0.754555,0.484297,0.567974,0.134364,0.249440,0.685917,0.686632,0.459784,0.897748,0.512623,0.801389,0.177857,0.440538,0.097592,0.334621,0.368197,0.499856,0.538731,0.341824,0.444114,0.748391,0.586236,0.355462,0.487595,0.564883,0.228264,0.390636,0.199368,0.622354,0.867371,0.378918,0.567247,0.250380,0.709065,0.800803,0.769397,0.359587,0.865725,0.164001,0.515873,0.889530,0.452309,0.076999,0.676757,0.637624
SYN_BIGPN_0023,0,0,1,0,0.683100,0.389853,0.718033,0.115044,0.878918,0.704515,0.129026,0.058661,0.759504,0.166546,0.909931,0.351887,0.113914,0.642511,0.716277,0.649455,0.416683,0.187575,0.569793,0.357846,0.380969,0.755138,0.860950,0.594442,0.132527,0.821643,0.469736,0.631970,0.517210,0.061611,0.697095,0.858601,0.669829,0.448757,0.476492,0.278798,0.661014,0.371823,0.521600,0.739423,0.183016,0.748367,0.876338,0.354676,0.119651,0.922922,0.091827,0.696279,0.284533,0.845475,0.605134,0.920787,0.410414,0.083087,0.494739,0.821633,0.800359,0.628406,0.379038,0.448023,0.219112,0.650539,0.731206,0.392848,0.209792,0.547446,0.788792,0.148962,0.427428,0.181195,0.888515,0.424993,0.858685,0.343093,0.918510,0.929952,0.451014,0.205931,0.869361,0.913609,0.160799,0.597835,0.386370,0.720185,0.276066,0.174152,0.943169,0.514995,0.486298,0.404569,0.591529,0.669240,0.271758,0.202554,0.458685,0.913693,0.176803,0.804219,0.723506,0.582755,0.844747,0.826119,0.608956,0.261878,0.362397,0.686620,0.718969,0.560142,0.785307,0.916109,0.634663,0.108718,0.931279
SYN_BIGPN_0024,0,0,1,1,0.696027,0.259008,0.486607,0.438624,0.124425,0.663813,0.114273,0.116597,0.532834,0.330321,0.130111,0.217768,0.256062,0.704504,0.838519,0.851469,0.177780,0.826130,0.103085,0.519844,0.374291,0.703662,0.623704,0.488663,0.786248,0.936632,0.113012,0.554425,0.523077,0.729138,0.098031,0.736586,0.260302,0.396446,0.733680,0.440452,0.285582,0.837849,0.792616,0.616248,0.621249,0.504802,0.131702,0.429298,0.463214,0.582891,0.784905,0.904914,0.219279,0.316688,0.786860,0.451588,0.520179,0.244134,0.760604,0.590413,0.838175,0.653080,0.067149,0.891786,0.720654,0.097427,0.100001,0.174845,0.638374,0.473453,0.174121,0.853520,0.841231,0.864780,0.138540,0.420122,0.297555,0.912290,0.092528,0.581309,0.474036,0.264823,0.294575,0.427199,0.240928,0.864134,0.060126,0.348500,0.852717,0.528861,0.441382,0.844057,0.084778,0.689843,0.213251,0.512716,0.296125,0.542484,0.949564,0.358505,0.611491,0.394822,0.311626,0.890875,0.181767,0.349441,0.155855,0.620180,0.303425,0.055410,0.481721,0.570169,0.246459,0.720326,0.856037,0.054565,0.271733
SYN_BIGPN_0025,1,0,1,1,0.303070,0.061812,0.619787,0.668796,0.916573,0.729579,0.913529,0.396015,0.133473,0.743942,0.774833,0.669035,0.498266,0.820498,0.334610,0.509345,0.119806,0.908225,0.059524,0.219255,0.472506,0.230803,0.732613,0.788022,0.510575,0.583502,0.363347,0.292431,0.260313,0.931301,0.254131,0.376079,0.066798,0.228034,0.364668,0.531524,0.386501,0.861471,0.534955,0.751507,0.289446,0.153306,0.746167,0.182816,0.800906,0.447083,0.140109,0.528011,0.936149,0.493955,0.819520,0.146929,0.575254,0.341328,0.487507,0.854167,0.367008,0.463621,0.842068,0.718970,0.295119,0.347074,0.280873,0.224168,0.924073,0.280781,0.425094,0.580584,0.103429,0.445578,0.437891,0.940440,0.228582,0.508806,0.052199,0.901346,0.884395,0.613391,0.489485,0.219803,0.849242,0.637598,0.588456,0.289318,0.112142,0.203326,0.057766,0.922336,0.210473,0.641245,0.289408,0.730919,0.242169,0.542151,0.085425,0.474971,0.828957,0.681809,0.696548,0.933739,0.381377,0.269174,0.150618,0.815051,0.129672,0.064367,0.297312,0.454632,0.262535,0.373858,0.887324,0.276602,0.156529
SYN_BIGPN_0026,0,1,1,0,0.498500,0.071476,0.130668,0.915125,0.201820,0.898738,0.830608,0.438173,0.611859,0.650298,0.545397,0.091787,0.735279,0.535015,0.594258,0.854120,0.702475,0.504660,0.883324,0.185245,0.948289,0.867059,0.412800,0.123423,0.894846,0.512198,0.341863,0.883177,0.637410,0.207899,0.074739,0.416479,0.849609,0.234473,0.587606,0.126836,0.264703,0.144224,0.564914,0.245869,0.948772,0.517991,0.337837,0.268661,0.202540,0.263359,0.496895,0.380136,0.121000,0.679551,0.847540,0.876183,0.082423,0.086416,0.385187,0.883087,0.930890,0.707709,0.796410,0.159573,0.837949,0.627124,0.620091,0.481649,0.071902,0.204303,0.460014,0.826229,0.886027,0.635787,0.681983,0.863504,0.862032,0.502917,0.942144,0.439212,0.770954,0.299116,0.727492,0.250033,0.077012,0.090619,0.528219,0.313724,0.298879,0.523728,0.592275,0.636121,0.896088,0.321986,0.582228,0.099562,0.273095,0.813984,0.056941,0.314885,0.673360,0.804050,0.394067,0.070713,0.855751,0.545820,0.067189,0.568754,0.257299,0.147767,0.135220,0.253067,0.139445,0.460496,0.683269,0.198358,0.600605
SYN_BIGPN_0027,1,1,0,0,0.118159,0.540364,0.906151,0.470118,0.216458,0.717775,0.578926,0.582648,0.874629,0.585919,0.946893,0.819514,0.852205,0.101720,0.698471,0.218199,0.915084,0.120639,0.773070,0.588882,0.222445,0.563577,0.119515,0.642174,0.124387,0.823776,0.917135,0.324100,0.931132,0.319454,0.271064,0.904747,0.761723,0.104733,0.828499,0.791633,0.483810,0.638596,0.672585,0.445701,0.282579,0.597499,0.752133,0.139641,0.080352,0.803471,0.214416,0.528146,0.226110,0.323670,0.341114,0.568858,0.148026,0.681306,0.402506,0.881480,0.528176,0.736733,0.759696,0.758050,0.194898,0.198899,0.172346,0.719983,0.718610,0.415719,0.668465,0.866848,0.875936,0.404581,0.304359,0.557491,0.108082,0.133629,0.535237,0.487624,0.163261,0.515705,0.813391,0.891773,0.923492,0.377530,0.633331,0.468019,0.297125,0.936592,0.876947,0.763600,0.204982,0.481971,0.210821,0.851409,0.661092,0.708055,0.551067,0.708375,0.772077,0.344359,0.417291,0.600794,0.677359,0.486222,0.796189,0.295409,0.411014,0.791765,0.668884,0.468893,0.318329,0.594114,0.935992,0.075478,0.345852
SYN_BIGPN_0028,0,1,0,1,0.292607,0.690077,0.222447,0.717094,0.156559,0.912443,0.834418,0.799482,0.871983,0.528458,0.650508,0.198138,0.754452,0.436075,0.896199,0.754976,0.585360,0.742540,0.083295,0.614774,0.596229,0.568121,0.531275,0.565800,0.646421,0.308521,0.190106,0.576061,0.191383,0.814146,0.567659,0.476611,0.162910,0.295922,0.144180,0.647728,0.198331,0.057201,0.414475,0.124467,0.051858,0.124340,0.460503,0.948827,0.405093,0.323690,0.665349,0.609828,0.817860,0.922328,0.775449,0.201883,0.932099,0.378839,0.590734,0.550462,0.530911,0.166240,0.264957,0.780497,0.237690,0.661161,0.475108,0.644192,0.319017,0.813812,0.721233,0.530001,0.219762,0.058749,0.651281,0.681739,0.442119,0.391067,0.204510,0.101409,0.537723,0.865234,0.117986,0.077623,0.106076,0.270564,0.811180,0.080926,0.452221,0.183878,0.700055,0.506164,0.331209,0.920857,0.292497,0.118963,0.476839,0.654482,0.572214,0.145093,0.668888,0.738193,0.114261,0.137122,0.411152,0.908967,0.234886,0.135367,0.347610,0.580286,0.844494,0.363909,0.500674,0.796414,0.587566,0.433895,0.160378
SYN_BIGPN_0029,0,0,1,1,0.838979,0.946464,0.120670,0.904502,0.783268,0.067046,0.535677,0.307161,0.723873,0.346318,0.534212,0.630605,0.555560,0.234392,0.110583,0.905510,0.908961,0.488518,0.591532,0.905725,0.355517,0.709321,0.531972,0.428544,0.763267,0.856870,0.781060,0.320660,0.409816,0.129903,0.776374,0.488418,0.803365,0.818282,0.587898,0.875608,0.472288,0.192361,0.244460,0.727397,0.496194,0.409718,0.535510,0.668212,0.902142,0.794546,0.103286,0.292507,0.790653,0.186051,0.820504,0.789927,0.460266,0.787301,0.203739,0.855478,0.555497,0.081918,0.238579,0.711113,0.615611,0.554214,0.543768,0.789079,0.809670,0.475509,0.357887,0.891620,0.290860,0.397367,0.456205,0.909811,0.698167,0.353901,0.809972,0.143278,0.763161,0.539604,0.329955,0.897392,0.744312,0.473347,0.217885,0.791208,0.351048,0.153982,0.327921,0.446043,0.715640,0.838495,0.570748,0.473373,0.075295,0.526689,0.333283,0.451240,0.122900,0.403510,0.067198,0.213768,0.415758,0.392020,0.913460,0.895376,0.762653,0.709971,0.494104,0.123112,0.944178,0.912196,0.702704,0.780714,0.609921
SYN_BIGPN_0030,0,0,1,0,0.616134,0.358737,0.091194,0.604005,0.871220,0.647992,0.292965,0.243563,0.437375,0.574745,0.224781,0.801996,0.183668,0.160994,0.842319,0.610905,0.449572,0.488263,0.751860,0.234634,0.380754,0.329627,0.316771,0.118493,0.307354,0.478698,0.666382,0.874126,0.599624,0.322206,0.308212,0.830420,0.571142,0.178266,0.180199,0.519465,0.223439,0.437522,0.155900,0.068846,0.825997,0.777223,0.567544,0.600426,0.081570,0.885610,0.435706,0.393906,0.725741,0.931675,0.583037,0.219884,0.084669,0.728689,0.768808,0.207218,0.133984,0.570515,0.661731,0.203073,0.328080,0.776623,0.636077,0.861579,0.580978,0.911467,0.224816,0.288902,0.512215,0.175125,0.875953,0.384066,0.281483,0.467823,0.703732,0.605984,0.448634,0.553199,0.650853,0.405699,0.145831,0.574362,0.385121,0.531327,0.402255,0.140350,0.526932,0.102689,0.267158,0.078965,0.464239,0.920134,0.552893,0.161391,0.683300,0.346879,0.276122,0.837631,0.056739,0.248977,0.203054,0.268786,0.166702,0.355631,0.464817,0.726896,0.602294,0.299294,0.581555,0.768277,0.629594,0.164607,0.887723
SYN_BIGPN_0031,0,0,1,1,0.075564,0.715284,0.299919,0.851257,0.676171,0.576882,0.537874,0.098356,0.743565,0.764405,0.302741,0.676645,0.309687,0.299487,0.635025,0.429077,0.434027,0.057979,0.638051,0.418857,0.148984,0.087872,0.714006,0.507291,0.103405,0.887094,0.676055,0.739992,0.936375,0.117904,0.744849,0.187169,0.173718,0.317674,0.517236,0.875041,0.851637,0.304125,0.168799,0.057439,0.368685,0.757122,0.221596,0.587944,0.567606,0.432605,0.656450,0.276195,0.317346,0.222794,0.243235,0.185216,0.073379,0.639065,0.555876,0.364863,0.350926,0.198276,0.082279,0.607963,0.276303,0.334192,0.138123,0.213177,0.460751,0.490448,0.203404,0.516435,0.523178,0.786671,0.627947,0.532446,0.057026,0.683472,0.498490,0.271688,0.621840,0.184029,0.404300,0.321069,0.106017,0.944011,0.687267,0.185610,0.912138,0.370406,0.611688,0.473880,0.421762,0.432791,0.145066,0.172325,0.643370,0.180868,0.520393,0.894625,0.116932,0.493735,0.520140,0.685549,0.931858,0.388035,0.696956,0.781776,0.230731,0.109392,0.868205,0.913356,0.315568,0.622422,0.108292,0.909550,0.949835
SYN_BIGPN_0032,1,1,0,0,0.389342,0.514852,0.109503,0.638973,0.558980,0.183974,0.306359,0.845486,0.643770,0.640595,0.441297,0.929284,0.757354,0.302545,0.193893,0.553549,0.497801,0.205322,0.937736,0.057455,0.818347,0.583657,0.259331,0.081757,0.559417,0.330673,0.385676,0.736132,0.529181,0.161978,0.300404,0.912830,0.687522,0.352410,0.489527,0.747042,0.784461,0.374686,0.318456,0.092613,0.747652,0.703923,0.253837,0.672402,0.748368,0.613324,0.712723,0.053268,0.242350,0.797660,0.607421,0.839202,0.544294,0.310010,0.189230,0.151547,0.908962,0.909788,0.651839,0.286736,0.139521,0.207937,0.131064,0.338038,0.285106,0.948114,0.642997,0.412082,0.702125,0.758919,0.325454,0.466707,0.387973,0.342792,0.507533,0.178016,0.118346,0.326302,0.863645,0.581724,0.324141,0.412258,0.201991,0.798882,0.538161,0.419690,0.799198,0.479165,0.945648,0.634619,0.305712,0.862912,0.495952,0.854941,0.073320,0.474284,0.899638,0.626156,0.104047,0.645406,0.225942,0.579486,0.787914,0.479861,0.748228,0.507823,0.895809,0.332194,0.329820,0.136244,0.490819,0.665668,0.200682
SYN_BIGPN_0033,1,0,0,1,0.845944,0.354760,0.833773,0.900263,0.257336,0.473966,0.899146,0.692982,0.699834,0.476757,0.278737,0.390433,0.657204,0.413739,0.301119,0.890617,0.879227,0.390628,0.266089,0.850758,0.884317,0.636291,0.670733,0.259417,0.575204,0.381514,0.596555,0.861265,0.946133,0.777265,0.136881,0.714642,0.526574,0.404321,0.535415,0.648665,0.734337,0.414528,0.337170,0.596916,0.087253,0.135717,0.471381,0.757102,0.895398,0.277344,0.466105,0.421019,0.389213,0.218851,0.465912,0.175355,0.689122,0.943835,0.372822,0.929725,0.889834,0.355250,0.094509,0.245707,0.121590,0.269956,0.278488,0.476371,0.626353,0.776024,0.412758,0.917479,0.660023,0.436172,0.577036,0.624597,0.179523,0.754114,0.935604,0.173604,0.508185,0.790412,0.721585,0.119932,0.417242,0.503384,0.129189,0.080676,0.611072,0.544987,0.121194,0.237534,0.337897,0.325553,0.489393,0.369495,0.919800,0.297561,0.831193,0.357642,0.351140,0.200286,0.797211,0.866137,0.317239,0.056484,0.447059,0.724330,0.534825,0.333539,0.742280,0.195912,0.079105,0.777587,0.216852,0.393888,0.322481
SYN_BIGPN_0034,0,1,0,1,0.378239,0.317552,0.289511,0.098379,0.872189,0.104258,0.838988,0.738271,0.098044,0.321355,0.538368,0.604935,0.883982,0.195516,0.912559,0.932342,0.219142,0.111782,0.285647,0.436181,0.551620,0.477708,0.442957,0.789579,0.497139,0.520741,0.415174,0.453499,0.347245,0.901679,0.144553,0.789185,0.226706,0.851805,0.344429,0.915616,0.908310,0.105067,0.792156,0.162040,0.668909,0.566512,0.938623,0.446849,0.338348,0.724600,0.578769,0.475618,0.318468,0.859318,0.244806,0.240380,0.331567,0.721454,0.217277,0.259738,0.093027,0.075860,0.126782,0.852405,0.266665,0.056991,0.333761,0.372547,0.296255,0.929840,0.178552,0.316786,0.852751,0.139370,0.265099,0.193462,0.580176,0.455498,0.810810,0.338138,0.333116,0.803773,0.880903,0.518791,0.231757,0.831973,0.381581,0.737098,0.215533,0.176653,0.202291,0.279358,0.069837,0.230702,0.352922,0.248496,0.675565,0.578135,0.638517,0.687539,0.449140,0.288235,0.292970,0.201374,0.422481,0.255750,0.228574,0.574771,0.845836,0.224836,0.711081,0.595633,0.153143,0.155457,0.366316,0.210106,0.408472
SYN_BIGPN_0035,1,1,0,0,0.291123,0.413039,0.478263,0.761505,0.902230,0.883389,0.119562,0.730032,0.455385,0.050612,0.939874,0.814356,0.073305,0.834709,0.476605,0.582143,0.075813,0.054204,0.326197,0.737505,0.909178,0.267904,0.155811,0.392278,0.113687,0.645410,0.176572,0.158126,0.295324,0.191256,0.568660,0.404262,0.405709,0.206657,0.126455,0.443225,0.128422,0.897709,0.805364,0.563820,0.409271,0.938544,0.400420,0.406379,0.139988,0.564817,0.592839,0.360560,0.930176,0.730632,0.740632,0.805349,0.375019,0.631321,0.098534,0.299934,0.543482,0.293848,0.826787,0.685439,0.452596,0.631708,0.385814,0.080242,0.555890,0.610988,0.665071,0.054016,0.521226,0.804003,0.797737,0.259882,0.461501,0.624352,0.295786,0.061540,0.807296,0.237406,0.373506,0.797355,0.664198,0.445189,0.413255,0.363349,0.345656,0.719067,0.357583,0.571827,0.322527,0.652022,0.557030,0.665757,0.372004,0.947262,0.556510,0.167179,0.850882,0.189081,0.735173,0.942853,0.652148,0.442159,0.132866,0.080274,0.906239,0.884447,0.154058,0.812491,0.686644,0.386436,0.863873,0.432166,0.227014
SYN_BIGPN_0036,0,1,1,0,0.360936,0.538228,0.113434,0.475042,0.786245,0.851723,0.284568,0.604304,0.290245,0.811709,0.925686,0.373778,0.647465,0.187169,0.658039,0.616105,0.809077,0.777359,0.483551,0.427632,0.721400,0.503967,0.436011,0.617922,0.941624,0.758842,0.644940,0.212716,0.727836,0.434132,0.948627,0.425493,0.386999,0.181836,0.282724,0.216472,0.406974,0.797153,0.945648,0.436115,0.886686,0.716450,0.926404,0.272131,0.185734,0.358339,0.649317,0.928664,0.947147,0.856686,0.290186,0.303477,0.057921,0.658301,0.666028,0.181306,0.549896,0.082673,0.683054,0.884914,0.501697,0.156244,0.118312,0.426299,0.946395,0.634629,0.949740,0.882096,0.197224,0.113460,0.067362,0.381409,0.643237,0.703650,0.735754,0.556602,0.345325,0.811603,0.077353,0.211612,0.183721,0.655715,0.160390,0.085698,0.159423,0.406158,0.114485,0.146533,0.805350,0.586749,0.486040,0.897354,0.938532,0.304358,0.146502,0.460025,0.372812,0.108579,0.589998,0.100257,0.783952,0.559054,0.764723,0.096685,0.294134,0.538673,0.672990,0.059256,0.515658,0.510075,0.394698,0.708011,0.159553
SYN_BIGPN_0037,1,0,1,1,0.694539,0.326903,0.387090,0.682973,0.619484,0.209077,0.250986,0.057639,0.202645,0.052168,0.548078,0.439392,0.778824,0.603690,0.151793,0.335570,0.562677,0.144192,0.563929,0.597227,0.192005,0.557031,0.512223,0.537821,0.093621,0.167607,0.709205,0.348744,0.408754,0.657052,0.579460,0.325025,0.732739,0.449862,0.516404,0.278472,0.414558,0.556571,0.790284,0.296436,0.698259,0.434967,0.223890,0.768778,0.934035,0.113066,0.901999,0.496722,0.563357,0.359960,0.915723,0.612399,0.331162,0.410834,0.457854,0.402306,0.081927,0.880619,0.510575,0.712673,0.680934,0.912060,0.118866,0.622733,0.848157,0.658167,0.528713,0.819584,0.282288,0.880587,0.454246,0.557849,0.091516,0.117426,0.204067,0.734979,0.769598,0.259503,0.050637,0.156805,0.099014,0.264882,0.209919,0.336321,0.267550,0.761929,0.267254,0.755905,0.596624,0.083189,0.414605,0.079486,0.067742,0.628085,0.435832,0.252230,0.662179,0.456163,0.930930,0.750887,0.862363,0.788888,0.520019,0.416910,0.134247,0.621894,0.533604,0.697179,0.411458,0.320512,0.759270,0.241750,0.671305
SYN_BIGPN_0038,1,1,0,1,0.129334,0.657032,0.187799,0.641084,0.581636,0.856139,0.172394,0.087519,0.477253,0.136343,0.536328,0.526666,0.798217,0.731929,0.052303,0.777593,0.677894,0.825680,0.382692,0.757014,0.844264,0.531909,0.852926,0.489382,0.211201,0.712937,0.545610,0.707464,0.700917,0.828175,0.599240,0.851161,0.710340,0.695857,0.416776,0.709211,0.707054,0.067508,0.287691,0.148979,0.200307,0.269747,0.397004,0.564897,0.584120,0.081625,0.423223,0.820700,0.502286,0.659411,0.307626,0.590466,0.340127,0.244433,0.886884,0.728430,0.110387,0.619343,0.770950,0.647288,0.230259,0.284877,0.502609,0.650474,0.230631,0.128016,0.588780,0.496850,0.870470,0.647148,0.853564,0.807691,0.517949,0.236653,0.274521,0.604201,0.084504,0.863415,0.324030,0.190005,0.634290,0.699574,0.526169,0.397903,0.427494,0.382688,0.459800,0.101881,0.366758,0.488514,0.569331,0.573428,0.319649,0.465277,0.175010,0.875365,0.213471,0.517290,0.056172,0.288289,0.746676,0.309700,0.543651,0.566765,0.815456,0.352881,0.310095,0.271900,0.086607,0.118225,0.258567,0.921868,0.523087
SYN_BIGPN_0039,0,0,0,0,0.659346,0.654910,0.148544,0.732407,0.687520,0.943564,0.581100,0.861504,0.675745,0.737034,0.739464,0.938454,0.064950,0.597526,0.739778,0.298818,0.829947,0.676693,0.872258,0.687923,0.949363,0.901056,0.869778,0.522166,0.139408,0.076374,0.426296,0.402849,0.875405,0.184507,0.360298,0.656965,0.143244,0.695959,0.548552,0.254848,0.840934,0.382555,0.380587,0.516251,0.537072,0.529517,0.516316,0.557127,0.378831,0.462734,0.482577,0.332618,0.515292,0.704694,0.098093,0.329246,0.752574,0.648369,0.766299,0.068356,0.507099,0.543938,0.203425,0.859148,0.778941,0.475033,0.293458,0.940087,0.521079,0.723661,0.435657,0.254489,0.380215,0.446806,0.435838,0.586482,0.361887,0.523736,0.716411,0.456060,0.694178,0.474361,0.359700,0.634711,0.414898,0.158808,0.093225,0.089008,0.640194,0.787556,0.837194,0.870316,0.570676,0.428715,0.172011,0.167363,0.717300,0.944886,0.299486,0.790923,0.131631,0.285836,0.916072,0.683697,0.320621,0.851611,0.360603,0.940221,0.666814,0.573413,0.096032,0.644513,0.352569,0.782654,0.208073,0.671673,0.561930
SYN_BIGPN_0040,0,0,0,0,0.737410,0.926748,0.889032,0.305332,0.756011,0.127394,0.138148,0.390879,0.346420,0.872427,0.888447,0.812224,0.806131,0.326338,0.874894,0.602089,0.862058,0.364846,0.859491,0.790760,0.945826,0.127835,0.288660,0.460375,0.232539,0.263644,0.740019,0.233886,0.705247,0.202927,0.261516,0.585421,0.217821,0.777259,0.213756,0.064682,0.766093,0.113320,0.863795,0.734416,0.103091,0.392034,0.214075,0.584863,0.658969,0.849237,0.218483,0.096891,0.061493,0.386673,0.456749,0.534499,0.714813,0.555701,0.560659,0.809846,0.131335,0.831986,0.471867,0.767810,0.329789,0.884826,0.656560,0.216963,0.609618,0.907587,0.369921,0.563235,0.161660,0.845678,0.468497,0.598589,0.839987,0.363434,0.387178,0.609806,0.727578,0.340055,0.388996,0.747336,0.234504,0.665557,0.556537,0.494596,0.157903,0.660000,0.360889,0.421150,0.306406,0.342154,0.774272,0.265276,0.805940,0.422671,0.801902,0.386768,0.278872,0.367152,0.855934,0.495750,0.763890,0.334999,0.176616,0.525903,0.715035,0.558061,0.688836,0.473530,0.518632,0.498014,0.327186,0.689824,0.949325
SYN_BIGPN_0041,1,1,1,1,0.174775,0.327536,0.645883,0.555955,0.531456,0.785234,0.711610,0.279753,0.242873,0.863259,0.927862,0.802093,0.825497,0.155342,0.722624,0.935524,0.433254,0.449835,0.790298,0.598019,0.366925,0.369306,0.558586,0.202270,0.298944,0.757866,0.843875,0.805461,0.584256,0.876383,0.294250,0.451584,0.114957,0.749477,0.658161,0.097145,0.208571,0.093651,0.651370,0.430572,0.729038,0.221875,0.203779,0.298024,0.574420,0.671040,0.674707,0.892907,0.176208,0.740920,0.226479,0.653878,0.877639,0.588751,0.283401,0.635149,0.496765,0.221259,0.659362,0.136708,0.408776,0.944945,0.842213,0.452789,0.814836,0.584944,0.350691,0.221930,0.611511,0.433733,0.520322,0.165367,0.213680,0.428989,0.939295,0.083040,0.261843,0.778612,0.349628,0.760113,0.920570,0.678840,0.499159,0.186620,0.421523,0.087365,0.369017,0.553079,0.921910,0.314419,0.587408,0.262598,0.301516,0.511993,0.800161,0.626071,0.149952,0.627961,0.463669,0.875267,0.282903,0.675289,0.865782,0.345965,0.906052,0.307680,0.280222,0.744231,0.849526,0.129531,0.089530,0.140270,0.212378
SYN_BIGPN_0042,0,1,0,0,0.181499,0.581895,0.776083,0.825979,0.673154,0.682858,0.250304,0.141773,0.460533,0.055855,0.408349,0.356288,0.650628,0.197475,0.116118,0.578160,0.094399,0.601037,0.606765,0.173935,0.446767,0.765800,0.845887,0.153987,0.928016,0.309906,0.680273,0.642218,0.157582,0.179953,0.703176,0.672216,0.393131,0.459576,0.278634,0.376109,0.509952,0.352691,0.784062,0.708810,0.530367,0.717808,0.333158,0.223805,0.797310,0.544683,0.632614,0.111934,0.651102,0.696584,0.330465,0.236468,0.774043,0.107669,0.490552,0.782995,0.375611,0.795071,0.909754,0.391008,0.752933,0.053044,0.233193,0.082741,0.529608,0.224416,0.800123,0.301993,0.804439,0.436193,0.299963,0.751995,0.815607,0.165913,0.765100,0.772530,0.339633,0.564940,0.421463,0.154093,0.107827,0.811673,0.502683,0.389309,0.613368,0.242094,0.561591,0.943776,0.396773,0.686594,0.324371,0.791415,0.559844,0.676418,0.674198,0.228716,0.116252,0.378811,0.753016,0.941623,0.116062,0.608151,0.587760,0.649315,0.867720,0.569512,0.231947,0.493032,0.176984,0.699381,0.573774,0.203377,0.219762
SYN_BIGPN_0043,0,0,1,0,0.358676,0.438966,0.178306,0.364931,0.068597,0.435849,0.709819,0.296141,0.595697,0.110265,0.614749,0.675885,0.392091,0.309174,0.656963,0.056971,0.760727,0.419590,0.116188,0.779868,0.904649,0.132010,0.486537,0.439702,0.397930,0.162336,0.260572,0.067344,0.580059,0.836914,0.661498,0.599645,0.406200,0.545884,0.751754,0.648130,0.633132,0.598757,0.540726,0.532388,0.446924,0.118834,0.756206,0.279313,0.855166,0.396073,0.300979,0.727986,0.597896,0.228069,0.729369,0.492278,0.560859,0.082454,0.424329,0.396440,0.876469,0.408826,0.171585,0.608232,0.496806,0.761095,0.529607,0.408812,0.649697,0.871532,0.343148,0.387654,0.569076,0.913173,0.155234,0.821627,0.422284,0.163690,0.885632,0.539787,0.478225,0.811264,0.412525,0.722569,0.053468,0.620796,0.763165,0.327537,0.806628,0.489881,0.685015,0.818905,0.186432,0.834395,0.817768,0.426758,0.527922,0.205292,0.795159,0.330771,0.342216,0.858868,0.835771,0.825687,0.801804,0.505678,0.306823,0.772167,0.826567,0.907311,0.259755,0.634151,0.414737,0.094692,0.455558,0.432937,0.416430
SYN_BIGPN_0044,1,1,0,0,0.814618,0.138282,0.222983,0.595964,0.217483,0.619084,0.382473,0.168846,0.839149,0.543698,0.504155,0.179684,0.702118,0.794294,0.873128,0.305479,0.072358,0.448912,0.187069,0.464270,0.477458,0.340329,0.673826,0.063734,0.644141,0.595895,0.074196,0.901409,0.677478,0.362667,0.471763,0.421154,0.568474,0.296858,0.794810,0.659345,0.330136,0.531787,0.353363,0.812471,0.676791,0.714286,0.667363,0.848686,0.675750,0.870060,0.392471,0.153377,0.477191,0.786216,0.384303,0.659587,0.780489,0.476525,0.816804,0.158724,0.472295,0.784848,0.871350,0.097167,0.487333,0.649583,0.911980,0.416314,0.452691,0.285749,0.370600,0.420987,0.887041,0.857767,0.125751,0.080864,0.875609,0.605617,0.487719,0.157913,0.844541,0.436347,0.818101,0.813656,0.127262,0.405372,0.937851,0.114688,0.105589,0.305267,0.893512,0.761661,0.432254,0.346183,0.582121,0.843346,0.875193,0.831375,0.292412,0.543291,0.808400,0.521426,0.931676,0.427228,0.863486,0.181465,0.910765,0.198140,0.911288,0.436170,0.538568,0.526605,0.555966,0.278325,0.869936,0.679359,0.738880
SYN_BIGPN_0045,0,0,0,0,0.388041,0.465888,0.886895,0.223240,0.874416,0.404362,0.816697,0.863275,0.256178,0.895598,0.487025,0.915538,0.524126,0.582798,0.708449,0.571378,0.790018,0.775680,0.570746,0.082380,0.333435,0.223278,0.633655,0.158172,0.637357,0.721914,0.935282,0.486932,0.168377,0.506029,0.861814,0.068771,0.868361,0.175548,0.724003,0.252951,0.734395,0.076963,0.101035,0.692598,0.466314,0.771987,0.773920,0.680756,0.262661,0.888775,0.592714,0.841562,0.130564,0.120219,0.611123,0.381882,0.813283,0.799848,0.794104,0.345144,0.159620,0.403876,0.682756,0.432623,0.456958,0.197626,0.126752,0.710526,0.641934,0.352679,0.264032,0.878951,0.234444,0.189077,0.479782,0.493463,0.588368,0.188254,0.132314,0.825106,0.689774,0.506920,0.841219,0.788946,0.074533,0.189784,0.242062,0.527085,0.491104,0.890536,0.658653,0.103623,0.727156,0.406039,0.870925,0.377952,0.852573,0.686201,0.387071,0.260180,0.914755,0.707056,0.262259,0.642243,0.775097,0.310351,0.780262,0.102589,0.699364,0.426725,0.078345,0.329514,0.886058,0.898040,0.919507,0.819087,0.469117
SYN_BIGPN_0046,1,0,1,1,0.178805,0.778081,0.891862,0.764547,0.423622,0.370973,0.816268,0.755374,0.248412,0.736805,0.516350,0.704774,0.750081,0.464414,0.232946,0.484997,0.400139,0.120970,0.693337,0.207925,0.057410,0.813550,0.591149,0.296543,0.710328,0.075542,0.667716,0.286121,0.533096,0.545724,0.431734,0.428583,0.717665,0.935508,0.122812,0.852297,0.172526,0.162154,0.493653,0.455287,0.728922,0.912351,0.379914,0.708436,0.478485,0.813778,0.359560,0.303609,0.845338,0.065851,0.811076,0.837170,0.088069,0.263595,0.636575,0.445522,0.768830,0.855857,0.453801,0.121050,0.886557,0.744235,0.261535,0.471608,0.317833,0.235916,0.644657,0.714197,0.337056,0.575337,0.070800,0.348906,0.617549,0.244189,0.350250,0.362769,0.597061,0.221100,0.723891,0.208963,0.260341,0.657710,0.564044,0.284152,0.788083,0.208709,0.539346,0.608871,0.160521,0.158112,0.159916,0.112728,0.628671,0.220243,0.233902,0.487356,0.431121,0.910482,0.804091,0.583143,0.869490,0.256904,0.833840,0.353705,0.627066,0.167904,0.299462,0.826417,0.493388,0.170007,0.064998,0.443216,0.389848
SYN_BIGPN_0047,1,1,1,0,0.566528,0.496571,0.116191,0.731597,0.774129,0.095947,0.609096,0.864158,0.241748,0.602567,0.556446,0.537065,0.611483,0.512634,0.485153,0.703586,0.604692,0.138271,0.889716,0.060700,0.619147,0.277277,0.130510,0.909733,0.827926,0.185391,0.771786,0.740364,0.399883,0.527941,0.412384,0.403066,0.761194,0.344959,0.786493,0.466714,0.718896,0.310016,0.114606,0.900767,0.090127,0.329758,0.696951,0.509265,0.716682,0.232906,0.269304,0.559291,0.183281,0.337351,0.403276,0.143437,0.330947,0.142036,0.352875,0.129243,0.476368,0.330681,0.834507,0.230839,0.815900,0.337485,0.084298,0.601308,0.938999,0.786642,0.856566,0.801807,0.794569,0.269735,0.454549,0.907600,0.153729,0.064367,0.881634,0.889195,0.109396,0.559969,0.857789,0.209776,0.398255,0.388671,0.741250,0.100805,0.457997,0.583031,0.457512,0.687383,0.479638,0.273037,0.503736,0.172368,0.644193,0.319767,0.375850,0.787648,0.073513,0.851770,0.740204,0.071106,0.487620,0.068878,0.394403,0.935424,0.730555,0.514531,0.830254,0.638891,0.383726,0.678122,0.765206,0.237979,0.547412
SYN_BIGPN_0048,0,1,0,0,0.820981,0.850878,0.191054,0.191606,0.784714,0.750378,0.672068,0.364353,0.105373,0.289433,0.723060,0.075968,0.150875,0.636443,0.432970,0.629656,0.491880,0.497076,0.876373,0.874439,0.259769,0.236185,0.526809,0.465421,0.894744,0.296202,0.694312,0.616571,0.291564,0.737761,0.917167,0.693028,0.125685,0.164414,0.171771,0.071799,0.800398,0.438200,0.100531,0.388714,0.476890,0.823057,0.762685,0.109336,0.274426,0.873193,0.517375,0.570246,0.754715,0.928810,0.357243,0.185784,0.422445,0.926449,0.437414,0.633430,0.739393,0.583025,0.148155,0.745282,0.689169,0.175882,0.294164,0.667667,0.687483,0.122318,0.507137,0.550634,0.748500,0.076606,0.699557,0.108016,0.666734,0.672379,0.584161,0.685368,0.491436,0.231085,0.877084,0.082687,0.946180,0.272426,0.441257,0.156522,0.726931,0.643341,0.631370,0.478016,0.344368,0.312044,0.097431,0.378327,0.941733,0.496826,0.718159,0.653757,0.793979,0.082196,0.223073,0.163772,0.124812,0.618383,0.302123,0.289769,0.772381,0.279055,0.114661,0.593972,0.827298,0.198679,0.596525,0.260489,0.453384
SYN_BIGPN_0049,1,1,0,0,0.609946,0.496954,0.191774,0.097792,0.762762,0.168475,0.729026,0.894168,0.264446,0.928105,0.893268,0.165195,0.927508,0.859480,0.257269,0.670044,0.894092,0.573572,0.200733,0.691394,0.816744,0.784248,0.469790,0.159887,0.860603,0.944490,0.390442,0.920950,0.193447,0.676790,0.273941,0.775838,0.808059,0.068095,0.457519,0.328639,0.473250,0.150364,0.335961,0.728208,0.752600,0.280528,0.722957,0.826171,0.675867,0.751329,0.724432,0.176811,0.191603,0.630107,0.617027,0.435310,0.261446,0.345776,0.848853,0.541006,0.304494,0.262055,0.196312,0.137529,0.183684,0.643162,0.757727,0.603110,0.218945,0.311692,0.779560,0.275444,0.131577,0.072412,0.805442,0.465711,0.265602,0.586681,0.762122,0.462418,0.879825,0.152850,0.308050,0.453926,0.166735,0.558176,0.291382,0.264536,0.346826,0.164103,0.596530,0.474814,0.944846,0.096660,0.415862,0.921998,0.292318,0.851631,0.750176,0.096167,0.620378,0.059540,0.489580,0.141246,0.247935,0.238961,0.496336,0.888369,0.535356,0.097158,0.232228,0.478739,0.288401,0.927412,0.141834,0.755175,0.432339
SYN_BIGPN_0050,1,0,0,0,0.494676,0.733829,0.538934,0.838353,0.917847,0.333042,0.523308,0.233412,0.343653,0.611519,0.419199,0.669247,0.351025,0.333783,0.815611,0.513945,0.340046,0.584976,0.586178,0.228171,0.667981,0.735236,0.515128,0.707758,0.179649,0.087244,0.437738,0.172005,0.345879,0.553744,0.235602,0.233055,0.829822,0.108833,0.142151,0.852610,0.500208,0.322012,0.439870,0.135510,0.330902,0.705836,0.463494,0.069304,0.521340,0.498728,0.130976,0.918061,0.515013,0.741665,0.374839,0.193667,0.785573,0.545051,0.945610,0.778816,0.410447,0.236727,0.931006,0.466725,0.823065,0.548090,0.632599,0.075227,0.931811,0.928867,0.665622,0.497115,0.668305,0.638840,0.169954,0.443436,0.904572,0.478659,0.413520,0.881622,0.380075,0.454490,0.612968,0.888392,0.626226,0.272927,0.262161,0.062802,0.485476,0.756728,0.144890,0.504324,0.926831,0.652266,0.156597,0.752215,0.854308,0.323676,0.707290,0.297384,0.760112,0.398220,0.858190,0.833712,0.631725,0.260233,0.193848,0.117404,0.833165,0.681041,0.355561,0.573040,0.393261,0.617781,0.244988,0.072142,0.745353
SYN_BIGPN_0051,0,1,0,0,0.708009,0.657820,0.271807,0.303016,0.313276,0.203844,0.282119,0.815392,0.435638,0.424457,0.182962,0.083482,0.099719,0.207975,0.052505,0.373052,0.568160,0.438592,0.546163,0.670767,0.169318,0.462435,0.268873,0.398408,0.770287,0.174203,0.949345,0.834759,0.940091,0.362305,0.821454,0.446618,0.146195,0.277839,0.467771,0.243734,0.794354,0.703398,0.939711,0.059464,0.265880,0.334017,0.116083,0.164435,0.604839,0.801158,0.379214,0.852159,0.247522,0.910200,0.819497,0.772770,0.236796,0.571354,0.779589,0.766601,0.594245,0.935025,0.935191,0.783620,0.421664,0.772775,0.162809,0.638368,0.525670,0.686462,0.580517,0.414128,0.352847,0.103897,0.860706,0.692882,0.439247,0.847401,0.200280,0.154796,0.719044,0.285644,0.072652,0.238327,0.437471,0.947452,0.892080,0.243100,0.218777,0.296692,0.300322,0.505022,0.239392,0.654936,0.179416,0.698356,0.653148,0.354976,0.179604,0.264388,0.696557,0.077421,0.250999,0.468555,0.322835,0.213347,0.054992,0.092148,0.338931,0.618536,0.440229,0.393645,0.464184,0.832575,0.667661,0.348345,0.259759
SYN_BIGPN_0052,0,1,1,1,0.473001,0.597363,0.302486,0.804414,0.559676,0.806380,0.407822,0.608313,0.290804,0.716913,0.741058,0.465853,0.252239,0.597293,0.804355,0.099363,0.397414,0.870052,0.656773,0.812523,0.544284,0.769871,0.687972,0.497102,0.185747,0.269298,0.426711,0.313704,0.415792,0.580881,0.433007,0.095672,0.545279,0.074677,0.185212,0.580583,0.133630,0.290258,0.416225,0.068484,0.620236,0.811086,0.865387,0.520013,0.131730,0.446487,0.347965,0.156223,0.773694,0.887231,0.324119,0.062090,0.786114,0.108528,0.751264,0.251818,0.628917,0.453360,0.479913,0.449258,0.117347,0.203424,0.702767,0.832871,0.583946,0.800560,0.338178,0.562856,0.119226,0.203323,0.425359,0.570973,0.580450,0.228538,0.661318,0.870716,0.174932,0.384867,0.145911,0.364175,0.860547,0.319066,0.721578,0.418772,0.431367,0.251958,0.225053,0.597804,0.810082,0.615342,0.509652,0.095202,0.744179,0.107539,0.078008,0.277711,0.158990,0.844336,0.801514,0.789704,0.054839,0.908175,0.139891,0.367671,0.655210,0.575508,0.814155,0.896032,0.892187,0.730752,0.478403,0.914728,0.454010
SYN_BIGPN_0053,1,0,1,1,0.386133,0.798029,0.156069,0.712174,0.372529,0.139699,0.669857,0.733789,0.240862,0.835321,0.592479,0.754864,0.548499,0.671239,0.394745,0.100790,0.313965,0.261192,0.381560,0.428354,0.092143,0.466866,0.430137,0.544278,0.237656,0.169161,0.283459,0.173613,0.155379,0.920182,0.351211,0.626209,0.929748,0.329523,0.672699,0.685000,0.897411,0.107572,0.081028,0.190351,0.075922,0.609520,0.646823,0.124875,0.768481,0.639202,0.069830,0.169743,0.900232,0.687145,0.242102,0.597772,0.328751,0.484469,0.058695,0.831813,0.337336,0.520458,0.267803,0.817243,0.337329,0.478131,0.549464,0.490491,0.095107,0.115974,0.358589,0.092155,0.943291,0.880057,0.166603,0.882188,0.213378,0.481715,0.549476,0.528261,0.419020,0.126133,0.389251,0.573869,0.642921,0.924119,0.909645,0.312442,0.464624,0.227364,0.193511,0.104649,0.132609,0.108199,0.830881,0.442470,0.278573,0.663143,0.551180,0.639032,0.221052,0.290696,0.360029,0.878448,0.182898,0.247232,0.319987,0.759340,0.092542,0.643611,0.581549,0.869351,0.656135,0.813785,0.141427,0.795566,0.073792
SYN_BIGPN_0054,0,1,0,0,0.192762,0.353320,0.524341,0.734999,0.238470,0.806795,0.550688,0.846505,0.474848,0.694368,0.207565,0.453707,0.437411,0.943618,0.271063,0.935326,0.050730,0.368857,0.822483,0.654234,0.646619,0.485255,0.548665,0.149238,0.685745,0.860046,0.259554,0.576051,0.076624,0.848012,0.182104,0.727624,0.798668,0.321624,0.759981,0.773869,0.699371,0.589421,0.098291,0.471477,0.594672,0.579365,0.864318,0.794339,0.165137,0.827468,0.765522,0.153521,0.323212,0.675865,0.785124,0.893647,0.510053,0.712543,0.253122,0.377893,0.331387,0.574985,0.807055,0.521642,0.199701,0.335306,0.637530,0.262944,0.618889,0.359183,0.131483,0.433915,0.362513,0.630188,0.384566,0.711289,0.590049,0.265110,0.298126,0.332897,0.291598,0.105869,0.301235,0.917834,0.848420,0.527874,0.122180,0.085874,0.822875,0.464698,0.176444,0.595560,0.855439,0.830334,0.581016,0.590694,0.068296,0.886330,0.208135,0.053343,0.530209,0.641702,0.222232,0.934075,0.844849,0.598260,0.151441,0.865294,0.593169,0.611489,0.626275,0.230134,0.463950,0.800701,0.832825,0.488475,0.898332
SYN_BIGPN_0055,1,1,1,0,0.282643,0.887833,0.118977,0.848611,0.276326,0.361578,0.443596,0.451616,0.610277,0.108407,0.721957,0.596691,0.375996,0.300810,0.859745,0.176125,0.280060,0.087418,0.224499,0.730196,0.656135,0.140149,0.748612,0.107459,0.213068,0.556914,0.513828,0.272254,0.186954,0.277808,0.231418,0.626130,0.367868,0.546760,0.612086,0.940220,0.121360,0.926075,0.121496,0.925643,0.583246,0.468548,0.360855,0.824663,0.431862,0.197393,0.765265,0.670292,0.731537,0.443504,0.902797,0.382820,0.208976,0.168579,0.735904,0.894428,0.227802,0.538172,0.381679,0.093294,0.828525,0.372891,0.290095,0.117857,0.323817,0.076194,0.769232,0.528908,0.050437,0.745646,0.899621,0.696645,0.370797,0.882616,0.357163,0.671066,0.422241,0.107406,0.390052,0.507857,0.634989,0.947286,0.686102,0.795319,0.108121,0.831219,0.369100,0.807733,0.810193,0.642666,0.260014,0.703327,0.716408,0.264109,0.419303,0.743344,0.112207,0.434080,0.858153,0.358260,0.150095,0.825920,0.687401,0.759602,0.138534,0.212269,0.386958,0.085647,0.386197,0.320530,0.241864,0.861521,0.741434
SYN_BIGPN_0056,0,1,0,1,0.441914,0.384930,0.084783,0.925844,0.300057,0.890776,0.785404,0.138614,0.196743,0.640775,0.525923,0.796488,0.088538,0.330090,0.360932,0.685916,0.489564,0.260737,0.334671,0.604274,0.361245,0.055456,0.288730,0.492609,0.882054,0.677628,0.654850,0.645583,0.721896,0.294898,0.460395,0.208762,0.882501,0.422986,0.565607,0.121842,0.138015,0.149963,0.710212,0.910343,0.465340,0.343335,0.145700,0.705872,0.504371,0.125111,0.822058,0.825975,0.609737,0.287033,0.318567,0.158730,0.110837,0.209800,0.871782,0.784932,0.786875,0.376898,0.095962,0.634104,0.438505,0.713428,0.728247,0.249323,0.512492,0.347772,0.543370,0.344686,0.523585,0.310604,0.425549,0.562923,0.373688,0.837614,0.632962,0.655041,0.847860,0.453421,0.196673,0.745380,0.218948,0.543810,0.782265,0.056398,0.934203,0.641447,0.676836,0.769581,0.492728,0.786618,0.550868,0.388423,0.628436,0.784923,0.172553,0.501207,0.095687,0.094240,0.802948,0.256644,0.596477,0.182842,0.947646,0.412622,0.725562,0.366220,0.104265,0.487333,0.371360,0.056056,0.855956,0.264053,0.589962
SYN_BIGPN_0057,0,0,0,1,0.738302,0.309953,0.455477,0.409082,0.641878,0.480763,0.787334,0.483937,0.898345,0.656673,0.091216,0.260948,0.750254,0.616129,0.169069,0.806326,0.197689,0.125190,0.179396,0.920985,0.528741,0.933605,0.312483,0.533144,0.059760,0.806448,0.733034,0.575437,0.358483,0.100864,0.843682,0.156561,0.423892,0.548760,0.818877,0.887407,0.469194,0.544479,0.088662,0.350228,0.912141,0.079945,0.884813,0.739686,0.569699,0.723240,0.099534,0.735155,0.431465,0.942534,0.187133,0.949361,0.523797,0.777776,0.276215,0.736515,0.799253,0.895654,0.591863,0.738798,0.629662,0.437099,0.278731,0.324202,0.262023,0.569827,0.432008,0.854607,0.194120,0.113805,0.263559,0.901379,0.262997,0.100043,0.132071,0.378137,0.205666,0.434166,0.318688,0.120657,0.574727,0.572505,0.746802,0.747778,0.361766,0.343732,0.095834,0.605678,0.569730,0.477056,0.437456,0.690941,0.727486,0.856281,0.946984,0.084779,0.647090,0.440367,0.261447,0.152014,0.268493,0.543296,0.667802,0.538339,0.085535,0.467321,0.815102,0.429801,0.680614,0.732390,0.577522,0.186916,0.706293
SYN_BIGPN_0058,0,1,1,0,0.420925,0.737685,0.794887,0.264004,0.376856,0.593564,0.782325,0.862516,0.582740,0.286456,0.357514,0.186167,0.478556,0.864083,0.235119,0.373468,0.881735,0.380204,0.347936,0.445089,0.463120,0.435629,0.692689,0.433471,0.814673,0.490321,0.674027,0.317955,0.577118,0.479464,0.074392,0.273226,0.499314,0.177242,0.561319,0.745746,0.264682,0.356559,0.826275,0.391391,0.308552,0.434374,0.505343,0.444201,0.596739,0.515216,0.885212,0.364484,0.766092,0.166396,0.331348,0.550734,0.600447,0.427621,0.140077,0.872567,0.778323,0.889627,0.884048,0.079858,0.394694,0.597042,0.103562,0.555235,0.775190,0.734290,0.852578,0.828055,0.176353,0.070004,0.084890,0.534284,0.146009,0.675065,0.724925,0.273215,0.555286,0.408212,0.121251,0.267271,0.207343,0.928805,0.482544,0.707143,0.491831,0.402525,0.185815,0.785153,0.408900,0.692050,0.249663,0.804689,0.323867,0.230860,0.390523,0.248310,0.925448,0.920100,0.332137,0.860115,0.833482,0.919330,0.738770,0.079102,0.804645,0.704046,0.461197,0.077784,0.299226,0.503065,0.502934,0.119060,0.875061
SYN_BIGPN_0059,0,1,1,1,0.929190,0.792403,0.637226,0.363581,0.217757,0.259457,0.378561,0.452055,0.755990,0.710834,0.118712,0.928805,0.726588,0.302563,0.345972,0.725180,0.348770,0.050488,0.310168,0.474484,0.198297,0.711631,0.852024,0.684183,0.282461,0.319893,0.846674,0.336941,0.426814,0.106097,0.057839,0.326032,0.736686,0.583686,0.599728,0.662115,0.295576,0.561811,0.260362,0.811000,0.134932,0.907912,0.811765,0.128709,0.247832,0.874270,0.087982,0.306982,0.907432,0.728017,0.064594,0.054556,0.306724,0.079982,0.079148,0.361725,0.484848,0.736222,0.192464,0.863299,0.641062,0.876875,0.231046,0.477076,0.716621,0.940329,0.361460,0.438832,0.776795,0.874075,0.646907,0.262306,0.849587,0.122928,0.341564,0.313002,0.853899,0.926193,0.821589,0.240284,0.087508,0.307463,0.604003,0.098234,0.271380,0.290672,0.351627,0.163829,0.185021,0.651816,0.627904,0.355605,0.414045,0.406650,0.529261,0.618620,0.479460,0.389557,0.860684,0.407557,0.633709,0.498711,0.205617,0.208982,0.149908,0.546375,0.614508,0.521201,0.180739,0.687742,0.854107,0.190078,0.755987
SYN_BIGPN_0060,0,0,1,1,0.533108,0.170830,0.087447,0.436264,0.665215,0.668025,0.480651,0.613619,0.252575,0.614565,0.181132,0.382742,0.742771,0.449453,0.123733,0.813616,0.817594,0.600086,0.266889,0.247761,0.324971,0.834348,0.355892,0.495438,0.662290,0.603523,0.390660,0.752442,0.563480,0.268235,0.829550,0.804731,0.262149,0.729113,0.683494,0.360026,0.748939,0.915041,0.305186,0.829889,0.672961,0.159867,0.326940,0.695493,0.628694,0.931331,0.624353,0.649684,0.897153,0.747482,0.516603,0.629165,0.699920,0.483823,0.800855,0.326389,0.096758,0.445156,0.406439,0.335880,0.901851,0.303178,0.634635,0.613992,0.069179,0.432194,0.085887,0.782629,0.788671,0.214445,0.201189,0.350445,0.267462,0.286099,0.783053,0.340665,0.274749,0.094789,0.781639,0.499984,0.292439,0.720369,0.080499,0.843014,0.825210,0.463675,0.596814,0.669355,0.336134,0.268375,0.293624,0.219477,0.448234,0.636712,0.228350,0.766309,0.937399,0.413175,0.104068,0.752930,0.128251,0.548164,0.506831,0.589237,0.647682,0.485182,0.796105,0.934036,0.836307,0.248431,0.093928,0.261245,0.336557
SYN_BIGPN_0061,0,0,0,1,0.596572,0.450291,0.920246,0.749698,0.086852,0.096069,0.284296,0.784412,0.502949,0.845135,0.643045,0.147069,0.641914,0.272498,0.424072,0.076892,0.062708,0.388780,0.651752,0.101862,0.407159,0.059879,0.947666,0.056115,0.370776,0.150161,0.307460,0.811475,0.575569,0.137458,0.251509,0.329657,0.780148,0.267700,0.501170,0.347422,0.479812,0.101664,0.932327,0.507853,0.102252,0.397537,0.336795,0.885310,0.194396,0.391868,0.907095,0.778032,0.855533,0.128763,0.181415,0.421613,0.362315,0.057413,0.537004,0.285141,0.116884,0.223234,0.292786,0.548988,0.943425,0.564869,0.173193,0.399534,0.320936,0.821120,0.729300,0.147578,0.221397,0.518568,0.777477,0.881923,0.854522,0.143584,0.713067,0.443455,0.792113,0.842469,0.404845,0.056168,0.811031,0.314861,0.524039,0.125502,0.292976,0.239333,0.110738,0.348518,0.316838,0.661281,0.571279,0.243250,0.844732,0.391986,0.092224,0.941484,0.721452,0.053115,0.265192,0.181730,0.176088,0.584487,0.309404,0.766072,0.339312,0.941290,0.128761,0.113612,0.759665,0.275410,0.592572,0.666059,0.638583
SYN_BIGPN_0062,0,1,1,0,0.884942,0.849299,0.604240,0.436368,0.562241,0.905534,0.442745,0.751953,0.919813,0.498465,0.387206,0.794600,0.508192,0.676389,0.151967,0.287407,0.193998,0.222435,0.682632,0.311201,0.838975,0.118972,0.377015,0.691411,0.421653,0.777241,0.578724,0.878659,0.278179,0.694964,0.612811,0.754520,0.459339,0.368714,0.770172,0.774346,0.672751,0.867499,0.723095,0.301293,0.546084,0.298681,0.377912,0.532678,0.620038,0.614071,0.808428,0.758240,0.541925,0.859403,0.774989,0.727132,0.118646,0.552213,0.133000,0.327264,0.914330,0.131524,0.211988,0.904348,0.141355,0.502565,0.649410,0.369649,0.649319,0.191284,0.076712,0.602154,0.610172,0.877892,0.242425,0.457582,0.445122,0.059420,0.892453,0.855557,0.094555,0.166053,0.050218,0.117878,0.147114,0.701376,0.201304,0.439864,0.276654,0.293449,0.424290,0.782509,0.634449,0.854790,0.097183,0.147879,0.943943,0.406352,0.709714,0.729367,0.185511,0.769481,0.773908,0.507253,0.429090,0.555790,0.520417,0.566032,0.918761,0.784203,0.242108,0.484592,0.659654,0.183354,0.699427,0.642688,0.244360
SYN_BIGPN_0063,1,0,1,0,0.310394,0.720013,0.919767,0.373302,0.896408,0.531324,0.244671,0.358562,0.896129,0.565204,0.099932,0.281148,0.759467,0.928191,0.351698,0.219278,0.838602,0.690787,0.629969,0.738035,0.820541,0.822380,0.546690,0.876602,0.059992,0.378133,0.387514,0.696070,0.063656,0.674001,0.077476,0.306175,0.807555,0.529533,0.684349,0.449935,0.729424,0.367299,0.794352,0.354880,0.635595,0.470093,0.461957,0.226298,0.742230,0.666189,0.457310,0.296842,0.592512,0.915049,0.853690,0.841207,0.562735,0.194150,0.140582,0.335512,0.174733,0.127206,0.532627,0.630096,0.368710,0.488853,0.824927,0.788810,0.650251,0.222075,0.880093,0.202635,0.466400,0.648696,0.426301,0.527393,0.111585,0.269785,0.204332,0.230713,0.323028,0.730367,0.352199,0.322185,0.791684,0.760254,0.287887,0.462719,0.848212,0.780116,0.390067,0.789828,0.076126,0.181451,0.437519,0.052936,0.843559,0.694841,0.282461,0.334711,0.136835,0.290275,0.869902,0.772140,0.271155,0.224107,0.396699,0.423201,0.585640,0.496801,0.216298,0.733338,0.459935,0.093032,0.690247,0.310313,0.943763
SYN_BIGPN_0064,1,0,0,1,0.068706,0.888759,0.715199,0.816667,0.394427,0.804582,0.166423,0.104867,0.891074,0.760934,0.513824,0.551778,0.691334,0.426964,0.244837,0.526621,0.774071,0.448732,0.678704,0.422516,0.880470,0.326347,0.586826,0.101033,0.857723,0.399258,0.622119,0.683577,0.386216,0.566734,0.062953,0.539902,0.877217,0.342030,0.708971,0.147297,0.071068,0.167412,0.671394,0.820544,0.161871,0.807408,0.936290,0.339562,0.838570,0.306865,0.630577,0.348313,0.235220,0.920102,0.613491,0.063059,0.497513,0.802796,0.887448,0.626092,0.264716,0.275092,0.157206,0.787055,0.515235,0.765673,0.304812,0.584189,0.166304,0.708822,0.777216,0.733827,0.698652,0.065345,0.548225,0.896687,0.820215,0.302830,0.542074,0.252770,0.629785,0.607609,0.215437,0.147286,0.595546,0.239211,0.557492,0.462635,0.306480,0.536153,0.372473,0.688734,0.179902,0.368283,0.473116,0.288161,0.515114,0.494533,0.772563,0.673135,0.447784,0.154113,0.495614,0.303796,0.163283,0.175020,0.375767,0.787284,0.075215,0.691998,0.733846,0.286087,0.439183,0.175566,0.402971,0.275181,0.148431
SYN_BIGPN_0065,0,0,0,1,0.485012,0.246319,0.311422,0.180072,0.364340,0.768148,0.384235,0.474818,0.478244,0.532299,0.099875,0.347515,0.435298,0.429386,0.582716,0.321538,0.244919,0.409483,0.831210,0.650441,0.062600,0.511451,0.370390,0.424082,0.845833,0.611719,0.603634,0.584621,0.861871,0.078705,0.274622,0.309866,0.050242,0.533825,0.513228,0.884991,0.610214,0.057701,0.519016,0.307105,0.946020,0.937966,0.733960,0.579036,0.903205,0.415752,0.893821,0.127400,0.175000,0.151427,0.725021,0.583663,0.562002,0.941963,0.614701,0.262568,0.624124,0.084374,0.587989,0.283790,0.119496,0.934568,0.371291,0.507079,0.364400,0.450304,0.255006,0.427099,0.359765,0.575384,0.867513,0.415858,0.893108,0.600448,0.090528,0.634332,0.422259,0.583711,0.931371,0.867864,0.601669,0.204041,0.319772,0.806447,0.936973,0.238559,0.581549,0.500990,0.324794,0.931933,0.234947,0.112850,0.677276,0.285812,0.613142,0.820776,0.668488,0.472198,0.722268,0.873036,0.900578,0.535839,0.873999,0.568116,0.843341,0.747384,0.936505,0.079635,0.720309,0.086288,0.772920,0.848177,0.485506
SYN_BIGPN_0066,1,1,0,1,0.666968,0.388224,0.334308,0.804778,0.898648,0.758728,0.700815,0.899061,0.800559,0.837480,0.553686,0.222767,0.488433,0.208882,0.432383,0.664488,0.736781,0.066164,0.253021,0.811281,0.849925,0.288104,0.064522,0.051875,0.867659,0.218552,0.409103,0.262769,0.109493,0.886858,0.134728,0.821961,0.170670,0.252678,0.476580,0.238202,0.446844,0.145155,0.083418,0.168611,0.741142,0.536514,0.527713,0.797122,0.102487,0.890063,0.687305,0.301944,0.769086,0.750856,0.429228,0.621942,0.383346,0.063977,0.307181,0.397216,0.635808,0.218746,0.709171,0.453713,0.575076,0.124062,0.610703,0.334398,0.114510,0.386675,0.526317,0.129425,0.815173,0.080031,0.438779,0.895917,0.460197,0.878198,0.091532,0.351277,0.235110,0.564750,0.489646,0.672192,0.105164,0.537912,0.854534,0.444448,0.665275,0.089875,0.518790,0.297981,0.466822,0.718437,0.351455,0.840122,0.091405,0.186860,0.245512,0.946549,0.403475,0.095490,0.068174,0.697141,0.166953,0.516328,0.421401,0.781123,0.274016,0.814110,0.720116,0.258179,0.420540,0.069616,0.909475,0.195740,0.405584
SYN_BIGPN_0067,1,0,1,0,0.892311,0.204495,0.134112,0.722175,0.135760,0.796742,0.698321,0.458474,0.178569,0.247353,0.458228,0.788184,0.839361,0.411586,0.616357,0.636868,0.617249,0.356758,0.243134,0.821383,0.104353,0.363359,0.523195,0.837359,0.140717,0.228299,0.639188,0.328074,0.408266,0.208954,0.167887,0.875787,0.946948,0.155963,0.223992,0.151933,0.946305,0.396701,0.274449,0.759083,0.630110,0.511296,0.916617,0.501138,0.572146,0.225035,0.794760,0.452656,0.303533,0.428609,0.366926,0.172276,0.338807,0.779925,0.276383,0.240753,0.584316,0.854576,0.616565,0.781805,0.128881,0.066669,0.343289,0.783552,0.212168,0.563096,0.362808,0.173779,0.823618,0.057569,0.806584,0.564341,0.612046,0.487548,0.834896,0.621462,0.503588,0.311078,0.941825,0.396320,0.599006,0.138621,0.114917,0.453033,0.874306,0.760551,0.279042,0.366216,0.302483,0.459067,0.407057,0.717557,0.592146,0.136822,0.442289,0.815608,0.932030,0.472048,0.533673,0.614702,0.492964,0.724624,0.123388,0.736446,0.453943,0.623257,0.496624,0.527781,0.448923,0.458078,0.114377,0.073522,0.494091
SYN_BIGPN_0068,1,0,0,1,0.474624,0.690113,0.907711,0.409154,0.665210,0.130020,0.638556,0.396186,0.159682,0.144008,0.138772,0.290654,0.136857,0.905780,0.438160,0.114602,0.906642,0.644960,0.349164,0.346173,0.658525,0.917515,0.524756,0.542917,0.496422,0.688137,0.545017,0.691990,0.233265,0.435348,0.351023,0.422699,0.155355,0.847282,0.198876,0.296670,0.707296,0.564505,0.626527,0.648352,0.388601,0.946853,0.349232,0.521115,0.181517,0.205942,0.500108,0.248162,0.920252,0.599697,0.123660,0.276269,0.916962,0.453856,0.207649,0.826758,0.689231,0.377530,0.350626,0.140589,0.596173,0.707060,0.505033,0.661545,0.216561,0.687042,0.104897,0.463844,0.925014,0.107963,0.759913,0.444851,0.645161,0.664500,0.085256,0.509182,0.481067,0.271458,0.339364,0.136157,0.263710,0.303725,0.908947,0.200068,0.859512,0.948241,0.728626,0.321995,0.731347,0.140181,0.574100,0.744213,0.402997,0.304349,0.544237,0.138066,0.459555,0.612605,0.739895,0.203052,0.486150,0.621639,0.220170,0.429094,0.489974,0.344089,0.212928,0.582022,0.926294,0.801604,0.266300,0.566508,0.559354
SYN_BIGPN_0069,0,0,1,0,0.348949,0.479021,0.164832,0.644949,0.124586,0.274749,0.877143,0.452501,0.518797,0.294061,0.148658,0.837449,0.169243,0.343383,0.732591,0.772789,0.482688,0.777317,0.538296,0.384995,0.352375,0.764444,0.488594,0.360907,0.325492,0.835826,0.668381,0.798287,0.190087,0.619018,0.239053,0.393528,0.372606,0.317349,0.099904,0.154551,0.720984,0.184718,0.130927,0.145180,0.926647,0.774185,0.334607,0.144485,0.388688,0.117128,0.221622,0.597515,0.194274,0.459164,0.916044,0.170455,0.715240,0.642593,0.199228,0.370574,0.876987,0.059413,0.466932,0.753595,0.724148,0.895985,0.329022,0.236899,0.061807,0.816050,0.386604,0.069408,0.637804,0.809157,0.870516,0.082339,0.559151,0.387593,0.390216,0.280296,0.205585,0.646948,0.468863,0.701383,0.084272,0.801769,0.933822,0.824572,0.248324,0.912427,0.112539,0.257712,0.470144,0.843591,0.236916,0.833573,0.546558,0.567732,0.822020,0.409351,0.132266,0.303720,0.724702,0.140061,0.523218,0.383939,0.722592,0.929474,0.356194,0.783567,0.610839,0.168780,0.271136,0.907270,0.305178,0.296166,0.868947
SYN_BIGPN_0070,1,1,0,1,0.164098,0.688100,0.924684,0.653928,0.634660,0.328397,0.908892,0.563882,0.059531,0.420984,0.210885,0.661362,0.238362,0.261064,0.142638,0.904234,0.557410,0.075596,0.721462,0.947980,0.941946,0.149020,0.406067,0.493435,0.085919,0.846503,0.642861,0.080817,0.231170,0.722217,0.917573,0.341690,0.256791,0.095919,0.744404,0.582136,0.241734,0.769768,0.301083,0.314552,0.314201,0.440170,0.662911,0.379947,0.675558,0.629989,0.457654,0.466642,0.639913,0.506693,0.923376,0.692839,0.800044,0.413206,0.588228,0.183537,0.181093,0.097117,0.752858,0.152608,0.170243,0.703058,0.521328,0.864797,0.135132,0.471130,0.675975,0.785842,0.912000,0.155561,0.669350,0.428637,0.802739,0.845755,0.537273,0.119620,0.800566,0.515804,0.456256,0.797556,0.655582,0.836033,0.697688,0.357115,0.153441,0.776311,0.598133,0.533681,0.094949,0.818401,0.272001,0.253109,0.399602,0.375717,0.688087,0.517322,0.159460,0.226590,0.430580,0.313924,0.915556,0.160873,0.698952,0.811682,0.282846,0.949667,0.523173,0.661575,0.893472,0.274286,0.394264,0.499557,0.922478
SYN_BIGPN_0071,1,1,0,1,0.797853,0.752510,0.366107,0.515002,0.164912,0.266345,0.454335,0.680873,0.190009,0.359382,0.896172,0.591557,0.625917,0.732478,0.607434,0.736212,0.836683,0.835863,0.122462,0.455030,0.432993,0.372303,0.833450,0.608474,0.794176,0.912672,0.279598,0.850172,0.532286,0.781201,0.518626,0.804116,0.373475,0.940900,0.428593,0.261390,0.558907,0.890776,0.202529,0.400032,0.433435,0.196963,0.692853,0.765729,0.245293,0.812365,0.668514,0.770629,0.122093,0.111668,0.481074,0.630264,0.420283,0.625039,0.882501,0.877782,0.821598,0.808839,0.779554,0.542985,0.144111,0.931683,0.071422,0.812815,0.779572,0.475740,0.542826,0.096512,0.221577,0.389723,0.388137,0.051844,0.897179,0.716501,0.689875,0.252938,0.211799,0.917324,0.069959,0.881725,0.060828,0.716023,0.236055,0.052731,0.552829,0.469749,0.699982,0.916009,0.816398,0.810601,0.054161,0.424488,0.172656,0.060909,0.201226,0.727740,0.074058,0.324405,0.745551,0.904632,0.125188,0.460001,0.223717,0.724240,0.303557,0.852281,0.947586,0.518456,0.108380,0.890023,0.273855,0.152177,0.086813
SYN_BIGPN_0072,0,1,1,0,0.158207,0.780194,0.222230,0.713032,0.435390,0.757896,0.509354,0.633598,0.518484,0.283739,0.883302,0.151669,0.845300,0.594695,0.355363,0.219934,0.933628,0.519879,0.567111,0.643080,0.633872,0.112734,0.076203,0.600795,0.195378,0.578876,0.873336,0.541643,0.760066,0.632559,0.178376,0.824164,0.475946,0.556016,0.651090,0.924816,0.413987,0.484155,0.789868,0.762405,0.939770,0.713955,0.101306,0.617847,0.809893,0.529079,0.489920,0.753911,0.556122,0.455945,0.941640,0.438904,0.134782,0.339370,0.061521,0.440454,0.377832,0.176391,0.833927,0.449835,0.947462,0.213739,0.842730,0.401105,0.910847,0.622086,0.749422,0.333434,0.051684,0.369190,0.072944,0.084455,0.744674,0.106693,0.468894,0.458854,0.711941,0.835473,0.714919,0.577492,0.907932,0.799590,0.523824,0.660098,0.796240,0.300780,0.669579,0.660347,0.381422,0.408672,0.801801,0.229561,0.627647,0.820426,0.872892,0.626983,0.649520,0.725298,0.746207,0.302479,0.592367,0.316020,0.943037,0.501544,0.630768,0.485795,0.473308,0.853070,0.609746,0.314988,0.419360,0.867249,0.782298
SYN_BIGPN_0073,0,0,1,1,0.310445,0.466992,0.358645,0.723188,0.496025,0.452300,0.279204,0.592219,0.137521,0.103069,0.350004,0.167317,0.335303,0.281995,0.317921,0.641254,0.657907,0.205197,0.513212,0.917782,0.408691,0.193516,0.126331,0.300808,0.874078,0.410939,0.744893,0.564818,0.174423,0.674074,0.600873,0.210224,0.445693,0.531285,0.239553,0.842615,0.386582,0.873872,0.717178,0.155355,0.620662,0.119822,0.931039,0.323105,0.301792,0.404198,0.642130,0.158587,0.135101,0.756676,0.097190,0.744604,0.407348,0.757189,0.305284,0.358037,0.121731,0.175196,0.929344,0.553492,0.427614,0.490679,0.731353,0.405313,0.836361,0.588123,0.921170,0.637537,0.606784,0.121305,0.565968,0.236276,0.261459,0.219450,0.439533,0.687917,0.609649,0.534776,0.701549,0.411922,0.777194,0.612154,0.293384,0.417159,0.658163,0.592555,0.743690,0.440186,0.301156,0.834036,0.069446,0.585318,0.098172,0.149982,0.288637,0.638271,0.126366,0.461806,0.454369,0.947196,0.054351,0.443859,0.541551,0.827940,0.823050,0.391432,0.056761,0.786297,0.172012,0.912870,0.728887,0.752256,0.627323
SYN_BIGPN_0074,0,1,0,1,0.365524,0.512477,0.866932,0.900738,0.585942,0.607970,0.896223,0.892714,0.888092,0.268116,0.817505,0.138392,0.089946,0.850328,0.333773,0.597719,0.156289,0.687911,0.250971,0.722107,0.903501,0.740847,0.429564,0.572363,0.073248,0.243685,0.934587,0.215275,0.420988,0.218090,0.327215,0.647057,0.297112,0.860713,0.216208,0.388597,0.584082,0.281090,0.804549,0.648097,0.542657,0.589294,0.228317,0.140525,0.797444,0.231232,0.104833,0.257823,0.452384,0.818728,0.348346,0.815537,0.194522,0.167557,0.788394,0.106575,0.409848,0.332698,0.204460,0.086618,0.197528,0.579573,0.939823,0.529415,0.662147,0.946277,0.865800,0.743788,0.745203,0.709762,0.151909,0.479577,0.744281,0.247780,0.714598,0.678146,0.093732,0.739474,0.371353,0.721061,0.925911,0.846736,0.602150,0.240011,0.354601,0.854398,0.699473,0.535440,0.448465,0.391198,0.689989,0.734487,0.633984,0.651020,0.343608,0.845321,0.672987,0.369262,0.810485,0.307916,0.777309,0.097516,0.418237,0.199549,0.931374,0.511372,0.834581,0.767155,0.150727,0.874596,0.899373,0.136548,0.127638
SYN_BIGPN_0075,1,1,0,1,0.206706,0.071915,0.476049,0.177727,0.060604,0.693693,0.686680,0.883820,0.222556,0.129069,0.607140,0.297822,0.384194,0.523289,0.533438,0.066523,0.199085,0.248829,0.193659,0.719931,0.808926,0.243281,0.868884,0.894646,0.573017,0.663957,0.058828,0.712286,0.497298,0.159618,0.838350,0.509276,0.665732,0.401378,0.497701,0.554133,0.268890,0.684750,0.187613,0.135473,0.790466,0.565438,0.557448,0.412403,0.847930,0.700458,0.640143,0.150618,0.099155,0.825535,0.390865,0.135820,0.837018,0.064031,0.944612,0.485929,0.144225,0.840457,0.290992,0.420037,0.708783,0.673716,0.757730,0.841055,0.222858,0.874488,0.445104,0.150726,0.344567,0.902039,0.435139,0.408593,0.849804,0.420773,0.456444,0.226475,0.757440,0.066584,0.621821,0.705655,0.435343,0.587652,0.913328,0.693513,0.379924,0.263084,0.757653,0.390660,0.373562,0.568544,0.844570,0.471480,0.357881,0.637700,0.405360,0.736545,0.435904,0.407121,0.253401,0.713350,0.607830,0.106996,0.710679,0.170630,0.408812,0.143457,0.316296,0.645404,0.448545,0.413561,0.087508,0.626286,0.684293
SYN_BIGPN_0076,0,0,0,1,0.725446,0.539730,0.442356,0.286882,0.352218,0.723704,0.305335,0.738538,0.210563,0.809351,0.526854,0.560604,0.181225,0.940800,0.492871,0.804131,0.285737,0.200675,0.174979,0.186592,0.783769,0.904334,0.460595,0.772100,0.611244,0.712491,0.555070,0.937822,0.735386,0.747395,0.756675,0.920721,0.223349,0.111157,0.631661,0.171009,0.200502,0.268925,0.368687,0.806965,0.845235,0.656055,0.338460,0.773145,0.690417,0.275922,0.877881,0.142327,0.830793,0.372617,0.173229,0.650062,0.547369,0.468598,0.301973,0.875805,0.928819,0.267505,0.839800,0.461595,0.871786,0.210306,0.117169,0.410631,0.087425,0.556602,0.408570,0.154316,0.370742,0.208404,0.936290,0.825193,0.707730,0.077978,0.113962,0.445429,0.772441,0.802125,0.201171,0.287132,0.281819,0.426314,0.241758,0.145184,0.431766,0.284083,0.860412,0.710854,0.585102,0.509615,0.086909,0.579851,0.750064,0.137846,0.571815,0.162174,0.597461,0.669846,0.745406,0.637905,0.552850,0.827875,0.809629,0.231640,0.354252,0.112868,0.298594,0.116646,0.290219,0.937595,0.091529,0.318818,0.835453
SYN_BIGPN_0077,1,0,0,0,0.215986,0.051818,0.217157,0.937331,0.752633,0.213327,0.881749,0.291646,0.128648,0.614988,0.652724,0.320644,0.488656,0.111118,0.688683,0.358523,0.422666,0.566883,0.502238,0.635784,0.852968,0.260478,0.267326,0.766831,0.866267,0.516792,0.727762,0.242451,0.415030,0.318470,0.214674,0.880823,0.784142,0.810457,0.243315,0.589930,0.602779,0.371558,0.665212,0.497807,0.187521,0.393980,0.544834,0.839219,0.842335,0.757636,0.608483,0.408287,0.671667,0.426392,0.195179,0.623537,0.462078,0.434873,0.186297,0.319106,0.461805,0.082083,0.241096,0.816639,0.353827,0.143031,0.896215,0.306756,0.626671,0.801872,0.365729,0.182884,0.767998,0.387684,0.733462,0.126278,0.324663,0.555704,0.626984,0.396683,0.314316,0.071817,0.089915,0.451393,0.704755,0.897393,0.408777,0.530430,0.570652,0.569903,0.460035,0.780715,0.319118,0.564532,0.590313,0.674232,0.527493,0.242195,0.931226,0.866341,0.209420,0.177831,0.192307,0.433379,0.591877,0.348503,0.285851,0.650347,0.822792,0.605023,0.501408,0.904266,0.308863,0.421169,0.712221,0.217102,0.790486
SYN_BIGPN_0078,1,0,0,1,0.430279,0.410481,0.307761,0.853957,0.236242,0.490604,0.476112,0.718329,0.736998,0.078870,0.766727,0.611441,0.297395,0.194274,0.753571,0.611968,0.300106,0.933593,0.368911,0.262771,0.437820,0.691759,0.722767,0.071431,0.073726,0.340919,0.209923,0.883364,0.430882,0.768978,0.874499,0.909318,0.744122,0.301019,0.072768,0.444975,0.309388,0.333489,0.544839,0.419574,0.446453,0.677284,0.719368,0.675857,0.507065,0.344938,0.876997,0.798775,0.157423,0.152532,0.428278,0.858386,0.803769,0.162379,0.451641,0.168637,0.643668,0.505428,0.729876,0.501239,0.533864,0.780753,0.838818,0.786975,0.862892,0.073706,0.210174,0.591525,0.078238,0.711898,0.570646,0.923530,0.113840,0.071790,0.827787,0.097297,0.126802,0.478082,0.450842,0.138064,0.234511,0.484630,0.362817,0.906386,0.940213,0.647653,0.688118,0.491294,0.709000,0.577205,0.850872,0.527795,0.229030,0.261579,0.067306,0.255316,0.468574,0.626172,0.110191,0.107153,0.680700,0.829172,0.679117,0.166882,0.848807,0.075135,0.138115,0.488285,0.939202,0.613184,0.595460,0.712538,0.537792
SYN_BIGPN_0079,1,0,1,0,0.484200,0.709970,0.506588,0.275955,0.791692,0.802903,0.878849,0.747586,0.743483,0.827877,0.433298,0.548078,0.247795,0.742464,0.543063,0.570481,0.104516,0.824542,0.719790,0.632705,0.243453,0.751093,0.187677,0.079607,0.451669,0.867530,0.226745,0.309967,0.737013,0.901791,0.827662,0.536768,0.149781,0.318228,0.451159,0.284510,0.579611,0.084244,0.709997,0.665137,0.054843,0.456848,0.188468,0.136895,0.624559,0.198955,0.537629,0.484405,0.723162,0.134262,0.156892,0.173914,0.839307,0.533272,0.695000,0.160562,0.282879,0.371885,0.715887,0.255777,0.603771,0.692825,0.928465,0.303025,0.780791,0.882332,0.638642,0.087331,0.651504,0.890665,0.208066,0.450177,0.497951,0.875854,0.694734,0.706453,0.328974,0.525516,0.886232,0.600554,0.710275,0.580125,0.173583,0.861982,0.949116,0.091664,0.573314,0.373903,0.244707,0.929262,0.095915,0.897580,0.623291,0.870742,0.921180,0.734118,0.295667,0.884165,0.194210,0.389261,0.373811,0.138087,0.246467,0.659792,0.179483,0.101103,0.736778,0.669671,0.843065,0.732829,0.668409,0.801337,0.599910
SYN_BIGPN_0080,0,1,0,0,0.063360,0.677600,0.420328,0.332524,0.107721,0.422053,0.452684,0.725783,0.406042,0.625662,0.738100,0.728447,0.499809,0.900700,0.332602,0.440683,0.153812,0.491120,0.496558,0.082171,0.386567,0.634560,0.602339,0.794103,0.659496,0.666899,0.652505,0.194033,0.342893,0.138734,0.219317,0.281359,0.728563,0.466307,0.897057,0.463588,0.654416,0.488480,0.826086,0.663613,0.568891,0.098887,0.868245,0.517472,0.896098,0.152283,0.710438,0.603396,0.615312,0.948628,0.753734,0.312615,0.276142,0.370796,0.254407,0.325335,0.845709,0.211958,0.892885,0.126623,0.218242,0.168407,0.161469,0.142643,0.739333,0.865978,0.789363,0.826256,0.718007,0.173313,0.554264,0.657934,0.308390,0.374593,0.516006,0.479493,0.717973,0.765842,0.819928,0.179606,0.814869,0.158867,0.874089,0.518749,0.060089,0.195493,0.819216,0.918917,0.319668,0.456622,0.684350,0.161280,0.625164,0.688167,0.565215,0.917303,0.079838,0.672801,0.906680,0.405905,0.623259,0.564479,0.068553,0.413604,0.897348,0.564139,0.788028,0.529399,0.559781,0.695367,0.440448,0.569366,0.541792
SYN_BIGPN_0081,1,1,0,0,0.637542,0.369050,0.302557,0.099832,0.290255,0.458908,0.119869,0.734970,0.900761,0.313367,0.701995,0.652805,0.853573,0.871821,0.098270,0.635604,0.929441,0.727660,0.541817,0.822515,0.689009,0.458355,0.751453,0.597676,0.310512,0.534396,0.757222,0.625936,0.754153,0.874253,0.942588,0.148418,0.869174,0.155597,0.318572,0.612474,0.940332,0.365960,0.503879,0.369970,0.154432,0.148126,0.294383,0.051576,0.541322,0.128439,0.066748,0.793113,0.740334,0.915998,0.854494,0.116593,0.472633,0.543071,0.901168,0.134260,0.819960,0.865338,0.781625,0.437232,0.096105,0.882821,0.217889,0.765876,0.382289,0.542077,0.258130,0.144303,0.447901,0.490717,0.723729,0.740178,0.115158,0.555824,0.323487,0.457349,0.059554,0.358726,0.630090,0.946247,0.270272,0.795240,0.235017,0.279687,0.727113,0.062151,0.304398,0.712344,0.937736,0.868717,0.705792,0.530808,0.564622,0.322864,0.308873,0.784258,0.109996,0.074243,0.619732,0.662505,0.054844,0.928318,0.131009,0.833524,0.089710,0.727180,0.295933,0.635728,0.128475,0.063771,0.845408,0.844572,0.561368
SYN_BIGPN_0082,1,0,1,0,0.368876,0.161205,0.792125,0.096657,0.728999,0.707022,0.672601,0.303387,0.629651,0.262238,0.733131,0.193125,0.776443,0.845884,0.424244,0.811283,0.941711,0.263046,0.481880,0.300878,0.900872,0.235981,0.308624,0.799600,0.069968,0.329285,0.120263,0.724018,0.542147,0.196414,0.119470,0.598645,0.754167,0.435365,0.198825,0.822293,0.448704,0.805718,0.335847,0.527618,0.507287,0.457340,0.754826,0.215195,0.464529,0.873956,0.295789,0.567851,0.728117,0.811989,0.369000,0.277622,0.468862,0.692323,0.644186,0.601954,0.424716,0.295168,0.204414,0.563550,0.296340,0.326876,0.298792,0.198980,0.454110,0.311121,0.853030,0.392123,0.544304,0.205714,0.768016,0.889886,0.215033,0.156314,0.550718,0.889175,0.206928,0.679433,0.720698,0.667260,0.261816,0.837459,0.938672,0.246728,0.828807,0.885282,0.790605,0.072298,0.610791,0.138519,0.779465,0.791452,0.869071,0.192964,0.483691,0.620448,0.308700,0.441609,0.851477,0.084008,0.758075,0.185229,0.112558,0.651117,0.508971,0.193719,0.604874,0.090054,0.912100,0.352152,0.889761,0.506592,0.599721
SYN_BIGPN_0083,1,0,1,0,0.649514,0.267927,0.105871,0.735600,0.411035,0.066995,0.612945,0.773733,0.465205,0.109877,0.221760,0.200149,0.880198,0.736816,0.919856,0.828111,0.078164,0.128183,0.703263,0.799833,0.328274,0.376032,0.383781,0.489774,0.920134,0.866234,0.946875,0.546960,0.252643,0.772121,0.145666,0.470283,0.230273,0.570595,0.576412,0.256990,0.052014,0.100765,0.538865,0.124006,0.569549,0.884692,0.876851,0.704507,0.702494,0.422741,0.513207,0.666888,0.869053,0.872300,0.670765,0.265406,0.583199,0.856989,0.815812,0.932270,0.127485,0.350553,0.768607,0.071979,0.604278,0.110527,0.856504,0.130567,0.778014,0.600501,0.757805,0.430865,0.489355,0.505030,0.215076,0.065967,0.172842,0.320665,0.931755,0.640281,0.402783,0.370170,0.334029,0.201384,0.238691,0.264530,0.142812,0.725977,0.588168,0.933696,0.364009,0.623656,0.787471,0.213349,0.716386,0.533400,0.731492,0.938793,0.799761,0.907317,0.354090,0.916218,0.122733,0.660076,0.457264,0.949209,0.273089,0.442230,0.305101,0.258950,0.272929,0.245114,0.719719,0.813594,0.797954,0.889029,0.709291
SYN_BIGPN_0084,0,1,1,1,0.841127,0.548994,0.463456,0.471870,0.366035,0.365773,0.060481,0.278121,0.136489,0.255840,0.331176,0.474879,0.695177,0.416090,0.244233,0.379072,0.065038,0.622166,0.158521,0.200220,0.101951,0.568148,0.518756,0.192008,0.719876,0.204811,0.740631,0.141132,0.869323,0.936384,0.309603,0.622001,0.107192,0.847246,0.087196,0.380636,0.328703,0.781019,0.845185,0.355576,0.191020,0.115955,0.055715,0.589057,0.417701,0.609022,0.341964,0.318250,0.296754,0.808451,0.236832,0.654038,0.581033,0.479434,0.575149,0.080479,0.673195,0.878780,0.544233,0.935743,0.683583,0.608152,0.815669,0.168245,0.653354,0.819153,0.790359,0.422597,0.736977,0.556703,0.251265,0.868581,0.351405,0.162531,0.779438,0.542836,0.571853,0.713084,0.160014,0.843962,0.230030,0.051899,0.071431,0.566129,0.580052,0.864662,0.610643,0.477227,0.643395,0.058575,0.929093,0.177202,0.266211,0.527858,0.550159,0.263417,0.572014,0.607851,0.521813,0.935786,0.655845,0.699709,0.145270,0.159196,0.907145,0.126428,0.904503,0.365774,0.132444,0.474361,0.200230,0.059728,0.077238
SYN_BIGPN_0085,1,1,0,1,0.724839,0.175100,0.232899,0.619552,0.922962,0.370929,0.539448,0.583905,0.562592,0.455562,0.926017,0.514545,0.550870,0.878156,0.562137,0.131136,0.437799,0.627442,0.490239,0.190819,0.699126,0.173785,0.113331,0.516090,0.180230,0.670415,0.268119,0.464329,0.700911,0.306431,0.701332,0.657732,0.510651,0.347878,0.576674,0.621209,0.285567,0.448232,0.572799,0.896944,0.081625,0.120888,0.184061,0.173861,0.632852,0.203655,0.271656,0.685273,0.945627,0.519650,0.477210,0.592760,0.543301,0.346132,0.344036,0.258854,0.166483,0.604987,0.836210,0.525582,0.834578,0.158649,0.693336,0.326600,0.682771,0.632862,0.268454,0.814718,0.903464,0.445998,0.479451,0.172600,0.946414,0.253713,0.579171,0.851300,0.496558,0.453266,0.662597,0.619398,0.451656,0.076452,0.352998,0.158365,0.181208,0.174696,0.289160,0.280386,0.110939,0.378646,0.826854,0.057229,0.785705,0.125176,0.143570,0.197737,0.926844,0.944132,0.366303,0.641191,0.702467,0.460770,0.655959,0.703007,0.280553,0.515617,0.661946,0.136085,0.398919,0.829088,0.590417,0.505012,0.706376
SYN_BIGPN_0086,0,0,1,1,0.646362,0.648130,0.651022,0.254737,0.268448,0.643257,0.069229,0.322936,0.383925,0.278111,0.347214,0.741705,0.492755,0.686623,0.169619,0.433248,0.606828,0.323193,0.169871,0.257367,0.054742,0.885621,0.624515,0.530065,0.483655,0.858937,0.621094,0.817621,0.123306,0.560571,0.754321,0.237249,0.201169,0.681259,0.641262,0.805325,0.322110,0.815877,0.119027,0.613458,0.372138,0.822981,0.053057,0.854439,0.529209,0.804860,0.533412,0.083355,0.827230,0.765786,0.550983,0.644871,0.458028,0.713879,0.069842,0.887702,0.873106,0.281683,0.317711,0.094304,0.661079,0.631236,0.612191,0.695147,0.443248,0.767954,0.099890,0.413831,0.406384,0.342555,0.337251,0.576366,0.704272,0.451734,0.807601,0.718792,0.680910,0.172541,0.753285,0.298906,0.240591,0.335532,0.399941,0.392155,0.176143,0.269888,0.165963,0.153765,0.503962,0.114860,0.778443,0.278385,0.331047,0.898371,0.257530,0.359850,0.751879,0.644639,0.782826,0.732324,0.821233,0.330622,0.328759,0.576130,0.852722,0.436511,0.327754,0.675304,0.102432,0.824772,0.918334,0.515989,0.786503
SYN_BIGPN_0087,0,0,1,0,0.434206,0.079784,0.119094,0.056208,0.461558,0.194215,0.507157,0.167668,0.465600,0.162003,0.647374,0.725181,0.477964,0.113516,0.564960,0.684462,0.481142,0.861573,0.577923,0.542509,0.528941,0.606094,0.600804,0.699096,0.799437,0.362955,0.914806,0.806501,0.358010,0.190781,0.293663,0.371338,0.574127,0.338560,0.597104,0.241574,0.853715,0.269243,0.321978,0.149849,0.290953,0.883086,0.540301,0.745047,0.630270,0.275923,0.935234,0.170267,0.065323,0.724777,0.334323,0.246946,0.878748,0.208116,0.103305,0.672528,0.445515,0.058831,0.628940,0.064885,0.623658,0.795117,0.419705,0.838048,0.558156,0.523554,0.904108,0.633639,0.115910,0.109991,0.667678,0.473575,0.430866,0.684155,0.228709,0.311496,0.282707,0.787628,0.114191,0.685396,0.499320,0.526745,0.447018,0.560351,0.653604,0.176249,0.107408,0.124110,0.467237,0.402421,0.515553,0.093972,0.784601,0.401666,0.609035,0.666062,0.711044,0.576791,0.353432,0.352685,0.264912,0.453656,0.546437,0.616279,0.411295,0.632605,0.642871,0.243561,0.800681,0.360850,0.848028,0.052420,0.494457
SYN_BIGPN_0088,0,1,1,0,0.441377,0.310872,0.914254,0.923394,0.812382,0.450177,0.096422,0.088324,0.785252,0.741622,0.726444,0.080852,0.894105,0.560769,0.781312,0.576052,0.623545,0.294398,0.501027,0.448834,0.697374,0.264433,0.596792,0.699711,0.870725,0.814402,0.391706,0.247664,0.169831,0.733781,0.071242,0.624555,0.665643,0.534230,0.455661,0.265361,0.740298,0.941104,0.465225,0.068285,0.489483,0.914404,0.150799,0.726817,0.088732,0.202937,0.696042,0.199449,0.107115,0.661100,0.694035,0.737988,0.249038,0.862540,0.924789,0.214806,0.118053,0.704066,0.603926,0.315847,0.195414,0.354619,0.450075,0.296363,0.742406,0.399417,0.470065,0.709041,0.170596,0.428239,0.193673,0.715420,0.306878,0.318893,0.528440,0.601672,0.896204,0.513565,0.156396,0.481296,0.808986,0.359052,0.299309,0.102768,0.468540,0.664152,0.882173,0.113947,0.380547,0.226532,0.720053,0.618363,0.870133,0.823104,0.484797,0.083895,0.545839,0.117874,0.253913,0.680827,0.260028,0.712717,0.454534,0.778100,0.282965,0.315389,0.120649,0.923115,0.867309,0.575790,0.250422,0.821565,0.353398
SYN_BIGPN_0089,1,1,0,1,0.350166,0.077611,0.257382,0.168732,0.154910,0.486874,0.949208,0.556923,0.388187,0.183014,0.114332,0.796532,0.553388,0.618545,0.691058,0.234292,0.084476,0.608057,0.759856,0.257501,0.145089,0.474517,0.632681,0.762558,0.794581,0.558266,0.630280,0.219911,0.879910,0.674734,0.652788,0.334359,0.852025,0.148646,0.267353,0.492978,0.206569,0.215872,0.711391,0.541636,0.340964,0.196193,0.213582,0.602712,0.866838,0.304987,0.657452,0.342792,0.929184,0.175082,0.624935,0.716460,0.896547,0.098487,0.052264,0.659991,0.336725,0.683919,0.411100,0.063280,0.274927,0.121417,0.816463,0.842761,0.765240,0.103533,0.282460,0.567743,0.312320,0.055820,0.325382,0.409701,0.072717,0.411691,0.631407,0.573584,0.936386,0.908305,0.127617,0.747192,0.635663,0.470585,0.295796,0.824803,0.651921,0.348005,0.098096,0.881412,0.261123,0.921933,0.122377,0.096768,0.598502,0.881491,0.647522,0.114075,0.777851,0.619327,0.185091,0.462727,0.196485,0.122878,0.062075,0.492763,0.189545,0.446437,0.454964,0.063048,0.670792,0.499672,0.744672,0.078872,0.840828
SYN_BIGPN_0090,0,1,1,0,0.298514,0.928995,0.264192,0.471859,0.876518,0.837760,0.376233,0.923523,0.852171,0.509573,0.614625,0.591758,0.923915,0.105415,0.079738,0.369101,0.086088,0.417762,0.399596,0.313911,0.234487,0.344299,0.854123,0.082718,0.443957,0.523613,0.720792,0.667163,0.643224,0.109132,0.617441,0.214685,0.185321,0.353917,0.408305,0.178282,0.067323,0.202821,0.376514,0.382327,0.690921,0.258504,0.577127,0.190833,0.370489,0.068150,0.156588,0.653218,0.710170,0.722270,0.194389,0.592602,0.474704,0.646573,0.886130,0.248226,0.618030,0.693728,0.255458,0.675881,0.608224,0.311234,0.311580,0.548600,0.204792,0.299849,0.906557,0.573593,0.138013,0.949506,0.783114,0.151544,0.689238,0.910641,0.463447,0.318123,0.695259,0.841649,0.696601,0.728600,0.243639,0.090216,0.228246,0.132988,0.860120,0.784263,0.404878,0.078788,0.713518,0.173182,0.885125,0.655861,0.782193,0.498623,0.127297,0.050991,0.635208,0.876492,0.163552,0.209687,0.372199,0.240144,0.864059,0.446918,0.775184,0.468220,0.862962,0.129836,0.755402,0.847208,0.431774,0.267741,0.859239
SYN_BIGPN_0091,0,0,0,0,0.442879,0.221783,0.870498,0.759601,0.546441,0.922228,0.455534,0.355048,0.288012,0.221501,0.414951,0.326575,0.311477,0.270096,0.840670,0.923541,0.621193,0.484609,0.417035,0.591422,0.619189,0.225894,0.113935,0.849890,0.068117,0.418358,0.192938,0.855676,0.508283,0.253052,0.277288,0.849862,0.263835,0.705650,0.869245,0.265721,0.192148,0.143344,0.797432,0.612794,0.682337,0.284020,0.051272,0.637390,0.467888,0.694939,0.226422,0.327732,0.562245,0.282513,0.239647,0.126299,0.261365,0.120178,0.672689,0.173618,0.077534,0.934361,0.454027,0.498535,0.327855,0.588406,0.299740,0.182477,0.532091,0.944274,0.899514,0.920099,0.322315,0.777602,0.667592,0.766065,0.238301,0.075250,0.106174,0.720392,0.325101,0.909147,0.230833,0.242043,0.851989,0.104078,0.543074,0.364230,0.846030,0.110723,0.253312,0.129893,0.918522,0.092069,0.117776,0.738630,0.451792,0.779111,0.277935,0.818432,0.346416,0.604839,0.286860,0.740385,0.116519,0.054057,0.462921,0.709175,0.105609,0.050844,0.892421,0.494871,0.817456,0.902607,0.747099,0.700345,0.211665
SYN_BIGPN_0092,1,1,1,0,0.467549,0.180123,0.320846,0.326075,0.064293,0.304478,0.676849,0.169911,0.823904,0.827019,0.497814,0.691463,0.092834,0.935989,0.758468,0.797245,0.699726,0.921598,0.284505,0.374857,0.583918,0.496855,0.386167,0.118074,0.172412,0.419728,0.771638,0.254765,0.172661,0.565700,0.154949,0.080016,0.531534,0.287183,0.400185,0.163837,0.574557,0.540840,0.510457,0.814709,0.654248,0.635848,0.348022,0.475424,0.653820,0.718159,0.386506,0.281199,0.251501,0.818866,0.399741,0.548723,0.226938,0.128058,0.680270,0.804374,0.463313,0.298625,0.494996,0.084529,0.524339,0.232691,0.492853,0.595242,0.532440,0.207575,0.675517,0.803331,0.068445,0.356264,0.156404,0.543459,0.114592,0.581319,0.918720,0.050654,0.154687,0.899622,0.328930,0.306148,0.914146,0.124718,0.231180,0.946054,0.127441,0.308824,0.515258,0.674605,0.241336,0.153956,0.493242,0.768186,0.070860,0.866225,0.926342,0.592564,0.360677,0.299130,0.816274,0.935993,0.210986,0.796570,0.702478,0.744074,0.711950,0.940665,0.280632,0.372913,0.493456,0.673760,0.709270,0.342511,0.541968
SYN_BIGPN_0093,1,1,0,1,0.164063,0.632398,0.921397,0.542601,0.810548,0.230144,0.741299,0.783083,0.482944,0.710067,0.929231,0.116144,0.302783,0.936467,0.442746,0.519664,0.600740,0.256982,0.184787,0.138766,0.879716,0.408796,0.783901,0.726971,0.630400,0.898853,0.779574,0.227716,0.688160,0.180678,0.154573,0.547430,0.917126,0.400517,0.593669,0.250480,0.856528,0.574101,0.714441,0.486134,0.583587,0.228496,0.782453,0.200805,0.348182,0.183201,0.757363,0.284274,0.691025,0.071221,0.552069,0.396430,0.110320,0.637686,0.242414,0.336596,0.693530,0.893906,0.753474,0.357821,0.598959,0.249071,0.195230,0.065626,0.427327,0.473760,0.192318,0.323152,0.590558,0.649347,0.687094,0.565320,0.768207,0.338468,0.318549,0.846309,0.659389,0.717949,0.691996,0.731459,0.443132,0.595243,0.891971,0.624147,0.578403,0.892550,0.646931,0.912414,0.303077,0.771155,0.665719,0.176627,0.190824,0.446703,0.783801,0.697597,0.819093,0.541912,0.800120,0.427470,0.586129,0.467221,0.569521,0.583571,0.558700,0.358018,0.815195,0.680411,0.597106,0.722959,0.363087,0.921428,0.083869
SYN_BIGPN_0094,0,1,0,1,0.825306,0.603120,0.809854,0.104067,0.881981,0.430435,0.497128,0.559252,0.522767,0.283230,0.676815,0.491579,0.213355,0.376908,0.546987,0.052335,0.290162,0.594940,0.263896,0.127692,0.245482,0.904445,0.707387,0.696446,0.596934,0.241984,0.175155,0.370062,0.301860,0.853585,0.791558,0.588784,0.339437,0.730346,0.604856,0.856589,0.458093,0.940641,0.326411,0.364095,0.571046,0.311643,0.434028,0.499176,0.051375,0.909741,0.849997,0.722850,0.638187,0.861742,0.473040,0.859364,0.601646,0.862723,0.502014,0.512093,0.479933,0.655344,0.770016,0.268805,0.607795,0.165497,0.300818,0.568513,0.829704,0.345337,0.087987,0.822754,0.208058,0.857955,0.719324,0.628491,0.742551,0.530561,0.703250,0.798228,0.914048,0.936265,0.423943,0.826132,0.922827,0.708134,0.405228,0.335849,0.877851,0.416527,0.622852,0.174987,0.383172,0.916619,0.436007,0.731294,0.786186,0.111957,0.380026,0.831271,0.911137,0.948985,0.097983,0.697427,0.572577,0.220414,0.742648,0.085427,0.812496,0.858568,0.342906,0.170952,0.244099,0.149549,0.460441,0.112351,0.729769
SYN_BIGPN_0095,1,0,0,1,0.196675,0.345737,0.720314,0.149148,0.376057,0.464194,0.554174,0.142552,0.434629,0.397992,0.676923,0.923608,0.176913,0.897710,0.583330,0.875178,0.739588,0.676124,0.642100,0.607606,0.127965,0.061639,0.453210,0.147378,0.184170,0.732599,0.713973,0.596345,0.221941,0.669974,0.466810,0.380281,0.346575,0.256714,0.632050,0.865610,0.084887,0.890557,0.797144,0.728317,0.451456,0.391201,0.742511,0.171752,0.310392,0.248493,0.846931,0.802917,0.681873,0.360059,0.260991,0.685566,0.744496,0.137632,0.373108,0.535270,0.178098,0.616750,0.189460,0.656091,0.625029,0.619138,0.574145,0.762693,0.230490,0.704832,0.583677,0.789806,0.144560,0.431472,0.225637,0.155598,0.909013,0.407211,0.910989,0.176188,0.246834,0.200197,0.316882,0.089173,0.759958,0.088640,0.718067,0.843387,0.728982,0.233678,0.376797,0.698788,0.490545,0.288733,0.882202,0.659095,0.464703,0.598379,0.419602,0.729870,0.543430,0.673511,0.756139,0.741812,0.714240,0.470478,0.480661,0.155404,0.256809,0.792744,0.538951,0.592716,0.500613,0.890964,0.360168,0.146029,0.059844
SYN_BIGPN_0096,1,0,1,0,0.774087,0.131502,0.539702,0.698156,0.328470,0.645981,0.654036,0.940516,0.088758,0.653723,0.696840,0.445500,0.257662,0.656709,0.337318,0.868971,0.644507,0.546411,0.536389,0.291489,0.768239,0.140068,0.270769,0.373970,0.088660,0.260216,0.585889,0.650189,0.368358,0.697032,0.562774,0.141186,0.097542,0.484408,0.917349,0.099294,0.144638,0.303610,0.184906,0.476571,0.564601,0.942033,0.186818,0.804415,0.769816,0.740439,0.447231,0.737266,0.125229,0.503215,0.138481,0.429304,0.841265,0.309026,0.421914,0.194074,0.788010,0.481827,0.545558,0.769351,0.212195,0.781499,0.899865,0.736503,0.398189,0.408516,0.211668,0.108123,0.662965,0.395411,0.812053,0.124864,0.704508,0.949939,0.146819,0.250069,0.149708,0.066795,0.935993,0.170385,0.757703,0.869832,0.935822,0.809473,0.329101,0.367485,0.165825,0.561268,0.448284,0.332195,0.620344,0.631522,0.616849,0.271169,0.534948,0.215022,0.397279,0.404319,0.133825,0.135284,0.670821,0.586627,0.805056,0.393173,0.266267,0.919129,0.935177,0.160338,0.582073,0.681876,0.165805,0.546338,0.693851
SYN_BIGPN_0097,0,1,1,0,0.521556,0.888821,0.916698,0.518976,0.803484,0.910891,0.506076,0.841366,0.844852,0.776911,0.177562,0.270594,0.721052,0.759451,0.086780,0.823356,0.625892,0.266757,0.370989,0.446295,0.077579,0.457915,0.447065,0.689968,0.370957,0.557098,0.689122,0.242144,0.459069,0.767210,0.797292,0.063490,0.240794,0.432309,0.840485,0.912218,0.848360,0.892301,0.409989,0.194060,0.834067,0.108821,0.924892,0.215730,0.859601,0.415279,0.693375,0.864576,0.886848,0.658815,0.629208,0.056206,0.431492,0.396891,0.466685,0.849596,0.467571,0.319869,0.828064,0.323473,0.509508,0.272140,0.831710,0.723426,0.649864,0.262074,0.498711,0.648934,0.117056,0.724811,0.539132,0.351989,0.543998,0.897075,0.555739,0.782399,0.715118,0.874006,0.470636,0.068161,0.055211,0.468090,0.111013,0.783959,0.110824,0.788090,0.569171,0.740399,0.912523,0.877238,0.741345,0.392375,0.467178,0.811370,0.671052,0.882816,0.242971,0.687391,0.683368,0.299858,0.925383,0.067916,0.915009,0.830220,0.313170,0.290095,0.209206,0.346705,0.667579,0.873364,0.230021,0.308784,0.457255
SYN_BIGPN_0098,0,0,0,0,0.620850,0.346953,0.149190,0.280305,0.636344,0.232924,0.063396,0.771677,0.679736,0.783257,0.209738,0.657250,0.818290,0.733082,0.498514,0.395648,0.797971,0.899953,0.447461,0.146763,0.251848,0.155536,0.297266,0.811285,0.832383,0.172853,0.187952,0.595207,0.607856,0.439073,0.935258,0.470488,0.452291,0.204243,0.327181,0.266158,0.176839,0.094586,0.562939,0.500151,0.802379,0.354136,0.395907,0.847707,0.222482,0.156395,0.671398,0.553881,0.701394,0.475975,0.340403,0.358458,0.613253,0.909261,0.568715,0.372085,0.060272,0.652751,0.875748,0.563166,0.345271,0.276301,0.943169,0.490195,0.777210,0.784507,0.350244,0.749926,0.096312,0.632905,0.562847,0.640221,0.741595,0.148067,0.267509,0.478701,0.937992,0.069867,0.673945,0.946281,0.463920,0.890802,0.057716,0.529148,0.556021,0.717370,0.770970,0.661952,0.678930,0.212458,0.099268,0.539401,0.720133,0.687207,0.640316,0.744437,0.875810,0.639547,0.306991,0.470145,0.753251,0.203309,0.304141,0.269810,0.567963,0.220327,0.803832,0.175579,0.683243,0.920237,0.571590,0.841091,0.831674
SYN_BIGPN_0099,0,1,0,1,0.929662,0.541772,0.603314,0.808061,0.862156,0.579029,0.662311,0.286176,0.376516,0.630712,0.777987,0.477605,0.769307,0.948697,0.097753,0.736730,0.695122,0.541538,0.785948,0.180304,0.398552,0.234256,0.152170,0.594899,0.513205,0.604856,0.252617,0.516555,0.481304,0.080511,0.382490,0.833400,0.294371,0.802905,0.792351,0.631136,0.618438,0.445253,0.406751,0.686951,0.716332,0.238905,0.160960,0.310566,0.719127,0.905178,0.084841,0.562034,0.731923,0.836719,0.532284,0.274116,0.850183,0.368179,0.684487,0.862606,0.528983,0.926560,0.624753,0.535010,0.657866,0.656554,0.907151,0.247442,0.390689,0.125565,0.166647,0.766396,0.274686,0.810986,0.607734,0.599975,0.942473,0.891124,0.909791,0.579106,0.849042,0.577803,0.247745,0.240166,0.888570,0.070360,0.829433,0.250216,0.901058,0.391954,0.120148,0.273300,0.568252,0.567667,0.583829,0.496760,0.052412,0.614114,0.338588,0.213499,0.557921,0.656777,0.635499,0.151072,0.126081,0.755929,0.093630,0.921264,0.120845,0.231356,0.555417,0.587002,0.466918,0.198446,0.075991,0.232929,0.298826
SYN_BIGPN_0100,1,1,0,1,0.448894,0.901889,0.089534,0.426994,0.890751,0.499408,0.869304,0.559412,0.752979,0.202533,0.317671,0.858063,0.291853,0.801186,0.378291,0.846554,0.708174,0.098744,0.746230,0.701270,0.948270,0.723148,0.477863,0.633236,0.907701,0.174953,0.608839,0.508529,0.317184,0.675044,0.875110,0.330774,0.615742,0.718696,0.432449,0.685003,0.562073,0.318592,0.490964,0.367072,0.553523,0.938324,0.830100,0.630547,0.273311,0.265120,0.888711,0.473989,0.652710,0.352573,0.246211,0.818351,0.491053,0.281304,0.531453,0.537861,0.622239,0.079683,0.543280,0.173918,0.426505,0.627732,0.813792,0.643494,0.116916,0.583226,0.850479,0.740242,0.902753,0.571836,0.819587,0.478227,0.713897,0.644475,0.776576,0.318206,0.083866,0.363557,0.510239,0.311109,0.644341,0.056016,0.309188,0.876211,0.937547,0.166321,0.333419,0.460379,0.869597,0.656768,0.582787,0.423316,0.118934,0.125474,0.543933,0.916056,0.264313,0.325568,0.637645,0.405822,0.753954,0.099076,0.865956,0.857727,0.340567,0.205314,0.810992,0.132346,0.827615,0.515433,0.451268,0.463503,0.150118
SYN_BIGPN_0101,0,1,0,0,0.580435,0.587084,0.738265,0.468918,0.369666,0.532148,0.407322,0.096767,0.355951,0.581774,0.364210,0.766983,0.673551,0.860824,0.487181,0.829806,0.067552,0.364317,0.313395,0.915009,0.889194,0.343365,0.705373,0.550123,0.911481,0.378596,0.282568,0.524652,0.231678,0.849226,0.659069,0.717834,0.176381,0.657805,0.469292,0.219435,0.732285,0.070749,0.723952,0.455786,0.551738,0.195025,0.282224,0.302658,0.737964,0.503372,0.662792,0.315807,0.386017,0.523880,0.068315,0.872242,0.730909,0.813511,0.462298,0.209532,0.683782,0.928895,0.122127,0.587551,0.749233,0.115057,0.369197,0.729390,0.373392,0.500831,0.497953,0.199864,0.561994,0.388959,0.323472,0.195741,0.430175,0.073195,0.556760,0.660874,0.830444,0.347996,0.065501,0.185008,0.675052,0.783350,0.331049,0.328719,0.137272,0.473878,0.556161,0.397673,0.786044,0.582202,0.696281,0.440482,0.901055,0.223707,0.363958,0.617333,0.139170,0.844234,0.437942,0.722398,0.824376,0.734397,0.526226,0.733610,0.686535,0.845913,0.330918,0.250946,0.359709,0.449542,0.773808,0.313534,0.098060
SYN_BIGPN_0102,0,0,1,1,0.676142,0.142306,0.143442,0.440575,0.328126,0.195859,0.147825,0.388521,0.536034,0.841995,0.162491,0.409512,0.514417,0.573653,0.928486,0.846076,0.545271,0.728464,0.675684,0.499387,0.606776,0.368644,0.564285,0.184450,0.122435,0.799540,0.880332,0.658691,0.258266,0.605702,0.345853,0.207888,0.573895,0.429336,0.556241,0.116565,0.576915,0.729388,0.907567,0.127672,0.753167,0.056922,0.897444,0.548987,0.552982,0.768297,0.321520,0.462210,0.730625,0.685327,0.806739,0.393020,0.854909,0.370628,0.120583,0.414249,0.709268,0.537509,0.255030,0.808652,0.343330,0.084974,0.586619,0.341915,0.307747,0.079594,0.762103,0.513068,0.882647,0.756756,0.618100,0.263286,0.346504,0.434945,0.303700,0.139939,0.339473,0.413109,0.429956,0.428564,0.748767,0.263828,0.755801,0.259035,0.720486,0.872345,0.158487,0.859750,0.499574,0.784308,0.462444,0.603847,0.515202,0.182408,0.533746,0.331527,0.460653,0.313388,0.202641,0.479731,0.472593,0.194732,0.483008,0.932102,0.800053,0.062303,0.447409,0.568867,0.695109,0.494952,0.414583,0.490501,0.298883
SYN_BIGPN_0103,0,0,0,1,0.369138,0.340807,0.828377,0.942062,0.429939,0.453798,0.318430,0.878285,0.084080,0.247422,0.947951,0.736168,0.716788,0.062101,0.754082,0.255022,0.778357,0.544141,0.501848,0.437318,0.673789,0.720680,0.482785,0.132628,0.465598,0.739162,0.684021,0.665568,0.383378,0.712583,0.747818,0.247311,0.576134,0.659418,0.185061,0.366673,0.493731,0.238716,0.202907,0.665837,0.400097,0.198600,0.293508,0.295112,0.262373,0.881630,0.852238,0.252519,0.863646,0.666050,0.213700,0.329408,0.052571,0.089678,0.689471,0.933758,0.660069,0.617167,0.723826,0.068094,0.590193,0.617843,0.911318,0.582776,0.114018,0.630129,0.722747,0.110620,0.401678,0.892876,0.243523,0.491281,0.848738,0.719161,0.765895,0.748691,0.283879,0.093050,0.742126,0.915424,0.193509,0.076372,0.298260,0.133908,0.181608,0.812289,0.856531,0.839944,0.602116,0.740520,0.388737,0.647475,0.260785,0.468419,0.155983,0.090154,0.787721,0.081110,0.074318,0.405657,0.135916,0.056251,0.524048,0.085621,0.627459,0.130489,0.468178,0.107711,0.624169,0.100487,0.746445,0.620044,0.157022
SYN_BIGPN_0104,0,0,1,1,0.938614,0.336751,0.934111,0.203478,0.114630,0.632294,0.211605,0.071808,0.911623,0.876884,0.079295,0.836542,0.703705,0.529935,0.763648,0.312945,0.585224,0.778302,0.371386,0.192180,0.066682,0.090906,0.789014,0.788127,0.367516,0.463274,0.262180,0.889991,0.626920,0.877790,0.214402,0.414932,0.709510,0.428071,0.743188,0.652013,0.454878,0.520887,0.183196,0.855869,0.644230,0.942865,0.392472,0.799283,0.849366,0.456078,0.792161,0.727252,0.505701,0.084845,0.341049,0.911960,0.703385,0.836946,0.300781,0.104571,0.407052,0.771776,0.276499,0.457437,0.574770,0.615694,0.720657,0.857938,0.545325,0.942379,0.927732,0.466728,0.879836,0.473666,0.143736,0.308631,0.269345,0.166758,0.201805,0.913751,0.828554,0.432126,0.662611,0.591083,0.805250,0.944186,0.619736,0.314304,0.281976,0.615601,0.688665,0.585481,0.943895,0.097085,0.510339,0.599092,0.828814,0.493633,0.316445,0.908188,0.403448,0.185308,0.195884,0.289673,0.794160,0.348590,0.191011,0.796676,0.497811,0.213530,0.871554,0.116456,0.836217,0.557158,0.728312,0.540156,0.262503
SYN_BIGPN_0105,0,1,0,1,0.243176,0.525028,0.309067,0.153159,0.650256,0.702711,0.135190,0.278303,0.053870,0.376723,0.423278,0.774077,0.720488,0.772832,0.180427,0.785601,0.771086,0.636676,0.139509,0.674398,0.717610,0.582118,0.439429,0.839070,0.807599,0.280763,0.698555,0.783706,0.639626,0.877633,0.786878,0.131563,0.599082,0.305710,0.084965,0.912776,0.240103,0.207217,0.376664,0.724847,0.439652,0.712460,0.268796,0.244219,0.918150,0.276635,0.666261,0.392751,0.600347,0.155347,0.561810,0.596182,0.287873,0.902543,0.818088,0.725024,0.073395,0.804423,0.854690,0.369735,0.229447,0.583981,0.590244,0.354591,0.784185,0.438998,0.526443,0.737543,0.176078,0.546744,0.784682,0.081587,0.187528,0.090744,0.698735,0.501600,0.709677,0.151233,0.221668,0.929299,0.610512,0.845712,0.407175,0.443900,0.510393,0.643936,0.702063,0.577280,0.428592,0.127340,0.640003,0.910931,0.740618,0.921754,0.816691,0.410152,0.053247,0.442880,0.849134,0.103809,0.786271,0.841237,0.251807,0.681674,0.517708,0.399250,0.943512,0.437723,0.490893,0.063560,0.245819,0.270334,0.576078
SYN_BIGPN_0106,0,0,0,1,0.644931,0.561235,0.103676,0.690345,0.153613,0.900689,0.757129,0.108218,0.074698,0.820379,0.838466,0.242373,0.716194,0.785479,0.760338,0.295301,0.196602,0.243637,0.229461,0.418709,0.071993,0.825401,0.267534,0.662801,0.766385,0.222608,0.508096,0.635488,0.376343,0.812280,0.630515,0.332501,0.087047,0.834870,0.614462,0.760982,0.362209,0.937202,0.097158,0.925730,0.407337,0.883169,0.782705,0.865658,0.909960,0.296639,0.351465,0.228034,0.485174,0.089244,0.102091,0.894753,0.698101,0.581457,0.065154,0.236402,0.821519,0.082742,0.806564,0.544169,0.751057,0.598557,0.672022,0.111402,0.740962,0.774787,0.778087,0.086146,0.262177,0.840405,0.649376,0.623509,0.394000,0.379684,0.677912,0.081204,0.226021,0.109253,0.323045,0.333755,0.671586,0.183109,0.383605,0.143568,0.260564,0.390387,0.855320,0.383579,0.189185,0.207305,0.131504,0.743184,0.633275,0.784083,0.214772,0.749938,0.315355,0.647402,0.900618,0.172857,0.179363,0.339677,0.533779,0.243874,0.816991,0.208643,0.780960,0.369207,0.155755,0.130095,0.628967,0.156949,0.402515
SYN_BIGPN_0107,1,1,1,1,0.230114,0.849530,0.757017,0.110338,0.219324,0.062065,0.521824,0.337489,0.444507,0.355231,0.784737,0.112059,0.910769,0.216942,0.167594,0.361230,0.580041,0.743759,0.248021,0.697632,0.270426,0.229537,0.136717,0.097240,0.253264,0.667727,0.567395,0.742772,0.459461,0.822258,0.577476,0.470885,0.566438,0.453663,0.055295,0.780818,0.113633,0.215090,0.440871,0.089719,0.642083,0.686104,0.948518,0.379651,0.281258,0.091750,0.732408,0.628579,0.762891,0.339815,0.305818,0.253540,0.470837,0.075689,0.656506,0.748441,0.108034,0.416397,0.655882,0.186381,0.943351,0.592843,0.086867,0.648975,0.591229,0.634969,0.224410,0.374423,0.056490,0.420885,0.363434,0.330821,0.109588,0.521677,0.451348,0.421487,0.805624,0.339779,0.622435,0.719808,0.437889,0.937965,0.910759,0.742127,0.251881,0.312755,0.412960,0.270164,0.815165,0.326985,0.219599,0.058804,0.881301,0.421934,0.175481,0.135148,0.050912,0.069516,0.179621,0.781119,0.273047,0.085979,0.788986,0.504311,0.405277,0.280086,0.778312,0.409090,0.613304,0.859474,0.215980,0.202950,0.778674
SYN_BIGPN_0108,1,1,1,1,0.752084,0.088774,0.659501,0.129681,0.212876,0.942329,0.070981,0.584530,0.266121,0.931934,0.556501,0.745845,0.245781,0.058159,0.261497,0.201075,0.747757,0.645777,0.288679,0.081618,0.727444,0.665542,0.312309,0.373721,0.362701,0.384576,0.080294,0.513708,0.271149,0.740817,0.576788,0.156509,0.791113,0.278240,0.493434,0.710674,0.318443,0.212604,0.297263,0.220918,0.604074,0.770026,0.680755,0.172472,0.784402,0.088153,0.760744,0.074568,0.637422,0.076154,0.544597,0.170831,0.669391,0.079463,0.284485,0.644701,0.655185,0.752250,0.802014,0.212668,0.361879,0.922801,0.869905,0.320451,0.825661,0.837074,0.393995,0.878127,0.228126,0.538454,0.579196,0.122552,0.651947,0.343167,0.645087,0.219870,0.875770,0.391473,0.562569,0.835167,0.231607,0.490707,0.393753,0.358771,0.571169,0.790639,0.573326,0.940331,0.411126,0.759678,0.261792,0.579041,0.247453,0.864383,0.744147,0.933013,0.171469,0.722937,0.535503,0.385526,0.403310,0.727299,0.481290,0.095478,0.607674,0.821982,0.593563,0.836043,0.639475,0.481788,0.205546,0.095056,0.699839
SYN_BIGPN_0109,0,0,0,1,0.136333,0.113840,0.640646,0.330444,0.558952,0.171913,0.597579,0.455671,0.514215,0.740796,0.733070,0.584039,0.758694,0.414309,0.428144,0.851270,0.692092,0.237878,0.132819,0.836065,0.066326,0.560699,0.735518,0.718092,0.508106,0.754143,0.239109,0.945499,0.797963,0.355465,0.098395,0.348216,0.943713,0.264391,0.527530,0.384144,0.542605,0.248553,0.094873,0.862548,0.626824,0.639656,0.776704,0.629723,0.259034,0.460012,0.904658,0.922522,0.277541,0.508533,0.422121,0.557700,0.542721,0.796693,0.701251,0.678227,0.526765,0.762770,0.527667,0.163148,0.726992,0.429853,0.917833,0.710268,0.715007,0.750997,0.507882,0.719720,0.125570,0.906359,0.200902,0.640502,0.789540,0.492537,0.538171,0.511889,0.875813,0.573183,0.252420,0.590621,0.944880,0.051831,0.195328,0.646773,0.695603,0.308210,0.737269,0.849405,0.829212,0.089534,0.672415,0.391490,0.750999,0.083929,0.574769,0.865827,0.874567,0.755018,0.609024,0.207742,0.908550,0.198797,0.793521,0.410978,0.782502,0.078468,0.102371,0.494461,0.546440,0.181994,0.397507,0.635981,0.773930
SYN_BIGPN_0110,0,1,0,1,0.342575,0.928808,0.436900,0.902693,0.371392,0.622382,0.593618,0.824217,0.665125,0.900364,0.113122,0.848233,0.137065,0.067290,0.576200,0.247833,0.419502,0.100004,0.618455,0.359942,0.660080,0.156477,0.338590,0.895329,0.062431,0.757306,0.613407,0.184823,0.351082,0.584574,0.100842,0.528549,0.830592,0.712887,0.338814,0.155595,0.802687,0.846403,0.764105,0.588808,0.089083,0.082995,0.483266,0.384954,0.162216,0.609798,0.922290,0.348109,0.185172,0.559445,0.712079,0.266166,0.703660,0.474071,0.443365,0.398324,0.584259,0.363607,0.814744,0.608330,0.839053,0.535102,0.059854,0.829690,0.635179,0.400923,0.241570,0.926452,0.407847,0.502749,0.669578,0.790566,0.254858,0.677258,0.551387,0.331844,0.929541,0.205057,0.309328,0.604392,0.718617,0.934695,0.770526,0.723610,0.312227,0.613614,0.811272,0.473180,0.924042,0.649043,0.265239,0.900450,0.286353,0.754847,0.862527,0.701256,0.157334,0.701886,0.647924,0.292951,0.587188,0.115982,0.231000,0.487381,0.496435,0.065583,0.404404,0.791835,0.760388,0.445214,0.909303,0.858586,0.462739
SYN_BIGPN_0111,1,1,0,0,0.583149,0.211408,0.787057,0.197891,0.260595,0.588434,0.607632,0.848829,0.548732,0.108112,0.247303,0.526915,0.217328,0.824965,0.379556,0.673138,0.709418,0.509457,0.839111,0.892555,0.103916,0.339148,0.889164,0.110388,0.630536,0.765656,0.397803,0.277940,0.124929,0.802445,0.875406,0.338487,0.528260,0.661441,0.796829,0.760817,0.246000,0.706340,0.091510,0.135335,0.152815,0.078073,0.735631,0.570257,0.593871,0.345008,0.112354,0.733536,0.124849,0.792918,0.662810,0.907638,0.401356,0.105171,0.394587,0.247364,0.696151,0.651805,0.170838,0.763250,0.185817,0.634528,0.794287,0.584114,0.881042,0.358399,0.531191,0.372336,0.146417,0.918448,0.184561,0.749120,0.448572,0.785042,0.367153,0.584373,0.110184,0.369278,0.216999,0.290144,0.365502,0.841226,0.668545,0.920974,0.210795,0.420925,0.541595,0.696244,0.201247,0.803557,0.546565,0.773672,0.726667,0.328985,0.656601,0.343437,0.904697,0.680203,0.635543,0.468059,0.298755,0.391665,0.933056,0.148654,0.078355,0.374609,0.113083,0.766334,0.533436,0.840054,0.949209,0.912958,0.258255
SYN_BIGPN_0112,0,0,1,0,0.253843,0.401435,0.635006,0.925552,0.597355,0.846557,0.403445,0.844138,0.623047,0.214176,0.789813,0.347419,0.914405,0.060236,0.683646,0.232672,0.650648,0.871845,0.064555,0.331732,0.638232,0.265171,0.473253,0.197726,0.855481,0.100150,0.355257,0.629678,0.810424,0.098995,0.191884,0.685884,0.810692,0.948655,0.837617,0.053570,0.165504,0.668209,0.684688,0.562658,0.713657,0.542915,0.586411,0.186178,0.316531,0.247983,0.302294,0.420837,0.838796,0.653063,0.870170,0.770552,0.225853,0.906050,0.452218,0.445102,0.123812,0.229863,0.437777,0.889321,0.523294,0.122307,0.119232,0.751997,0.598493,0.776628,0.668689,0.599451,0.839988,0.632735,0.208359,0.213730,0.084814,0.076306,0.478844,0.375599,0.264911,0.072064,0.521497,0.303928,0.246463,0.570664,0.808942,0.529580,0.065546,0.353316,0.505852,0.268471,0.202902,0.636642,0.847935,0.126836,0.772371,0.940822,0.803859,0.497163,0.368607,0.946631,0.506757,0.636203,0.814975,0.072734,0.268255,0.703207,0.504792,0.369079,0.251591,0.577480,0.471489,0.176542,0.172887,0.489862,0.302827
SYN_BIGPN_0113,0,0,1,0,0.387982,0.866354,0.421200,0.124234,0.263340,0.469873,0.779169,0.768903,0.409915,0.737845,0.141438,0.156518,0.394177,0.875715,0.394253,0.666478,0.688318,0.509797,0.714204,0.391108,0.542008,0.160680,0.186902,0.059513,0.464699,0.904216,0.894954,0.411205,0.118810,0.440483,0.906972,0.160268,0.362932,0.208224,0.206645,0.608244,0.157659,0.339105,0.350882,0.538121,0.305802,0.218729,0.144509,0.691567,0.900684,0.450282,0.090330,0.412442,0.591188,0.573223,0.157392,0.806587,0.137419,0.385523,0.810845,0.802656,0.346294,0.090394,0.514852,0.396722,0.411793,0.801491,0.231916,0.906611,0.801565,0.056475,0.733968,0.131998,0.401464,0.465638,0.919159,0.470711,0.850821,0.562967,0.687872,0.476346,0.383207,0.171658,0.429106,0.756525,0.284756,0.619256,0.074646,0.578403,0.855027,0.639925,0.736882,0.312581,0.489038,0.845199,0.065280,0.273116,0.887306,0.513207,0.911911,0.229451,0.771263,0.745722,0.135494,0.865924,0.251863,0.732786,0.884901,0.947092,0.527676,0.753912,0.172933,0.902810,0.407511,0.260829,0.463178,0.648154,0.428946
SYN_BIGPN_0114,0,0,1,1,0.803164,0.492567,0.186549,0.142213,0.915738,0.824992,0.676272,0.559671,0.437468,0.324116,0.425121,0.504243,0.256446,0.157725,0.155462,0.374470,0.115799,0.373081,0.416561,0.461666,0.802623,0.224108,0.450603,0.227798,0.474959,0.609373,0.226256,0.379092,0.118591,0.899740,0.563099,0.196296,0.851710,0.786034,0.058393,0.684911,0.181613,0.623651,0.750415,0.130075,0.390229,0.889338,0.422371,0.943682,0.314709,0.693261,0.172696,0.139844,0.336242,0.941749,0.094530,0.428812,0.232514,0.755977,0.670983,0.638798,0.919798,0.625021,0.526380,0.637807,0.614179,0.914970,0.742977,0.609759,0.543774,0.932642,0.415634,0.350616,0.656155,0.634878,0.799383,0.154148,0.439085,0.322701,0.225524,0.057831,0.406577,0.262830,0.446941,0.461254,0.471597,0.861489,0.457218,0.857458,0.269638,0.467735,0.294349,0.925766,0.350838,0.462725,0.286069,0.276335,0.366934,0.445987,0.572749,0.788704,0.409220,0.600145,0.645836,0.344718,0.930807,0.504756,0.745699,0.214061,0.294537,0.916649,0.796073,0.621925,0.707511,0.293488,0.617615,0.762796,0.719292
SYN_BIGPN_0115,1,1,0,1,0.337315,0.889295,0.849054,0.945498,0.804187,0.735066,0.647231,0.712106,0.310356,0.372715,0.298884,0.054300,0.561598,0.541118,0.450661,0.102471,0.371455,0.125009,0.387850,0.282767,0.248977,0.212700,0.369454,0.174492,0.227516,0.712583,0.362024,0.804270,0.163455,0.209815,0.413579,0.558997,0.568073,0.424173,0.537086,0.465320,0.569567,0.881862,0.421463,0.186216,0.939132,0.726076,0.713997,0.919051,0.067702,0.639352,0.923188,0.552595,0.352883,0.916696,0.739783,0.882418,0.561998,0.739667,0.901444,0.916346,0.256961,0.902126,0.228155,0.076066,0.123541,0.307536,0.418097,0.861439,0.193515,0.755610,0.317540,0.802768,0.351354,0.801044,0.541389,0.122769,0.880350,0.483371,0.197732,0.619440,0.514205,0.132534,0.365048,0.908434,0.512746,0.881466,0.102982,0.427307,0.770014,0.271895,0.679796,0.093425,0.578829,0.879884,0.870991,0.933293,0.064653,0.668345,0.441012,0.594087,0.891013,0.673508,0.772383,0.179821,0.143218,0.936075,0.454730,0.533777,0.508537,0.259631,0.890680,0.094825,0.690798,0.750511,0.496976,0.878819,0.815795
SYN_BIGPN_0116,0,1,1,1,0.543442,0.695911,0.052026,0.096703,0.466345,0.267192,0.740431,0.224231,0.640714,0.226582,0.385317,0.454532,0.722298,0.169783,0.437688,0.601709,0.141121,0.325913,0.364510,0.403170,0.441645,0.162547,0.178318,0.357925,0.077088,0.673765,0.284954,0.358704,0.647270,0.759645,0.738304,0.864625,0.467737,0.175205,0.306157,0.377543,0.901694,0.879098,0.586913,0.348562,0.642842,0.369016,0.587146,0.358199,0.657677,0.898562,0.140291,0.586728,0.825172,0.257539,0.410247,0.334455,0.092214,0.621356,0.255011,0.812622,0.308749,0.149933,0.110286,0.250085,0.242903,0.781384,0.369686,0.253090,0.232908,0.182568,0.137280,0.728009,0.573616,0.946262,0.301885,0.711649,0.747482,0.431299,0.799636,0.100789,0.900791,0.233525,0.645959,0.836912,0.825628,0.611112,0.454914,0.847981,0.288845,0.463225,0.105588,0.880001,0.816557,0.926858,0.386595,0.272922,0.389267,0.900251,0.292385,0.943336,0.144225,0.590318,0.128268,0.710891,0.455603,0.170739,0.486005,0.163578,0.173797,0.484582,0.696620,0.808467,0.399178,0.591399,0.826188,0.063517,0.838501
SYN_BIGPN_0117,1,0,1,0,0.721816,0.683705,0.476297,0.289305,0.428761,0.786060,0.630111,0.642404,0.945134,0.935331,0.711094,0.586425,0.604736,0.124408,0.612723,0.831772,0.129907,0.809781,0.714104,0.591870,0.881885,0.910665,0.159585,0.403759,0.634073,0.522357,0.319508,0.262206,0.933890,0.346610,0.719035,0.174585,0.263785,0.598817,0.314560,0.087465,0.883162,0.425981,0.536829,0.456942,0.173292,0.666463,0.714979,0.839051,0.235454,0.562493,0.560605,0.351399,0.198881,0.083683,0.698591,0.399330,0.461117,0.679427,0.769096,0.060743,0.137489,0.090870,0.445423,0.221338,0.786926,0.471847,0.674766,0.056528,0.172842,0.312528,0.682640,0.267969,0.759357,0.488333,0.844905,0.439846,0.756049,0.929913,0.709932,0.101744,0.419220,0.216391,0.484994,0.471333,0.764181,0.219439,0.271000,0.191871,0.672322,0.737063,0.613104,0.125271,0.430650,0.198627,0.118909,0.196191,0.418460,0.532955,0.341931,0.401516,0.755268,0.818528,0.214719,0.641864,0.338807,0.135970,0.633470,0.358516,0.750615,0.831804,0.557296,0.069830,0.730807,0.188943,0.509080,0.881680,0.739194
SYN_BIGPN_0118,1,1,0,0,0.689272,0.720096,0.348948,0.629308,0.929724,0.557661,0.411634,0.848208,0.775087,0.567491,0.341290,0.539947,0.701760,0.880607,0.788744,0.834769,0.198807,0.881923,0.270951,0.256639,0.399359,0.053233,0.109499,0.257118,0.861555,0.209071,0.919747,0.217455,0.253391,0.432345,0.622759,0.308213,0.928000,0.217717,0.614877,0.358825,0.769598,0.690330,0.168089,0.889180,0.306395,0.471872,0.104550,0.471829,0.266423,0.677262,0.094151,0.383805,0.869899,0.145157,0.135755,0.103955,0.360060,0.741413,0.407172,0.891330,0.661616,0.374289,0.446987,0.293818,0.316283,0.279785,0.439990,0.889691,0.545387,0.233002,0.679320,0.135547,0.160865,0.482201,0.566376,0.943445,0.612749,0.645616,0.082630,0.563681,0.704457,0.632228,0.324254,0.942632,0.490925,0.508416,0.528691,0.751256,0.504454,0.481504,0.382940,0.494617,0.064366,0.621639,0.885428,0.359415,0.533662,0.678872,0.274753,0.568402,0.377230,0.337741,0.915742,0.205137,0.611482,0.553532,0.389335,0.831674,0.094275,0.571699,0.559380,0.216033,0.467864,0.678358,0.422878,0.587504,0.241826
SYN_BIGPN_0119,1,1,0,1,0.705456,0.182284,0.767489,0.368221,0.486793,0.766914,0.517520,0.347831,0.876909,0.628772,0.453952,0.316832,0.231961,0.418085,0.095360,0.739069,0.849724,0.681510,0.947765,0.908404,0.229318,0.401946,0.257565,0.713118,0.168972,0.222816,0.322432,0.343391,0.277670,0.282138,0.475778,0.745556,0.432627,0.686416,0.753610,0.148465,0.234308,0.657334,0.404686,0.675230,0.195237,0.328268,0.940734,0.359958,0.664295,0.421088,0.737461,0.249057,0.935293,0.172283,0.099540,0.911666,0.366781,0.626253,0.948705,0.154547,0.903238,0.850381,0.220342,0.827312,0.331373,0.247438,0.794064,0.184294,0.853341,0.443044,0.701612,0.341795,0.682906,0.069753,0.934021,0.455907,0.387792,0.050656,0.607396,0.729846,0.460421,0.188160,0.077808,0.713793,0.454920,0.442329,0.875107,0.487485,0.089123,0.263558,0.515983,0.898875,0.241322,0.415865,0.069048,0.792465,0.316278,0.151469,0.293000,0.503316,0.835323,0.165286,0.671323,0.274620,0.677483,0.943176,0.937174,0.872153,0.401084,0.883622,0.120720,0.481259,0.611139,0.771223,0.670373,0.797486,0.543656
SYN_BIGPN_0120,0,1,0,1,0.582922,0.548640,0.605963,0.378636,0.767357,0.172562,0.155137,0.611299,0.499791,0.242240,0.261637,0.216891,0.157081,0.423514,0.442823,0.393667,0.211192,0.854954,0.377559,0.544589,0.330937,0.100799,0.847887,0.343431,0.389021,0.396887,0.892493,0.421898,0.628452,0.113972,0.068515,0.447427,0.073128,0.797988,0.447203,0.848240,0.532091,0.789494,0.145909,0.415125,0.253001,0.382961,0.940488,0.627888,0.337696,0.222330,0.533238,0.460811,0.245853,0.914504,0.456389,0.100309,0.813505,0.798748,0.268248,0.628870,0.202617,0.171662,0.832595,0.761995,0.079881,0.181800,0.581149,0.396179,0.643329,0.296544,0.283829,0.074644,0.913095,0.818808,0.689289,0.549196,0.736870,0.866958,0.512584,0.096698,0.282218,0.288531,0.533808,0.878358,0.790304,0.092565,0.326027,0.311889,0.318105,0.461379,0.310710,0.940350,0.442092,0.567966,0.828909,0.615165,0.535732,0.405317,0.414781,0.857911,0.162676,0.122943,0.592655,0.713831,0.624393,0.597572,0.372863,0.193751,0.835396,0.065982,0.850297,0.384588,0.555365,0.629250,0.568387,0.878729,0.723212
SYN_BIGPN_0121,0,0,0,1,0.345869,0.514774,0.510836,0.137183,0.562200,0.869393,0.776001,0.593492,0.872583,0.096717,0.392814,0.335216,0.262722,0.237701,0.381267,0.405805,0.761701,0.896520,0.568085,0.540155,0.066661,0.787065,0.400588,0.498458,0.858037,0.805684,0.497936,0.515574,0.265668,0.752701,0.723737,0.801365,0.149422,0.856945,0.948876,0.949023,0.314359,0.917951,0.670948,0.503501,0.653548,0.913261,0.658117,0.333536,0.845160,0.579626,0.537595,0.423304,0.406963,0.756499,0.092246,0.442040,0.296941,0.619825,0.326735,0.495505,0.676060,0.258857,0.270953,0.515130,0.702515,0.050548,0.374558,0.663062,0.711479,0.665795,0.050651,0.074012,0.686196,0.529907,0.775821,0.259345,0.154952,0.345983,0.876864,0.358811,0.262939,0.365797,0.608130,0.376187,0.095156,0.332270,0.252428,0.427941,0.818496,0.718871,0.864627,0.883631,0.487416,0.934211,0.887776,0.325671,0.924183,0.722683,0.540037,0.535882,0.789014,0.385826,0.449882,0.081336,0.839189,0.920912,0.883463,0.278844,0.203356,0.449377,0.133690,0.081078,0.134733,0.567871,0.278850,0.397634,0.111983
SYN_BIGPN_0122,0,1,0,1,0.914667,0.218367,0.744843,0.278794,0.669598,0.616900,0.417057,0.643331,0.333146,0.837813,0.866628,0.612568,0.312680,0.417233,0.624327,0.614466,0.454159,0.710404,0.707747,0.663585,0.388351,0.581840,0.100561,0.277216,0.485633,0.654211,0.743897,0.650558,0.182771,0.189464,0.269591,0.239876,0.179600,0.629050,0.528722,0.201195,0.382282,0.251627,0.569479,0.718908,0.342822,0.251699,0.837654,0.631251,0.407530,0.260289,0.094142,0.279317,0.245617,0.330205,0.599070,0.835155,0.646913,0.312208,0.801900,0.923968,0.372808,0.484562,0.558123,0.120231,0.782604,0.174907,0.368917,0.065191,0.106708,0.078822,0.622845,0.433255,0.693231,0.140425,0.142409,0.261568,0.718989,0.573970,0.653898,0.151148,0.344603,0.574473,0.858184,0.301155,0.924759,0.425569,0.413827,0.649471,0.822383,0.692202,0.688036,0.929396,0.056190,0.313180,0.764461,0.938650,0.126242,0.806606,0.318752,0.215812,0.151912,0.576806,0.917585,0.653547,0.807074,0.532651,0.589900,0.546031,0.757972,0.060919,0.685702,0.856081,0.107318,0.547946,0.318677,0.533269,0.328030
SYN_BIGPN_0123,0,0,1,1,0.680179,0.723092,0.612233,0.487212,0.408246,0.147574,0.356092,0.097880,0.325335,0.895044,0.172415,0.705260,0.416594,0.529116,0.653424,0.081362,0.685209,0.274953,0.700414,0.174081,0.578463,0.243848,0.179033,0.264865,0.614371,0.562693,0.081041,0.287845,0.155665,0.376279,0.585184,0.937070,0.838624,0.877845,0.518320,0.161809,0.284040,0.749966,0.683820,0.392006,0.108642,0.142299,0.206337,0.764176,0.374504,0.354551,0.743545,0.563240,0.593339,0.098285,0.107253,0.699174,0.201729,0.153317,0.163952,0.077403,0.322171,0.723263,0.290550,0.657078,0.099883,0.741586,0.061211,0.450492,0.404816,0.707657,0.112676,0.865342,0.292133,0.102395,0.546904,0.588972,0.750812,0.098745,0.262081,0.764664,0.817208,0.728741,0.708348,0.275768,0.111823,0.260503,0.597631,0.447101,0.133946,0.458958,0.071571,0.162050,0.084784,0.849223,0.384711,0.638474,0.100532,0.126899,0.747092,0.247236,0.662166,0.677980,0.362050,0.744021,0.725376,0.675087,0.387308,0.507430,0.313737,0.184651,0.081932,0.366283,0.582695,0.864367,0.132252,0.798384,0.470505
SYN_BIGPN_0124,1,1,1,0,0.719321,0.276902,0.924077,0.505944,0.741115,0.302163,0.854823,0.327547,0.129629,0.428663,0.332724,0.783968,0.810235,0.857402,0.662685,0.818260,0.569857,0.636285,0.759285,0.511555,0.614222,0.934421,0.597295,0.465624,0.899414,0.937683,0.614263,0.191926,0.168742,0.166470,0.617132,0.548626,0.080402,0.470471,0.457822,0.941544,0.407205,0.051600,0.613655,0.946690,0.515224,0.236537,0.545238,0.892469,0.676802,0.113171,0.760843,0.531511,0.432024,0.321470,0.883147,0.474564,0.471320,0.310931,0.515761,0.943407,0.693965,0.202503,0.183933,0.852873,0.682734,0.083254,0.261469,0.238215,0.276669,0.064086,0.277596,0.069931,0.625424,0.923739,0.606885,0.336091,0.240540,0.418384,0.206208,0.455737,0.223261,0.629913,0.656518,0.172040,0.444740,0.925514,0.747195,0.200589,0.433233,0.290055,0.810511,0.906052,0.532478,0.650651,0.069249,0.760674,0.730086,0.786163,0.874233,0.240517,0.209372,0.699653,0.233336,0.584044,0.682934,0.413823,0.432164,0.417960,0.764855,0.871724,0.342425,0.790182,0.616590,0.530408,0.075794,0.390699,0.722042
SYN_BIGPN_0125,1,1,0,1,0.539455,0.767746,0.230846,0.895191,0.864313,0.930961,0.307781,0.303107,0.287121,0.192508,0.299279,0.873435,0.672182,0.093409,0.228354,0.403845,0.459590,0.432837,0.057188,0.612256,0.641418,0.214580,0.316936,0.886287,0.230082,0.610024,0.719566,0.187935,0.562663,0.296897,0.491568,0.833868,0.740318,0.582331,0.597611,0.743012,0.408829,0.436728,0.191513,0.511113,0.507099,0.785377,0.173974,0.305436,0.678558,0.601791,0.875798,0.200771,0.280751,0.945493,0.255784,0.682487,0.865391,0.465276,0.898874,0.589687,0.306012,0.444503,0.728776,0.773571,0.598174,0.098317,0.272125,0.868240,0.162985,0.434031,0.806679,0.760466,0.419216,0.268686,0.844434,0.594070,0.627068,0.599750,0.347330,0.452319,0.675572,0.136532,0.305532,0.343950,0.151066,0.621583,0.535881,0.444236,0.688728,0.527154,0.482348,0.199707,0.659500,0.103066,0.234523,0.904001,0.653579,0.252647,0.565788,0.163899,0.063832,0.901680,0.937696,0.515706,0.092388,0.364153,0.436597,0.491375,0.913489,0.757881,0.431594,0.693721,0.293369,0.171921,0.102955,0.232866,0.455701
SYN_BIGPN_0126,1,1,1,0,0.340525,0.595594,0.365695,0.135357,0.442590,0.491794,0.147476,0.824164,0.347835,0.910778,0.129102,0.223683,0.333034,0.087975,0.151438,0.228501,0.818225,0.697068,0.719869,0.370986,0.781348,0.681468,0.426122,0.096587,0.338736,0.082524,0.791466,0.820352,0.294873,0.177011,0.892923,0.690072,0.803941,0.164001,0.769454,0.247268,0.388366,0.440711,0.551663,0.283050,0.795432,0.450024,0.384809,0.545936,0.886506,0.612179,0.288465,0.540706,0.682713,0.088370,0.560377,0.085626,0.233144,0.781995,0.551419,0.945702,0.368289,0.905566,0.623297,0.239806,0.290793,0.818221,0.308755,0.061081,0.503977,0.115018,0.078140,0.761653,0.261047,0.896410,0.743482,0.309205,0.220702,0.562605,0.167260,0.333616,0.383969,0.130576,0.912636,0.099788,0.073071,0.326948,0.739662,0.820909,0.097052,0.625989,0.459932,0.079801,0.172823,0.632300,0.835288,0.305581,0.921081,0.750140,0.938838,0.729364,0.639020,0.410566,0.441781,0.086933,0.386363,0.264711,0.375946,0.806865,0.360414,0.609496,0.863229,0.292219,0.338759,0.166385,0.716691,0.935290,0.811505
SYN_BIGPN_0127,1,0,0,1,0.798576,0.883657,0.456957,0.215105,0.111653,0.170300,0.853081,0.205425,0.276343,0.764011,0.090780,0.629383,0.210661,0.863151,0.370280,0.936388,0.500345,0.248862,0.715903,0.144129,0.245812,0.793416,0.182027,0.636563,0.886486,0.419302,0.794344,0.709664,0.394098,0.237872,0.154440,0.806243,0.132500,0.268271,0.146419,0.899068,0.158203,0.785713,0.473921,0.179624,0.251944,0.738289,0.056736,0.514857,0.377863,0.593678,0.902015,0.176127,0.458999,0.095394,0.270314,0.828804,0.566043,0.124872,0.121599,0.871075,0.711291,0.948178,0.822342,0.253796,0.138145,0.804515,0.813369,0.832561,0.277181,0.854632,0.514068,0.127981,0.404016,0.772374,0.070796,0.198025,0.480606,0.127772,0.448874,0.154029,0.322844,0.541991,0.372304,0.315626,0.611767,0.432584,0.616064,0.663103,0.233025,0.674379,0.767000,0.255841,0.505170,0.363104,0.386400,0.369452,0.744963,0.716135,0.872868,0.717890,0.533645,0.799265,0.805101,0.763147,0.534266,0.085378,0.426208,0.534752,0.761558,0.581609,0.637789,0.151651,0.381504,0.278482,0.102850,0.577007,0.932643
SYN_BIGPN_0128,0,0,1,1,0.350048,0.488454,0.801404,0.211300,0.379681,0.158602,0.503716,0.263027,0.180175,0.478103,0.125390,0.190547,0.840551,0.170239,0.287663,0.664184,0.811790,0.481527,0.400552,0.249360,0.924152,0.299301,0.879419,0.075439,0.871473,0.370444,0.068194,0.595813,0.541835,0.437079,0.181181,0.119900,0.272772,0.133820,0.639759,0.461238,0.424116,0.587633,0.789823,0.866787,0.517966,0.757326,0.094295,0.663214,0.759887,0.309252,0.853593,0.884110,0.743492,0.068843,0.834869,0.854966,0.123155,0.288844,0.282277,0.573206,0.752520,0.351362,0.245654,0.780666,0.467738,0.168345,0.240061,0.582746,0.790172,0.512834,0.872870,0.916227,0.747477,0.060208,0.082285,0.728990,0.871442,0.421652,0.769043,0.648776,0.280622,0.700518,0.640867,0.665507,0.821911,0.878553,0.348061,0.855709,0.164596,0.306674,0.210915,0.207368,0.699509,0.668459,0.838759,0.517885,0.379865,0.390778,0.727753,0.855731,0.282572,0.701029,0.583497,0.130977,0.519008,0.925954,0.063818,0.744514,0.758295,0.527498,0.628984,0.129809,0.805882,0.628309,0.799778,0.811623,0.497540
SYN_BIGPN_0129,0,0,1,0,0.922147,0.476163,0.473093,0.440474,0.251388,0.192328,0.592847,0.499976,0.668371,0.131611,0.509203,0.871768,0.496257,0.628899,0.187762,0.166103,0.911306,0.160046,0.477438,0.665044,0.361757,0.503001,0.727485,0.617183,0.082536,0.499156,0.695186,0.360464,0.906697,0.296173,0.636328,0.841556,0.580677,0.814651,0.920526,0.397841,0.290316,0.915611,0.607008,0.570051,0.875167,0.382824,0.854117,0.778110,0.566249,0.711104,0.754319,0.450172,0.103967,0.768607,0.113006,0.355661,0.283150,0.472683,0.793450,0.679171,0.194707,0.804959,0.493442,0.648046,0.859850,0.629241,0.864589,0.827875,0.268899,0.385339,0.372133,0.750841,0.935300,0.906926,0.316658,0.169526,0.501610,0.071175,0.390375,0.711664,0.808681,0.130882,0.082679,0.138650,0.257621,0.803321,0.732314,0.109575,0.434077,0.858938,0.783118,0.878127,0.262199,0.829721,0.496174,0.526820,0.093195,0.339385,0.559729,0.263316,0.528016,0.267715,0.934381,0.908065,0.245271,0.466576,0.666328,0.939541,0.310235,0.506590,0.484015,0.454153,0.641451,0.599981,0.424279,0.510784,0.668874
SYN_BIGPN_0130,0,0,1,1,0.100124,0.834811,0.241478,0.461037,0.613022,0.224234,0.460422,0.884977,0.125896,0.741800,0.406717,0.309434,0.836703,0.293073,0.052834,0.873582,0.746999,0.441474,0.296796,0.119142,0.478052,0.680223,0.208717,0.635880,0.399572,0.915312,0.783139,0.076927,0.248567,0.266502,0.336228,0.421379,0.543550,0.325319,0.392987,0.823721,0.286340,0.946617,0.711383,0.407768,0.490407,0.767538,0.639690,0.205686,0.565805,0.378163,0.595416,0.862142,0.471635,0.712051,0.661644,0.808414,0.750322,0.851518,0.456458,0.777447,0.204035,0.908750,0.928467,0.534999,0.901008,0.676429,0.452906,0.717253,0.058853,0.596104,0.868199,0.777985,0.116913,0.058154,0.886778,0.854971,0.685777,0.844164,0.142418,0.701210,0.335660,0.241916,0.944623,0.628244,0.240020,0.796546,0.369385,0.845110,0.862908,0.529820,0.820801,0.770013,0.313181,0.939823,0.085358,0.214500,0.229735,0.724066,0.164971,0.229082,0.099267,0.085952,0.448995,0.691211,0.666288,0.933689,0.612386,0.457117,0.322076,0.812572,0.232231,0.703737,0.400316,0.251425,0.274065,0.652658,0.782585
SYN_BIGPN_0131,0,1,0,0,0.302043,0.923183,0.845778,0.275100,0.586469,0.801291,0.882223,0.287030,0.888124,0.849468,0.560381,0.862976,0.708297,0.569916,0.092723,0.550707,0.477450,0.224046,0.610413,0.850340,0.413399,0.484016,0.803065,0.559610,0.394861,0.940775,0.848060,0.224543,0.054962,0.647265,0.702535,0.541901,0.406365,0.337047,0.204751,0.502706,0.651018,0.777280,0.235971,0.476934,0.473820,0.747094,0.302333,0.097267,0.784450,0.565883,0.459966,0.595824,0.781884,0.174281,0.058285,0.538012,0.304335,0.314137,0.321765,0.856344,0.280830,0.806027,0.614972,0.522665,0.917641,0.855333,0.142790,0.099946,0.690998,0.929499,0.155921,0.798874,0.506024,0.783713,0.576367,0.064196,0.222222,0.947325,0.294912,0.082414,0.422842,0.829060,0.190311,0.773301,0.165465,0.865087,0.429224,0.676160,0.918622,0.532816,0.742885,0.104181,0.501321,0.409366,0.521809,0.863048,0.604895,0.862125,0.460031,0.532800,0.652085,0.800569,0.695944,0.471133,0.257877,0.386125,0.091619,0.339982,0.067011,0.608224,0.086906,0.338061,0.237158,0.665529,0.151233,0.670698,0.555581
SYN_BIGPN_0132,1,1,1,0,0.450622,0.451619,0.558415,0.516263,0.323350,0.594030,0.838921,0.713666,0.516965,0.076778,0.144763,0.557359,0.719775,0.581460,0.064861,0.270393,0.649868,0.618130,0.223175,0.117769,0.846906,0.528033,0.594444,0.198757,0.584804,0.456137,0.728974,0.925692,0.159836,0.202459,0.297762,0.095763,0.652118,0.690466,0.769982,0.200722,0.108088,0.456097,0.728784,0.405701,0.398636,0.687668,0.547927,0.526547,0.688905,0.637943,0.945775,0.666557,0.067148,0.923890,0.877856,0.609966,0.062735,0.241871,0.345006,0.182357,0.632717,0.053208,0.276864,0.785824,0.663051,0.410009,0.737466,0.132298,0.856611,0.304994,0.912395,0.058806,0.813583,0.129959,0.837612,0.577876,0.703206,0.824192,0.808556,0.876518,0.094480,0.278237,0.105591,0.602805,0.758324,0.248293,0.937057,0.868731,0.682893,0.876919,0.075455,0.415960,0.112707,0.246097,0.780618,0.086016,0.392210,0.149634,0.559904,0.935998,0.502842,0.638026,0.421114,0.594070,0.749340,0.056836,0.491044,0.248585,0.648143,0.339723,0.276325,0.086119,0.505694,0.576581,0.635742,0.557641,0.714503
SYN_BIGPN_0133,0,1,1,1,0.739458,0.385667,0.290816,0.568906,0.101078,0.463713,0.220740,0.856166,0.517263,0.750830,0.433791,0.860984,0.117623,0.685282,0.206433,0.360299,0.447013,0.192834,0.774639,0.405701,0.420454,0.319972,0.331112,0.753578,0.674414,0.525825,0.734887,0.551434,0.357102,0.321307,0.239863,0.599634,0.873872,0.537554,0.577818,0.816081,0.848981,0.734812,0.542726,0.194635,0.494470,0.192494,0.123101,0.676811,0.511618,0.148816,0.843652,0.200563,0.142487,0.567352,0.719321,0.178350,0.820482,0.291467,0.759054,0.570240,0.762542,0.643357,0.877309,0.050561,0.618965,0.483002,0.273005,0.213652,0.803343,0.737824,0.448197,0.468519,0.197129,0.839285,0.680183,0.356825,0.153576,0.644530,0.795368,0.641589,0.168434,0.220257,0.137914,0.321075,0.708936,0.096147,0.756897,0.288257,0.052994,0.857214,0.063257,0.893146,0.159243,0.649741,0.911966,0.350095,0.433406,0.870624,0.394350,0.671143,0.413003,0.925278,0.353513,0.641106,0.420699,0.700262,0.388445,0.274077,0.273965,0.427359,0.776001,0.110736,0.902187,0.612002,0.891426,0.798361,0.137888
SYN_BIGPN_0134,0,0,0,1,0.660070,0.099810,0.887238,0.767876,0.819314,0.294041,0.689829,0.757266,0.912498,0.607261,0.677374,0.209138,0.062877,0.775210,0.917509,0.410243,0.393280,0.674544,0.623594,0.854262,0.382247,0.941182,0.076435,0.257181,0.789067,0.915369,0.471754,0.881428,0.928204,0.563063,0.361870,0.181921,0.696557,0.574003,0.088350,0.368846,0.381642,0.527359,0.696859,0.258900,0.722906,0.360950,0.063166,0.640091,0.693822,0.316020,0.909276,0.765970,0.245873,0.342445,0.080673,0.885920,0.712776,0.687970,0.777087,0.704202,0.696044,0.239204,0.859904,0.747707,0.060785,0.535924,0.119770,0.222931,0.491138,0.438669,0.784024,0.563440,0.516900,0.927694,0.107248,0.790382,0.909894,0.856944,0.792164,0.663705,0.381544,0.317938,0.632802,0.662392,0.542983,0.653476,0.554554,0.873204,0.720408,0.882134,0.252649,0.256614,0.799231,0.719995,0.406001,0.747064,0.134408,0.693563,0.604973,0.503910,0.429006,0.770585,0.803511,0.166734,0.289955,0.534582,0.331660,0.367043,0.609834,0.456692,0.385595,0.855261,0.206188,0.398823,0.768408,0.166574,0.891451
SYN_BIGPN_0135,1,0,1,1,0.716900,0.139473,0.746612,0.142624,0.629320,0.598261,0.310204,0.246144,0.357200,0.117533,0.092389,0.486013,0.073295,0.634086,0.524641,0.500597,0.775846,0.328587,0.449408,0.054283,0.493947,0.249345,0.465084,0.448351,0.192001,0.338495,0.170807,0.814923,0.532530,0.507978,0.490771,0.176726,0.352729,0.195601,0.101126,0.240124,0.307178,0.464495,0.178905,0.863427,0.133539,0.780855,0.820207,0.565373,0.475994,0.106960,0.293836,0.909186,0.389137,0.137201,0.866470,0.833960,0.943003,0.826357,0.495880,0.150047,0.924109,0.524687,0.173860,0.530652,0.572485,0.399108,0.651591,0.761371,0.250328,0.785898,0.287358,0.198828,0.692433,0.884836,0.799913,0.460153,0.364643,0.079916,0.117330,0.487273,0.199930,0.230165,0.146282,0.497277,0.575434,0.504528,0.307754,0.889561,0.380811,0.849750,0.819754,0.535212,0.399443,0.531391,0.580115,0.775942,0.196194,0.173845,0.232224,0.138555,0.098032,0.717722,0.176880,0.166350,0.482773,0.758940,0.288293,0.222905,0.589523,0.927751,0.149078,0.882245,0.568550,0.308813,0.601505,0.496513,0.359640
SYN_BIGPN_0136,0,1,1,1,0.239076,0.122199,0.703359,0.359683,0.548575,0.431643,0.407673,0.083741,0.133504,0.548917,0.902449,0.140848,0.751597,0.554730,0.697078,0.810708,0.146098,0.494483,0.904230,0.938106,0.705289,0.176482,0.781588,0.052025,0.557229,0.586912,0.474932,0.613608,0.268580,0.426939,0.186152,0.145679,0.728289,0.551241,0.765506,0.326467,0.620817,0.330458,0.629167,0.732589,0.632441,0.935133,0.127818,0.220132,0.523800,0.434671,0.066840,0.148366,0.203213,0.878414,0.467989,0.602578,0.167459,0.647210,0.556457,0.239706,0.261408,0.766253,0.769561,0.436068,0.888780,0.646471,0.140855,0.343081,0.549531,0.690313,0.154099,0.064454,0.838141,0.591483,0.664244,0.339283,0.897577,0.563151,0.135472,0.793260,0.687850,0.063714,0.494895,0.744585,0.667688,0.605273,0.141742,0.522082,0.756546,0.355282,0.185892,0.684708,0.926102,0.895746,0.490989,0.137845,0.256632,0.480728,0.575444,0.601851,0.911931,0.944976,0.095872,0.816150,0.592448,0.507655,0.524277,0.363846,0.885814,0.826345,0.614307,0.799543,0.412223,0.347743,0.634331,0.081921,0.662021
SYN_BIGPN_0137,1,1,1,0,0.281855,0.117349,0.050998,0.689789,0.367254,0.783810,0.117912,0.145519,0.562557,0.787299,0.800330,0.436042,0.815283,0.608800,0.091728,0.692984,0.302289,0.755912,0.145411,0.475954,0.159176,0.591301,0.299732,0.181616,0.781307,0.866439,0.438071,0.270911,0.275817,0.576181,0.135950,0.116473,0.326669,0.636474,0.539546,0.630025,0.302815,0.564915,0.700963,0.540541,0.302145,0.837185,0.883849,0.471687,0.416302,0.218942,0.316832,0.496984,0.459736,0.064421,0.315030,0.231551,0.070867,0.230393,0.503926,0.435383,0.080499,0.837828,0.416982,0.838429,0.852925,0.423176,0.206726,0.731293,0.457154,0.601152,0.471313,0.523425,0.680357,0.734994,0.086612,0.517217,0.081547,0.439498,0.258585,0.490534,0.448294,0.879366,0.925327,0.137033,0.512006,0.101303,0.525505,0.683596,0.461700,0.641105,0.370019,0.933513,0.571123,0.824187,0.065839,0.761688,0.174139,0.250115,0.413330,0.425200,0.818056,0.249462,0.623180,0.832889,0.882788,0.757420,0.154974,0.807517,0.179553,0.427995,0.903744,0.635076,0.485661,0.699559,0.509003,0.304957,0.692022
SYN_BIGPN_0138,0,0,1,0,0.073585,0.510536,0.576655,0.832179,0.364472,0.524063,0.294352,0.809189,0.437495,0.947955,0.644347,0.357802,0.603057,0.830911,0.456686,0.408792,0.938732,0.934693,0.810870,0.762109,0.524838,0.606860,0.223011,0.567492,0.811347,0.883117,0.946128,0.502542,0.830390,0.437415,0.353075,0.336008,0.738156,0.521138,0.172403,0.662745,0.407578,0.571290,0.563990,0.112184,0.463932,0.492925,0.209472,0.170773,0.876114,0.905688,0.581977,0.853193,0.720682,0.510767,0.200411,0.164287,0.439948,0.587428,0.845154,0.068803,0.883780,0.738368,0.642638,0.575585,0.309568,0.103522,0.892060,0.629489,0.648417,0.659195,0.661241,0.342736,0.173681,0.125011,0.575806,0.835384,0.724293,0.212630,0.524241,0.378523,0.876933,0.601258,0.889799,0.289494,0.573683,0.535887,0.557079,0.931883,0.269534,0.791960,0.219106,0.271889,0.856738,0.767884,0.188127,0.438688,0.282179,0.507316,0.760118,0.612200,0.438754,0.427130,0.054750,0.903023,0.472351,0.088185,0.601372,0.083386,0.841112,0.561517,0.096578,0.522485,0.371087,0.803522,0.242037,0.893465,0.721433
SYN_BIGPN_0139,1,1,1,1,0.101832,0.230073,0.849618,0.300747,0.531842,0.520163,0.094718,0.756946,0.552219,0.087780,0.104604,0.421069,0.081911,0.294802,0.926767,0.455591,0.215208,0.247682,0.422493,0.823467,0.406511,0.853421,0.541870,0.060249,0.720417,0.566679,0.177920,0.728316,0.421169,0.425029,0.831831,0.501048,0.762001,0.925304,0.142529,0.786388,0.745156,0.784199,0.167907,0.359800,0.536853,0.324059,0.813195,0.840467,0.321000,0.135271,0.763743,0.373292,0.879195,0.650317,0.474423,0.499300,0.322349,0.345641,0.285570,0.719139,0.750988,0.671775,0.061061,0.689740,0.476021,0.808564,0.827572,0.446084,0.437201,0.079957,0.262047,0.427666,0.444894,0.430209,0.563606,0.313780,0.502616,0.172490,0.170503,0.381952,0.072853,0.718503,0.908060,0.738421,0.611392,0.742510,0.814641,0.088708,0.704299,0.053683,0.749370,0.170844,0.264081,0.900881,0.809241,0.534597,0.418327,0.559000,0.270286,0.726232,0.380923,0.803513,0.793786,0.822811,0.739541,0.943255,0.439550,0.478409,0.116120,0.308118,0.620576,0.265100,0.231222,0.412126,0.325870,0.393007,0.546270
SYN_BIGPN_0140,1,0,0,0,0.770564,0.771895,0.761738,0.674405,0.615282,0.052832,0.587919,0.631991,0.539533,0.870906,0.792402,0.604321,0.782722,0.798545,0.691353,0.876569,0.685071,0.380300,0.283350,0.922873,0.447011,0.291203,0.790821,0.769256,0.906158,0.934763,0.228726,0.892649,0.420364,0.493480,0.121863,0.215502,0.924784,0.100289,0.268439,0.683013,0.296442,0.218403,0.865822,0.346190,0.607865,0.821942,0.196201,0.471519,0.412626,0.835247,0.447412,0.652621,0.816879,0.144072,0.924393,0.894016,0.679536,0.181523,0.707881,0.768495,0.663360,0.490162,0.483477,0.713003,0.075861,0.646182,0.795731,0.143759,0.419298,0.849297,0.785902,0.891091,0.609361,0.914321,0.509615,0.266984,0.378321,0.923280,0.925886,0.482728,0.334127,0.107571,0.875246,0.594283,0.518939,0.522057,0.876831,0.519685,0.592468,0.092125,0.146612,0.397412,0.697495,0.138249,0.707276,0.264934,0.134226,0.370407,0.109268,0.494904,0.784378,0.443483,0.346941,0.502176,0.585578,0.926037,0.344772,0.347532,0.595307,0.678739,0.347206,0.528379,0.753639,0.712983,0.382951,0.184013,0.396028
SYN_BIGPN_0141,0,1,0,0,0.797681,0.363876,0.946139,0.712241,0.898837,0.645166,0.173254,0.517557,0.407837,0.873667,0.070819,0.748661,0.880876,0.650045,0.520111,0.737730,0.601332,0.181495,0.481350,0.537735,0.556812,0.197295,0.471867,0.938645,0.076326,0.703446,0.830648,0.673343,0.242620,0.846433,0.634237,0.630792,0.681076,0.734335,0.434441,0.114636,0.329676,0.155288,0.374196,0.102836,0.595753,0.563397,0.610023,0.644233,0.643948,0.139719,0.145102,0.310330,0.178159,0.290480,0.746704,0.180083,0.935803,0.848608,0.156391,0.436100,0.705828,0.583694,0.616917,0.848186,0.766630,0.646988,0.076530,0.806845,0.434210,0.203037,0.757635,0.446892,0.480909,0.239206,0.654856,0.401561,0.793695,0.774774,0.763852,0.375818,0.194810,0.346063,0.940123,0.558465,0.576797,0.582099,0.155502,0.321056,0.792014,0.588546,0.265051,0.053070,0.869819,0.486957,0.201126,0.933389,0.594877,0.782031,0.226994,0.126903,0.490195,0.840539,0.472626,0.788330,0.698175,0.786917,0.130979,0.889619,0.263081,0.073315,0.341494,0.546147,0.118772,0.886611,0.768156,0.073529,0.131570
SYN_BIGPN_0142,0,1,1,1,0.473039,0.114885,0.374269,0.171041,0.566405,0.694476,0.069116,0.407063,0.372781,0.656442,0.273035,0.255491,0.290259,0.628283,0.658442,0.720309,0.652463,0.603739,0.862297,0.485398,0.663962,0.051164,0.089568,0.414407,0.406913,0.687979,0.311495,0.391447,0.151593,0.434759,0.832872,0.741003,0.137510,0.662356,0.666361,0.919828,0.278691,0.212864,0.799296,0.290282,0.207782,0.895167,0.230136,0.348396,0.239100,0.185809,0.811431,0.507531,0.727453,0.264012,0.522673,0.722973,0.505541,0.825600,0.652316,0.872586,0.273648,0.934285,0.650186,0.388356,0.595319,0.144294,0.578821,0.786922,0.107487,0.422805,0.786833,0.130331,0.807820,0.427627,0.261406,0.347770,0.697587,0.407282,0.322931,0.663658,0.799899,0.085862,0.719285,0.819724,0.519923,0.314992,0.379832,0.908801,0.533796,0.165671,0.574418,0.381238,0.401916,0.814218,0.318778,0.912622,0.894880,0.480565,0.592359,0.455554,0.427916,0.145305,0.287136,0.672694,0.466706,0.159557,0.594882,0.704733,0.716905,0.516596,0.296602,0.227563,0.113760,0.214734,0.474021,0.890818,0.184399
SYN_BIGPN_0143,1,0,1,0,0.875342,0.366245,0.491881,0.904869,0.761215,0.347078,0.741718,0.922465,0.182263,0.894072,0.845378,0.442450,0.132969,0.609027,0.431976,0.503953,0.091837,0.210654,0.258375,0.096628,0.719873,0.513885,0.766113,0.251261,0.930271,0.388759,0.347997,0.514740,0.839658,0.853554,0.760319,0.647158,0.325485,0.130571,0.931016,0.596179,0.228194,0.119453,0.772500,0.406355,0.380790,0.400446,0.524845,0.793594,0.278826,0.860718,0.302669,0.891145,0.495757,0.081918,0.553330,0.857955,0.665765,0.628222,0.162743,0.938588,0.338902,0.627445,0.806831,0.260909,0.931879,0.505786,0.329546,0.069454,0.312651,0.529624,0.050047,0.438021,0.250392,0.326363,0.864598,0.770810,0.518079,0.614683,0.620951,0.450401,0.483503,0.908355,0.095834,0.160731,0.440408,0.299426,0.206189,0.893901,0.687988,0.903429,0.762810,0.214629,0.615936,0.651844,0.609178,0.800354,0.451307,0.852727,0.337985,0.794656,0.583417,0.468805,0.631578,0.643326,0.636052,0.692864,0.100478,0.888945,0.774163,0.237165,0.460689,0.460174,0.891373,0.575541,0.885417,0.165479,0.526037
SYN_BIGPN_0144,0,1,1,1,0.831419,0.657365,0.868411,0.637924,0.313920,0.255566,0.114874,0.287887,0.888386,0.074478,0.369973,0.489150,0.597340,0.906094,0.882034,0.488081,0.426755,0.926420,0.886709,0.629359,0.757774,0.450515,0.494436,0.558459,0.758651,0.718256,0.483381,0.736722,0.691196,0.773328,0.634641,0.397755,0.893322,0.928013,0.608734,0.865056,0.488191,0.114708,0.909261,0.328900,0.171153,0.197039,0.238412,0.164237,0.560606,0.588379,0.577856,0.458292,0.890086,0.368460,0.404363,0.766486,0.916522,0.059506,0.322789,0.745550,0.549341,0.766796,0.284225,0.815710,0.677606,0.202355,0.269567,0.109057,0.946104,0.696782,0.862460,0.266234,0.669112,0.252727,0.272913,0.727136,0.296577,0.493970,0.243201,0.646619,0.283560,0.194463,0.506919,0.240589,0.152637,0.298877,0.504058,0.430110,0.320480,0.612411,0.354045,0.805297,0.737520,0.598092,0.077096,0.888608,0.710193,0.676459,0.424805,0.666276,0.606723,0.780228,0.255215,0.251365,0.662663,0.889835,0.558814,0.599677,0.837636,0.327980,0.696436,0.411500,0.514316,0.870607,0.764037,0.094288,0.545464
SYN_BIGPN_0145,0,1,1,1,0.590404,0.818378,0.358426,0.328143,0.184457,0.380381,0.540866,0.879105,0.399959,0.367517,0.722458,0.218877,0.308642,0.656258,0.241669,0.067104,0.455914,0.086089,0.834631,0.575674,0.506877,0.821720,0.388396,0.484747,0.672390,0.718583,0.142875,0.796202,0.220783,0.605810,0.687582,0.791318,0.503392,0.204260,0.692818,0.459196,0.177035,0.640113,0.159354,0.784078,0.658281,0.283857,0.600522,0.573214,0.851189,0.877250,0.774557,0.329843,0.891937,0.464720,0.437918,0.375999,0.413019,0.561615,0.151393,0.939224,0.712158,0.452981,0.306453,0.781168,0.157617,0.898091,0.124108,0.217112,0.183185,0.185574,0.409330,0.855905,0.827298,0.431900,0.912663,0.646045,0.233847,0.227830,0.568207,0.220532,0.541190,0.619128,0.636960,0.944398,0.912405,0.095326,0.829486,0.296729,0.811166,0.427811,0.517881,0.862688,0.403517,0.713521,0.433264,0.076303,0.785457,0.792034,0.396093,0.387274,0.890161,0.658304,0.371601,0.740919,0.503624,0.090382,0.773203,0.625405,0.355054,0.109706,0.123247,0.851837,0.939996,0.928091,0.607010,0.810590,0.089924
SYN_BIGPN_0146,1,0,1,0,0.740967,0.557733,0.246623,0.375885,0.645433,0.178822,0.689786,0.056452,0.719672,0.652057,0.541247,0.134242,0.942877,0.427425,0.344262,0.195905,0.898453,0.731084,0.913109,0.576877,0.136265,0.936704,0.661278,0.263879,0.387032,0.643552,0.836857,0.611556,0.368276,0.541146,0.098758,0.913536,0.547075,0.887510,0.539910,0.364490,0.635932,0.344806,0.238659,0.796226,0.107549,0.169321,0.854097,0.164537,0.542809,0.919149,0.450910,0.442789,0.685658,0.055762,0.071809,0.178912,0.820951,0.073666,0.284370,0.455777,0.441518,0.443616,0.295951,0.059540,0.580193,0.839550,0.499209,0.253147,0.633014,0.416118,0.387675,0.538480,0.800916,0.411191,0.215465,0.794980,0.817351,0.667365,0.089585,0.629849,0.472890,0.487626,0.270394,0.105354,0.110271,0.925153,0.714847,0.733142,0.065460,0.312233,0.287172,0.688165,0.788745,0.762435,0.279997,0.542267,0.589880,0.096696,0.758914,0.798508,0.636135,0.817960,0.399833,0.627945,0.585785,0.079350,0.931926,0.508294,0.612507,0.321451,0.168501,0.232953,0.809306,0.108974,0.072545,0.238908,0.919408
SYN_BIGPN_0147,0,1,1,0,0.641403,0.818363,0.464201,0.337842,0.539224,0.207421,0.189122,0.461081,0.846395,0.874014,0.932560,0.127743,0.607404,0.352728,0.638781,0.583728,0.205863,0.442073,0.635731,0.548018,0.321521,0.442832,0.534388,0.237031,0.798199,0.143434,0.432097,0.914660,0.772453,0.376245,0.856149,0.937983,0.298664,0.121297,0.536865,0.295738,0.818612,0.130571,0.861169,0.776584,0.399952,0.872076,0.681347,0.342580,0.873600,0.208829,0.830472,0.099605,0.871997,0.463465,0.546254,0.487088,0.254638,0.693488,0.235312,0.793581,0.869667,0.161954,0.403730,0.258620,0.130534,0.579070,0.423538,0.908437,0.110193,0.315641,0.577246,0.658591,0.801906,0.095275,0.546234,0.494733,0.268338,0.464662,0.490266,0.200281,0.426774,0.559227,0.515209,0.615117,0.430634,0.478666,0.329021,0.060778,0.064681,0.093043,0.494585,0.808088,0.310952,0.154027,0.655122,0.691297,0.566953,0.675427,0.401427,0.519495,0.918629,0.513326,0.628767,0.077078,0.454256,0.607887,0.821755,0.814245,0.119521,0.302385,0.104616,0.543056,0.858484,0.541255,0.229149,0.107292,0.642893
SYN_BIGPN_0148,0,1,1,0,0.438114,0.198178,0.141131,0.199544,0.937716,0.245179,0.869493,0.077631,0.080463,0.663810,0.338888,0.684658,0.691518,0.765377,0.791594,0.149674,0.219074,0.926630,0.658919,0.403963,0.214718,0.794278,0.816671,0.310264,0.213281,0.099998,0.384644,0.699842,0.239299,0.685875,0.755467,0.508909,0.312647,0.729086,0.924772,0.660209,0.416592,0.848824,0.906640,0.139915,0.914222,0.242959,0.450154,0.274723,0.294973,0.822808,0.410260,0.591298,0.406702,0.909361,0.538055,0.311226,0.191558,0.197727,0.835736,0.933409,0.302927,0.759307,0.473212,0.761676,0.528523,0.858951,0.153456,0.247497,0.430240,0.657226,0.611989,0.162273,0.645576,0.544814,0.497391,0.851595,0.451612,0.392307,0.166923,0.515864,0.495741,0.884300,0.825781,0.446089,0.308198,0.735807,0.524306,0.438531,0.113530,0.061629,0.645109,0.675554,0.847611,0.061281,0.613217,0.543473,0.297176,0.472098,0.380856,0.881998,0.291821,0.483113,0.627491,0.432817,0.724011,0.298119,0.466606,0.606528,0.656089,0.332450,0.534927,0.138075,0.442732,0.897387,0.940041,0.553269,0.089522
SYN_BIGPN_0149,1,0,1,0,0.835927,0.160190,0.510635,0.526600,0.820397,0.714751,0.495383,0.444027,0.907484,0.206249,0.405739,0.061222,0.230285,0.280401,0.115785,0.915855,0.192916,0.195681,0.556824,0.882665,0.660817,0.607351,0.066078,0.595061,0.418735,0.115941,0.876999,0.342850,0.369868,0.286837,0.790618,0.568151,0.292484,0.891038,0.549293,0.206274,0.936808,0.468564,0.894526,0.809918,0.839163,0.848539,0.667600,0.780633,0.174427,0.916237,0.448651,0.144537,0.898858,0.258438,0.292255,0.511947,0.389977,0.924197,0.904916,0.405093,0.145010,0.246787,0.197607,0.477079,0.824511,0.915089,0.290200,0.805178,0.400820,0.808483,0.076978,0.137207,0.849465,0.479450,0.064857,0.870864,0.472694,0.877617,0.192252,0.234071,0.799658,0.310990,0.630421,0.852576,0.296977,0.290788,0.415824,0.115826,0.386589,0.475616,0.926282,0.063381,0.126354,0.834518,0.695431,0.652669,0.116836,0.384508,0.502093,0.698638,0.304065,0.123199,0.763813,0.828808,0.177520,0.525193,0.129313,0.717531,0.616817,0.785046,0.661800,0.379310,0.106019,0.822627,0.303062,0.216220,0.255152
SYN_BIGPN_0150,0,0,1,0,0.079153,0.395814,0.850128,0.083046,0.566228,0.382056,0.798272,0.644328,0.463365,0.507076,0.607241,0.086647,0.296350,0.735224,0.565000,0.442220,0.596217,0.594207,0.374069,0.523682,0.292425,0.505717,0.114790,0.573992,0.571802,0.209490,0.399052,0.542410,0.174624,0.424481,0.357865,0.085343,0.361027,0.794930,0.104431,0.453114,0.870631,0.500994,0.579611,0.321158,0.525724,0.075043,0.203766,0.906524,0.514279,0.191198,0.127154,0.628243,0.750675,0.849806,0.589284,0.840401,0.447013,0.641642,0.055354,0.569631,0.768209,0.450282,0.348245,0.550292,0.706718,0.906546,0.296747,0.227976,0.936097,0.077404,0.428391,0.331271,0.548573,0.549555,0.440159,0.560230,0.733199,0.676931,0.450426,0.201524,0.193183,0.592437,0.079939,0.926738,0.107965,0.925093,0.294797,0.138484,0.226115,0.065164,0.512685,0.878118,0.360776,0.223302,0.909495,0.944549,0.584360,0.395375,0.642879,0.695821,0.058261,0.390295,0.551878,0.726819,0.237061,0.051059,0.674524,0.799687,0.387817,0.637902,0.348497,0.778094,0.320997,0.418056,0.364681,0.106584,0.816625
SYN_BIGPN_0151,1,1,1,1,0.452480,0.602305,0.870136,0.215081,0.853268,0.413816,0.469129,0.373466,0.539970,0.698332,0.328790,0.280721,0.921570,0.577887,0.113269,0.586547,0.337724,0.912708,0.424482,0.213422,0.665782,0.530223,0.500455,0.088555,0.505744,0.235517,0.642364,0.708704,0.321458,0.068204,0.488844,0.488991,0.558274,0.081014,0.319851,0.499375,0.396383,0.854414,0.624489,0.545699,0.284480,0.294907,0.210462,0.495746,0.774144,0.683707,0.566518,0.522035,0.822960,0.306806,0.895760,0.787130,0.055687,0.435763,0.615270,0.218145,0.567861,0.423675,0.375716,0.211568,0.124687,0.353590,0.714332,0.772417,0.643015,0.803864,0.435767,0.825783,0.441252,0.205937,0.791558,0.232388,0.791497,0.410346,0.863921,0.518588,0.317888,0.692463,0.558516,0.443664,0.716704,0.813388,0.399777,0.052788,0.938179,0.060298,0.140890,0.253194,0.498227,0.532343,0.281021,0.188483,0.324744,0.835632,0.210358,0.093583,0.293942,0.169960,0.306779,0.607628,0.320213,0.612081,0.373415,0.386351,0.106877,0.096125,0.062368,0.945360,0.438486,0.601425,0.698754,0.561047,0.825658
SYN_BIGPN_0152,1,1,1,0,0.315606,0.887927,0.334333,0.552408,0.438695,0.481677,0.606794,0.239092,0.803714,0.853760,0.502882,0.644535,0.273893,0.618989,0.468598,0.687798,0.215594,0.806872,0.780244,0.291987,0.222480,0.833433,0.935542,0.491825,0.344934,0.321575,0.150701,0.168581,0.101680,0.157246,0.405496,0.931288,0.392533,0.643691,0.597371,0.426977,0.131765,0.140718,0.336115,0.886117,0.438161,0.560856,0.921974,0.353496,0.943927,0.741280,0.719823,0.765834,0.312811,0.520561,0.779383,0.839815,0.702888,0.279844,0.228406,0.893758,0.176446,0.604968,0.661635,0.815722,0.092523,0.736395,0.701192,0.763437,0.909141,0.287859,0.394053,0.561535,0.907616,0.822414,0.410490,0.423855,0.089668,0.864968,0.414336,0.233053,0.454630,0.795935,0.644782,0.806359,0.693188,0.638104,0.845198,0.528479,0.305140,0.529252,0.243630,0.931570,0.580043,0.082937,0.892713,0.144625,0.783653,0.223843,0.210593,0.393036,0.431727,0.638860,0.420476,0.764855,0.875752,0.691833,0.794376,0.545859,0.516250,0.643807,0.173210,0.284489,0.176600,0.235732,0.625170,0.392897,0.592683
SYN_BIGPN_0153,1,1,0,0,0.910728,0.844243,0.244780,0.352384,0.510467,0.612084,0.769164,0.479615,0.353364,0.168328,0.437721,0.487707,0.877166,0.629756,0.323729,0.561919,0.456716,0.665608,0.539741,0.870254,0.274140,0.279490,0.819374,0.707674,0.326059,0.768259,0.672518,0.353262,0.121300,0.656336,0.436513,0.439852,0.730039,0.527033,0.939340,0.813226,0.839681,0.894226,0.054698,0.726586,0.360630,0.836985,0.344493,0.321405,0.375653,0.493084,0.882228,0.155706,0.484513,0.341907,0.925123,0.364381,0.083228,0.392369,0.880481,0.467292,0.895641,0.275698,0.541229,0.061977,0.760419,0.870266,0.811820,0.468685,0.057458,0.372320,0.090211,0.729347,0.774868,0.638073,0.330986,0.751125,0.072479,0.532927,0.891054,0.227510,0.703632,0.843903,0.070869,0.468941,0.310410,0.637790,0.331147,0.591931,0.535055,0.466804,0.903323,0.339823,0.900133,0.861874,0.220172,0.632617,0.354077,0.162613,0.495192,0.113175,0.464617,0.262541,0.173630,0.131951,0.217570,0.083129,0.257084,0.843833,0.306597,0.942912,0.700910,0.295021,0.384918,0.787260,0.487449,0.432556,0.868344
SYN_BIGPN_0154,1,0,1,1,0.911380,0.259302,0.714250,0.119697,0.321182,0.301786,0.875290,0.790903,0.303249,0.459837,0.072719,0.370964,0.815043,0.327564,0.496658,0.240427,0.448422,0.923245,0.339565,0.673397,0.508230,0.606801,0.273270,0.064048,0.808572,0.397644,0.737808,0.459531,0.864899,0.889160,0.067516,0.193142,0.946364,0.869299,0.200649,0.774875,0.373305,0.440514,0.364044,0.847757,0.759369,0.582416,0.119698,0.196687,0.638554,0.494535,0.706800,0.136471,0.845021,0.652870,0.748698,0.230319,0.379122,0.181750,0.337286,0.088642,0.867194,0.481162,0.281633,0.219335,0.114411,0.379429,0.728401,0.460388,0.189485,0.069757,0.470926,0.585668,0.741116,0.184799,0.759477,0.159861,0.691608,0.087181,0.577416,0.146824,0.768263,0.080702,0.681385,0.076244,0.619127,0.262426,0.124646,0.287536,0.697830,0.153653,0.603674,0.422857,0.234829,0.341485,0.945466,0.838660,0.335624,0.167619,0.857004,0.470192,0.637206,0.757879,0.506226,0.516887,0.060980,0.395830,0.817275,0.928709,0.322692,0.581524,0.204061,0.301289,0.531851,0.527717,0.804723,0.889165,0.111801
SYN_BIGPN_0155,0,0,0,1,0.214370,0.351008,0.852437,0.373203,0.279392,0.309734,0.255144,0.261881,0.438708,0.116728,0.713001,0.753304,0.659285,0.103937,0.391847,0.549967,0.440644,0.511988,0.446749,0.921118,0.107456,0.412916,0.306892,0.899877,0.339138,0.630029,0.217485,0.836118,0.078511,0.863057,0.836663,0.679103,0.765491,0.195427,0.214116,0.769556,0.170755,0.521817,0.627625,0.258840,0.528973,0.553584,0.167429,0.757900,0.570906,0.054940,0.325141,0.463701,0.722895,0.514775,0.137703,0.288354,0.155671,0.553585,0.578267,0.802482,0.939252,0.537869,0.137602,0.875073,0.858564,0.709441,0.546889,0.874310,0.827987,0.632311,0.223253,0.788813,0.863239,0.531771,0.679016,0.714645,0.863914,0.137053,0.201846,0.181904,0.138057,0.716239,0.556556,0.209855,0.475741,0.358542,0.341692,0.171218,0.930187,0.662538,0.804075,0.578679,0.632999,0.429709,0.827186,0.809030,0.181273,0.656307,0.574502,0.748125,0.204805,0.143039,0.176333,0.695234,0.659607,0.119451,0.696668,0.345887,0.217354,0.490483,0.894353,0.175312,0.179627,0.905809,0.812728,0.895174,0.888837
SYN_BIGPN_0156,0,0,0,0,0.399662,0.583246,0.256778,0.690469,0.274735,0.400850,0.562861,0.611593,0.485466,0.204643,0.386756,0.496339,0.064377,0.945558,0.842516,0.907586,0.733530,0.933007,0.342757,0.360161,0.447420,0.673677,0.629476,0.872669,0.087329,0.162435,0.554205,0.740954,0.810272,0.088716,0.846880,0.598964,0.577763,0.882115,0.344440,0.453402,0.055770,0.162599,0.936895,0.496981,0.847496,0.577166,0.060695,0.199873,0.250795,0.435607,0.437874,0.275853,0.430817,0.273312,0.638299,0.053515,0.632922,0.249421,0.112105,0.494850,0.515501,0.948023,0.410110,0.167389,0.054647,0.942458,0.166878,0.561676,0.308334,0.360587,0.593735,0.140454,0.735552,0.796617,0.667801,0.505579,0.318501,0.490207,0.413533,0.541886,0.575721,0.901280,0.423113,0.482423,0.588538,0.198022,0.497988,0.796742,0.270395,0.703815,0.050037,0.818393,0.437861,0.821579,0.822482,0.820150,0.878503,0.713511,0.102994,0.651773,0.755786,0.105317,0.188637,0.821529,0.343350,0.229383,0.095469,0.892200,0.503158,0.091734,0.322087,0.203739,0.358250,0.068778,0.501052,0.528049,0.685852
SYN_BIGPN_0157,0,1,0,1,0.470242,0.845657,0.356840,0.591541,0.291764,0.439872,0.270244,0.417048,0.459857,0.503464,0.556479,0.790717,0.180401,0.837617,0.728895,0.729807,0.438145,0.517625,0.296972,0.436550,0.514255,0.156405,0.944134,0.787479,0.577982,0.538077,0.832861,0.503235,0.080731,0.831878,0.946764,0.252680,0.208450,0.093848,0.060701,0.314328,0.888435,0.596700,0.604350,0.169802,0.208666,0.268696,0.541495,0.146922,0.635434,0.204647,0.134596,0.687119,0.412756,0.810875,0.814717,0.124908,0.746332,0.817971,0.654981,0.299994,0.227219,0.267950,0.221261,0.825012,0.076746,0.682755,0.067840,0.651360,0.693956,0.408191,0.363627,0.700396,0.325032,0.733126,0.716502,0.230613,0.428799,0.468350,0.122591,0.860431,0.940241,0.132953,0.717048,0.498346,0.229985,0.265846,0.758363,0.145518,0.717582,0.820537,0.118649,0.637842,0.483429,0.051319,0.053629,0.355679,0.811115,0.087176,0.598281,0.445300,0.649997,0.563925,0.949685,0.392921,0.801293,0.635230,0.549223,0.532203,0.797763,0.789166,0.258315,0.860848,0.367597,0.512085,0.947990,0.065568,0.319062
SYN_BIGPN_0158,0,0,0,1,0.183449,0.810490,0.246649,0.799169,0.715169,0.431214,0.399385,0.380643,0.307477,0.183460,0.495841,0.266535,0.309951,0.260836,0.571631,0.728063,0.943503,0.308730,0.580575,0.632183,0.098429,0.826524,0.480908,0.925746,0.871557,0.493046,0.180361,0.645682,0.743532,0.626808,0.310340,0.356203,0.136569,0.253629,0.684308,0.145449,0.476833,0.766570,0.908075,0.656234,0.450788,0.340236,0.669795,0.571959,0.480728,0.187095,0.598779,0.913709,0.307232,0.231561,0.732180,0.143927,0.583742,0.276553,0.946219,0.770025,0.276384,0.707220,0.581702,0.141138,0.831113,0.869246,0.140807,0.399279,0.227665,0.932495,0.788492,0.280873,0.286313,0.491216,0.659384,0.498816,0.499568,0.741305,0.400565,0.188279,0.624780,0.387229,0.195163,0.930868,0.179973,0.454029,0.199667,0.250978,0.781523,0.518158,0.132755,0.783263,0.286791,0.308491,0.071254,0.225499,0.424545,0.340760,0.932160,0.265453,0.448082,0.116625,0.713392,0.750637,0.497231,0.752479,0.562495,0.285116,0.248880,0.362861,0.404923,0.342183,0.932947,0.166108,0.303623,0.569426,0.576026
SYN_BIGPN_0159,0,1,1,1,0.925789,0.605994,0.442111,0.515465,0.340733,0.368154,0.581837,0.445884,0.136090,0.718850,0.664531,0.544401,0.116722,0.179979,0.584947,0.528273,0.203935,0.444600,0.742589,0.589020,0.625151,0.442098,0.066304,0.262511,0.355392,0.631084,0.460784,0.606943,0.442311,0.363554,0.493807,0.164484,0.254859,0.787652,0.197708,0.634259,0.638457,0.837437,0.837592,0.151343,0.445383,0.113496,0.851455,0.852617,0.069376,0.562203,0.577944,0.886763,0.691249,0.218622,0.414818,0.689582,0.941489,0.701396,0.947171,0.151625,0.764044,0.226898,0.393528,0.148272,0.573247,0.758026,0.388345,0.448881,0.149295,0.174996,0.161064,0.675323,0.334168,0.450017,0.650122,0.050888,0.935740,0.261429,0.827824,0.887171,0.393292,0.222545,0.123264,0.835144,0.341482,0.639974,0.865546,0.116232,0.107987,0.064999,0.688564,0.447653,0.127668,0.410555,0.851534,0.475097,0.522530,0.564744,0.356457,0.907648,0.118087,0.115563,0.496405,0.324808,0.590876,0.847264,0.809757,0.158870,0.492893,0.769471,0.217943,0.481978,0.782178,0.127739,0.746623,0.314835,0.466794
SYN_BIGPN_0160,1,0,1,1,0.613335,0.756425,0.804062,0.924904,0.742657,0.364128,0.609020,0.158497,0.783470,0.658677,0.633444,0.907773,0.397303,0.124479,0.514314,0.102732,0.554169,0.297619,0.742771,0.677591,0.718060,0.496198,0.295065,0.147325,0.233777,0.358636,0.357672,0.537993,0.883943,0.271950,0.282759,0.430202,0.674522,0.755461,0.631256,0.149426,0.368068,0.625615,0.490779,0.710328,0.561502,0.490963,0.832913,0.885703,0.596784,0.601732,0.905315,0.186326,0.656990,0.596736,0.486367,0.240702,0.178324,0.639993,0.730163,0.696802,0.716473,0.830284,0.753132,0.789965,0.545929,0.813459,0.886750,0.296552,0.763134,0.141881,0.600439,0.464553,0.242765,0.751731,0.101222,0.092021,0.278628,0.519272,0.541414,0.909987,0.658637,0.061521,0.168138,0.814157,0.855869,0.915819,0.182863,0.227868,0.585683,0.186535,0.560331,0.544835,0.401818,0.635012,0.537382,0.428539,0.785167,0.811156,0.658976,0.502051,0.333935,0.594445,0.337790,0.142525,0.632569,0.394650,0.118930,0.233032,0.170939,0.731921,0.769564,0.595855,0.227925,0.474174,0.446562,0.213253,0.825753
SYN_BIGPN_0161,1,1,1,0,0.336694,0.255382,0.568908,0.175067,0.405741,0.891360,0.325179,0.093319,0.917494,0.343267,0.482339,0.875179,0.239197,0.549922,0.462531,0.798962,0.576562,0.343235,0.747221,0.763789,0.648979,0.836240,0.699932,0.127827,0.542310,0.398237,0.445286,0.176925,0.380859,0.091417,0.323861,0.278276,0.210086,0.301392,0.234182,0.457318,0.230512,0.699074,0.071848,0.704324,0.686000,0.102636,0.274479,0.383501,0.423142,0.769049,0.235697,0.932993,0.424557,0.826199,0.436777,0.867020,0.608168,0.119730,0.580505,0.687674,0.500978,0.187363,0.675862,0.588528,0.291667,0.744968,0.596131,0.070278,0.163794,0.921472,0.815100,0.779086,0.370439,0.853850,0.725141,0.777786,0.428485,0.552063,0.563064,0.707166,0.077125,0.181151,0.906703,0.307380,0.347465,0.259663,0.443475,0.585407,0.867490,0.666558,0.768029,0.749314,0.468991,0.669934,0.097451,0.814542,0.886284,0.618954,0.180730,0.909112,0.805199,0.769808,0.433849,0.184668,0.865759,0.870510,0.235302,0.270797,0.918580,0.697995,0.902183,0.789325,0.125069,0.491020,0.385162,0.053906,0.227616
SYN_BIGPN_0162,0,0,0,1,0.804002,0.450648,0.675682,0.153158,0.637773,0.619565,0.854868,0.179416,0.853930,0.285111,0.326996,0.172052,0.462952,0.870825,0.940303,0.808646,0.598368,0.292831,0.854956,0.138406,0.485926,0.234490,0.816843,0.241362,0.317179,0.702381,0.761687,0.363382,0.284468,0.528203,0.516772,0.881654,0.444068,0.787335,0.895861,0.254402,0.174225,0.859412,0.100437,0.705401,0.523140,0.380673,0.237882,0.260506,0.839269,0.388691,0.422633,0.762163,0.484704,0.783304,0.801454,0.270426,0.701652,0.667804,0.493450,0.827840,0.722108,0.196798,0.212219,0.533397,0.462602,0.785282,0.227908,0.581024,0.945220,0.751329,0.634212,0.225514,0.671027,0.892440,0.408349,0.555008,0.370228,0.372407,0.133215,0.241495,0.117958,0.572886,0.935400,0.098968,0.539212,0.940918,0.337925,0.917117,0.645079,0.405571,0.889441,0.509285,0.542030,0.760903,0.375258,0.488616,0.461202,0.478617,0.176630,0.792011,0.929094,0.813356,0.802229,0.124917,0.855967,0.920503,0.889425,0.545980,0.586954,0.872353,0.172673,0.848030,0.907784,0.514039,0.154771,0.117683,0.402640
SYN_BIGPN_0163,0,1,0,0,0.818662,0.934821,0.389280,0.082893,0.501679,0.352340,0.915092,0.462097,0.071399,0.411916,0.558322,0.266112,0.655689,0.189224,0.361421,0.942439,0.530372,0.618911,0.169458,0.865768,0.131945,0.361997,0.670060,0.884582,0.712860,0.949559,0.265971,0.856567,0.059664,0.180333,0.799537,0.813356,0.888545,0.499426,0.831278,0.828093,0.763764,0.697331,0.252685,0.149318,0.737546,0.065335,0.867793,0.816488,0.640149,0.051132,0.705613,0.658704,0.390899,0.385902,0.614626,0.546995,0.160662,0.533412,0.299938,0.224836,0.656366,0.408247,0.472242,0.225409,0.938022,0.346851,0.801702,0.909839,0.183420,0.526614,0.662445,0.595707,0.195319,0.866349,0.439606,0.680847,0.291124,0.106998,0.770256,0.538289,0.499319,0.361859,0.642684,0.413503,0.135260,0.789188,0.432627,0.179715,0.731633,0.452175,0.758450,0.177662,0.898362,0.224592,0.277983,0.647701,0.683550,0.942737,0.419502,0.710317,0.408667,0.525365,0.263786,0.701831,0.618108,0.601277,0.145584,0.623680,0.098355,0.949506,0.915359,0.810823,0.897475,0.416142,0.702043,0.929286,0.591274
SYN_BIGPN_0164,1,1,1,0,0.626132,0.881936,0.093343,0.095359,0.127996,0.218518,0.154300,0.442172,0.134244,0.507415,0.936936,0.723407,0.862453,0.354531,0.356200,0.351848,0.060478,0.544438,0.415752,0.375891,0.332569,0.636018,0.451158,0.318642,0.401976,0.462161,0.193333,0.506353,0.791094,0.129360,0.290652,0.118675,0.495296,0.493089,0.514370,0.511330,0.105228,0.363195,0.555503,0.469527,0.320158,0.935413,0.513963,0.183760,0.658770,0.281506,0.113221,0.841916,0.451667,0.763990,0.943439,0.421735,0.069462,0.642513,0.725307,0.558285,0.792148,0.398037,0.267528,0.240597,0.211907,0.864607,0.648879,0.571918,0.333098,0.276030,0.512533,0.583884,0.936453,0.868575,0.167266,0.811579,0.062979,0.719984,0.928996,0.173888,0.214465,0.894456,0.905686,0.653523,0.266336,0.854273,0.937299,0.432500,0.603289,0.642988,0.250914,0.455071,0.865550,0.241127,0.514014,0.394491,0.464098,0.376775,0.578780,0.781224,0.679190,0.285398,0.910638,0.853137,0.766050,0.667969,0.365539,0.357509,0.368006,0.550638,0.931934,0.156109,0.060237,0.066887,0.228883,0.429164,0.578549
SYN_BIGPN_0165,1,1,1,1,0.343719,0.257093,0.650254,0.813040,0.222765,0.845645,0.819595,0.702430,0.875107,0.803591,0.398058,0.605957,0.825389,0.377456,0.232493,0.784552,0.430439,0.718813,0.794965,0.595908,0.419950,0.378428,0.051668,0.215313,0.698244,0.481674,0.503488,0.248438,0.079809,0.365290,0.401516,0.089966,0.055844,0.882504,0.405061,0.120126,0.927301,0.687520,0.512605,0.429810,0.089875,0.249142,0.328365,0.321708,0.265983,0.862357,0.626339,0.421133,0.323463,0.904839,0.220304,0.687720,0.441997,0.691357,0.528267,0.816612,0.898889,0.531648,0.309749,0.108639,0.222458,0.199483,0.465678,0.623275,0.490938,0.677523,0.640038,0.855876,0.467416,0.888209,0.432519,0.302018,0.813907,0.306242,0.636019,0.577498,0.212191,0.673360,0.834462,0.486547,0.147541,0.515291,0.428530,0.782317,0.072420,0.807180,0.535216,0.115208,0.930781,0.243668,0.137083,0.743811,0.735716,0.742064,0.143373,0.459526,0.356982,0.261844,0.157833,0.312303,0.267141,0.192807,0.270302,0.538651,0.666718,0.215951,0.477706,0.511427,0.348544,0.398707,0.839265,0.935246,0.420755
SYN_BIGPN_0166,0,1,0,1,0.676956,0.943597,0.939227,0.779015,0.180497,0.191017,0.634033,0.318058,0.439527,0.439991,0.120105,0.846098,0.200567,0.733530,0.504644,0.456836,0.439366,0.452864,0.497427,0.229734,0.897112,0.491300,0.798696,0.646309,0.891289,0.073913,0.860113,0.401233,0.484803,0.411418,0.208177,0.474248,0.440080,0.348397,0.805150,0.136621,0.245202,0.906654,0.289650,0.367992,0.261931,0.429532,0.214654,0.070878,0.465936,0.470651,0.313041,0.499688,0.239787,0.434141,0.717795,0.513487,0.314332,0.089265,0.319639,0.262511,0.824554,0.139769,0.888115,0.265953,0.340885,0.547390,0.592717,0.149952,0.336862,0.826423,0.475144,0.748636,0.344613,0.173257,0.189684,0.056839,0.609679,0.801764,0.444731,0.411067,0.626924,0.161632,0.367980,0.750144,0.228105,0.787353,0.519944,0.926609,0.121754,0.615354,0.234364,0.896644,0.755056,0.753176,0.328076,0.801380,0.590412,0.662724,0.930413,0.648691,0.279477,0.407361,0.123110,0.850280,0.440052,0.606922,0.305291,0.426737,0.663021,0.359952,0.357232,0.078956,0.819768,0.520464,0.786213,0.300692,0.258725
SYN_BIGPN_0167,0,0,1,1,0.780798,0.883142,0.841517,0.777739,0.624703,0.918110,0.799593,0.695848,0.329282,0.183440,0.718380,0.501399,0.908587,0.352301,0.749372,0.201425,0.395234,0.754060,0.090652,0.262216,0.481361,0.477844,0.868585,0.208524,0.061306,0.909922,0.728596,0.065952,0.633322,0.394024,0.591206,0.634273,0.885819,0.618910,0.390616,0.174747,0.262368,0.096092,0.440098,0.474861,0.056669,0.786181,0.340432,0.178405,0.420791,0.173590,0.056624,0.427079,0.829663,0.309620,0.703221,0.487098,0.433464,0.674788,0.875306,0.263229,0.548085,0.155008,0.920841,0.853415,0.445928,0.729844,0.701129,0.088918,0.707740,0.283970,0.781907,0.481576,0.442159,0.586518,0.424239,0.840256,0.604669,0.533409,0.299912,0.208783,0.855931,0.800381,0.493423,0.892750,0.103671,0.837822,0.349670,0.152224,0.481839,0.647936,0.941453,0.505975,0.742172,0.662531,0.635013,0.696292,0.561989,0.866703,0.301567,0.204102,0.657418,0.333082,0.922500,0.596367,0.690993,0.925263,0.071836,0.311305,0.506053,0.802287,0.283757,0.199132,0.157552,0.479348,0.841030,0.789920,0.615314
SYN_BIGPN_0168,0,0,1,0,0.884749,0.826929,0.815870,0.341436,0.583523,0.417656,0.091712,0.294445,0.283402,0.199808,0.329706,0.292642,0.565563,0.305357,0.132568,0.241613,0.703618,0.816913,0.272909,0.297248,0.238565,0.936492,0.406825,0.716057,0.912688,0.066695,0.500237,0.157618,0.644334,0.524665,0.413831,0.836342,0.543577,0.585522,0.364896,0.705941,0.404334,0.318987,0.498736,0.897658,0.280391,0.071556,0.551353,0.614435,0.736826,0.849242,0.940862,0.627328,0.296964,0.849654,0.317060,0.515754,0.309953,0.174800,0.612192,0.287446,0.803782,0.349689,0.142834,0.075262,0.606677,0.152501,0.202777,0.812322,0.537651,0.722785,0.818099,0.284420,0.385819,0.254517,0.943159,0.652811,0.336811,0.456362,0.773429,0.911684,0.216534,0.193608,0.535633,0.062473,0.235446,0.703495,0.364143,0.497581,0.308051,0.624212,0.142259,0.487253,0.344683,0.301196,0.086330,0.272040,0.205316,0.460596,0.425059,0.200541,0.376372,0.082806,0.133677,0.768481,0.059623,0.520859,0.326835,0.833044,0.889734,0.148931,0.937480,0.633170,0.427938,0.333996,0.780895,0.906690,0.434788
SYN_BIGPN_0169,1,0,0,1,0.106551,0.203990,0.299027,0.387090,0.841581,0.816752,0.767151,0.269727,0.686864,0.085324,0.198674,0.696385,0.788406,0.236531,0.075255,0.141962,0.244933,0.803899,0.722423,0.940175,0.881809,0.122028,0.942848,0.252208,0.233482,0.181325,0.065755,0.598144,0.192113,0.106786,0.817655,0.809633,0.325925,0.208830,0.106809,0.796301,0.534684,0.682857,0.231835,0.349223,0.174589,0.921236,0.219367,0.452613,0.675201,0.689656,0.558059,0.760082,0.179271,0.628239,0.142340,0.280349,0.924825,0.827146,0.718803,0.301029,0.909190,0.199191,0.552895,0.085987,0.207572,0.908627,0.949414,0.691896,0.163524,0.581593,0.847345,0.637146,0.662549,0.184648,0.684004,0.395041,0.578786,0.344429,0.768149,0.591114,0.339334,0.115752,0.892171,0.499468,0.403613,0.799970,0.351197,0.318890,0.500855,0.260721,0.591643,0.273582,0.465122,0.812846,0.710155,0.546615,0.288437,0.201914,0.278784,0.165756,0.740444,0.451762,0.574022,0.842082,0.436742,0.430070,0.205574,0.729223,0.580502,0.812336,0.435666,0.521858,0.463163,0.321738,0.471727,0.700107,0.722103
SYN_BIGPN_0170,1,0,0,0,0.379396,0.784336,0.650434,0.826147,0.251009,0.333298,0.269312,0.804536,0.450954,0.777086,0.097405,0.591472,0.129557,0.117535,0.313066,0.494070,0.840733,0.715411,0.197600,0.920252,0.109100,0.786054,0.150509,0.370319,0.350458,0.114870,0.269994,0.586415,0.292115,0.831472,0.649920,0.933568,0.470564,0.744962,0.498021,0.756444,0.262703,0.646400,0.904622,0.939497,0.256545,0.526245,0.595173,0.414532,0.645123,0.869597,0.771404,0.311994,0.111929,0.685798,0.738078,0.613682,0.289495,0.601014,0.134509,0.229929,0.718182,0.725069,0.180916,0.928414,0.508276,0.075216,0.617041,0.442918,0.184160,0.835748,0.699126,0.397703,0.674253,0.166245,0.823493,0.272873,0.346130,0.433207,0.118614,0.076909,0.680173,0.917970,0.441746,0.435916,0.587789,0.941188,0.395424,0.204703,0.766462,0.762778,0.090884,0.493840,0.851014,0.591956,0.302145,0.540476,0.630140,0.888521,0.523152,0.267358,0.147823,0.819138,0.369410,0.361214,0.149189,0.702164,0.386667,0.640606,0.649152,0.796000,0.700122,0.723831,0.149393,0.246490,0.391815,0.923423,0.512879
SYN_BIGPN_0171,1,0,0,1,0.367948,0.578395,0.654840,0.711929,0.503512,0.931564,0.422664,0.227965,0.510267,0.897586,0.319303,0.557648,0.481958,0.889078,0.701361,0.742846,0.459906,0.330020,0.704005,0.425161,0.843221,0.915152,0.207613,0.255156,0.282498,0.577328,0.392239,0.829013,0.522311,0.082963,0.284840,0.786258,0.485384,0.865637,0.530224,0.256017,0.469304,0.059871,0.228011,0.326145,0.747179,0.747811,0.356888,0.113802,0.702057,0.778117,0.372068,0.342065,0.401676,0.308004,0.486328,0.176766,0.944266,0.388025,0.193930,0.155215,0.931262,0.727879,0.652344,0.071996,0.420525,0.298298,0.765663,0.411935,0.903082,0.588720,0.716472,0.728317,0.496782,0.145057,0.264600,0.239761,0.116924,0.782063,0.626658,0.707361,0.407427,0.283292,0.343208,0.780666,0.229505,0.298919,0.825017,0.193094,0.808928,0.921105,0.320734,0.449764,0.811577,0.253892,0.072234,0.223050,0.201643,0.348778,0.501290,0.226842,0.816765,0.680332,0.473807,0.695422,0.171226,0.540186,0.800449,0.682975,0.192004,0.584563,0.394062,0.142414,0.913550,0.703700,0.751802,0.862015,0.213577
SYN_BIGPN_0172,0,1,0,1,0.276072,0.297976,0.573537,0.871626,0.935289,0.483042,0.251326,0.297750,0.383572,0.189945,0.851175,0.647410,0.376269,0.805191,0.293542,0.236559,0.448237,0.817197,0.637804,0.333422,0.093590,0.283648,0.470540,0.177475,0.608929,0.880976,0.775175,0.519475,0.567126,0.891278,0.795072,0.201451,0.094397,0.428275,0.887117,0.943905,0.596185,0.447137,0.840735,0.294926,0.872920,0.772486,0.912748,0.288717,0.306474,0.273095,0.333319,0.297069,0.848706,0.081454,0.750893,0.502189,0.472529,0.227866,0.215206,0.192520,0.293576,0.502347,0.865965,0.870786,0.056393,0.250022,0.275670,0.105010,0.648551,0.770379,0.877655,0.272187,0.484744,0.079514,0.822906,0.122051,0.949176,0.722737,0.253294,0.465906,0.634251,0.255079,0.253666,0.183367,0.858701,0.797030,0.664682,0.219487,0.478678,0.509637,0.363938,0.460604,0.643157,0.640897,0.863551,0.123492,0.669796,0.932070,0.849055,0.242727,0.800935,0.255324,0.897970,0.437970,0.909388,0.849785,0.648084,0.083752,0.221684,0.590468,0.150843,0.549666,0.543901,0.209312,0.610004,0.364887,0.649909
SYN_BIGPN_0173,0,1,0,1,0.745482,0.615781,0.289996,0.297154,0.948477,0.699437,0.288095,0.428183,0.540880,0.552939,0.451951,0.679813,0.388374,0.897109,0.633451,0.796671,0.393794,0.867021,0.849773,0.513979,0.314291,0.153014,0.074848,0.174741,0.155052,0.316089,0.373734,0.231453,0.247564,0.689905,0.827269,0.371302,0.259960,0.656432,0.710005,0.092692,0.099395,0.642198,0.616281,0.634249,0.577480,0.070919,0.088280,0.606072,0.218097,0.806298,0.512147,0.802110,0.697398,0.068144,0.479458,0.411375,0.497142,0.820167,0.730557,0.111434,0.522284,0.092999,0.218621,0.375150,0.113784,0.336482,0.614897,0.796179,0.060435,0.896056,0.293147,0.691456,0.673964,0.395432,0.302548,0.408148,0.721561,0.747396,0.638958,0.879622,0.869301,0.131858,0.740931,0.379711,0.445889,0.193407,0.427219,0.936370,0.926148,0.762918,0.826722,0.848030,0.058942,0.901521,0.511928,0.679665,0.364269,0.064716,0.815333,0.492205,0.173425,0.660898,0.486278,0.807950,0.921283,0.406146,0.454175,0.061878,0.874111,0.286122,0.568800,0.792857,0.223439,0.627494,0.929711,0.198520,0.705732
SYN_BIGPN_0174,1,0,0,0,0.447094,0.604034,0.256840,0.466337,0.570923,0.212025,0.628552,0.392859,0.221814,0.506580,0.274612,0.707305,0.522820,0.223862,0.701851,0.813359,0.283823,0.863187,0.768992,0.726258,0.361532,0.656400,0.370777,0.403646,0.689087,0.909567,0.291688,0.539312,0.571154,0.463871,0.781381,0.651068,0.213506,0.575517,0.903595,0.069519,0.065515,0.542307,0.563404,0.641538,0.222525,0.415386,0.444139,0.300252,0.916717,0.296155,0.349709,0.696241,0.934452,0.308133,0.343744,0.539937,0.257351,0.811497,0.187005,0.873357,0.846502,0.229224,0.491584,0.634378,0.132354,0.217972,0.844269,0.321209,0.393525,0.451749,0.647910,0.697800,0.832729,0.326310,0.327332,0.322510,0.172143,0.852813,0.539328,0.472636,0.324309,0.194629,0.809362,0.555092,0.726135,0.390806,0.363596,0.495819,0.455061,0.194660,0.560838,0.237040,0.659334,0.774626,0.065397,0.308441,0.162366,0.688167,0.059940,0.523205,0.335799,0.678375,0.406907,0.451340,0.675203,0.690416,0.437476,0.681054,0.433513,0.185253,0.698848,0.879987,0.553313,0.409947,0.343392,0.697845,0.456312
SYN_BIGPN_0175,1,0,0,0,0.538402,0.161032,0.854927,0.422527,0.188132,0.106551,0.676465,0.507682,0.339835,0.640298,0.490452,0.924326,0.243759,0.103053,0.448675,0.380689,0.736355,0.729837,0.118461,0.778364,0.285491,0.695406,0.575517,0.589077,0.747951,0.573555,0.728653,0.188187,0.176465,0.186336,0.582143,0.645258,0.449169,0.222132,0.246186,0.069647,0.507403,0.592387,0.845709,0.762408,0.919488,0.457843,0.429475,0.257867,0.614444,0.705001,0.141666,0.212041,0.722334,0.710668,0.546050,0.590436,0.448679,0.207196,0.324983,0.613047,0.492813,0.566120,0.256982,0.291906,0.596791,0.675990,0.742788,0.332167,0.788740,0.331486,0.548838,0.559009,0.535267,0.753655,0.078353,0.060914,0.096619,0.921015,0.526894,0.203978,0.800940,0.569070,0.752353,0.874673,0.933758,0.576736,0.731575,0.241475,0.146814,0.064618,0.721488,0.102897,0.187708,0.143228,0.231998,0.658878,0.491164,0.943604,0.634697,0.102890,0.352045,0.113921,0.578325,0.503123,0.519558,0.293558,0.579828,0.698627,0.747537,0.846156,0.875274,0.589627,0.773191,0.661672,0.753563,0.408248,0.285744
SYN_BIGPN_0176,0,1,1,1,0.722760,0.399402,0.764905,0.851409,0.145916,0.316666,0.144871,0.502380,0.330814,0.162015,0.472501,0.081612,0.642571,0.163140,0.272219,0.899260,0.245277,0.693024,0.809547,0.871850,0.653443,0.871977,0.487008,0.754089,0.620597,0.083829,0.840288,0.070433,0.326404,0.345575,0.307733,0.862674,0.215874,0.904864,0.902090,0.573485,0.564781,0.729215,0.690046,0.202912,0.330802,0.267979,0.852073,0.801761,0.942047,0.612361,0.544993,0.783154,0.739512,0.682601,0.052563,0.392720,0.291208,0.085989,0.860666,0.311436,0.933313,0.686920,0.799165,0.350783,0.618729,0.914633,0.123312,0.937900,0.178042,0.162382,0.278639,0.508762,0.801896,0.602909,0.619825,0.282910,0.619614,0.698698,0.866464,0.435431,0.601258,0.738694,0.676341,0.291315,0.378155,0.309974,0.631243,0.221606,0.905325,0.144600,0.089760,0.158513,0.418027,0.635093,0.816465,0.245454,0.379185,0.389128,0.148128,0.871016,0.400458,0.072472,0.387918,0.264848,0.597452,0.492185,0.829355,0.851221,0.948011,0.874271,0.229393,0.249718,0.423573,0.624006,0.526350,0.201000,0.106064
SYN_BIGPN_0177,1,1,1,1,0.374890,0.652404,0.645851,0.242122,0.118135,0.936884,0.608679,0.417942,0.685833,0.642690,0.704609,0.364060,0.184637,0.881680,0.745766,0.695939,0.622602,0.639735,0.837630,0.383806,0.821613,0.889740,0.672179,0.205765,0.675089,0.577576,0.262965,0.096122,0.779546,0.740371,0.674798,0.375292,0.890318,0.431303,0.530684,0.672790,0.921063,0.357287,0.674761,0.410593,0.330743,0.328645,0.609191,0.179596,0.669375,0.091462,0.145812,0.664335,0.753659,0.139686,0.883325,0.864644,0.191864,0.628609,0.847982,0.639073,0.728850,0.780420,0.208994,0.554785,0.253857,0.378063,0.919542,0.398881,0.634790,0.837707,0.704973,0.297893,0.091387,0.324578,0.462917,0.069052,0.909866,0.211606,0.158580,0.388126,0.680688,0.737146,0.280297,0.914565,0.441709,0.208992,0.088331,0.859574,0.368314,0.757728,0.524636,0.196702,0.531344,0.418867,0.370074,0.348759,0.826081,0.864543,0.710938,0.825607,0.857286,0.414760,0.329994,0.162366,0.792218,0.115897,0.607986,0.293573,0.832084,0.521267,0.866352,0.181106,0.062456,0.478715,0.064811,0.506045,0.438677
SYN_BIGPN_0178,1,0,0,1,0.204331,0.610582,0.161906,0.519579,0.877332,0.316364,0.126903,0.452696,0.783983,0.399866,0.116541,0.297038,0.661050,0.435807,0.076431,0.418947,0.377016,0.945189,0.143255,0.162663,0.094233,0.423403,0.643221,0.478270,0.697605,0.734992,0.778069,0.690111,0.593784,0.184420,0.203958,0.154614,0.764276,0.582290,0.451959,0.066894,0.934910,0.750018,0.268721,0.838793,0.287546,0.861400,0.689858,0.769892,0.384653,0.122829,0.712328,0.777985,0.837365,0.293350,0.805351,0.350863,0.467785,0.182180,0.244120,0.179619,0.167993,0.917583,0.599585,0.442817,0.396380,0.930545,0.844249,0.707689,0.103272,0.097107,0.853326,0.874664,0.805565,0.173493,0.906220,0.933617,0.239826,0.273589,0.370713,0.498020,0.393341,0.444033,0.606274,0.235057,0.883167,0.080461,0.411675,0.235407,0.053531,0.855957,0.821906,0.098665,0.116943,0.313284,0.158709,0.844216,0.928322,0.848878,0.127130,0.121848,0.329405,0.551578,0.097701,0.782553,0.442788,0.598232,0.856579,0.414543,0.662069,0.516570,0.858931,0.567262,0.316196,0.344953,0.417917,0.099392,0.706783
SYN_BIGPN_0179,1,0,0,1,0.514668,0.568359,0.118219,0.499269,0.766194,0.892348,0.657853,0.464035,0.929441,0.593319,0.615419,0.937959,0.944402,0.181288,0.555968,0.276058,0.293145,0.947314,0.125032,0.255417,0.128089,0.779166,0.703349,0.502423,0.073972,0.843542,0.144372,0.187471,0.341177,0.403469,0.164961,0.887704,0.197044,0.706994,0.439018,0.580113,0.297803,0.105350,0.409677,0.572321,0.734849,0.154764,0.801097,0.907959,0.139678,0.578630,0.729933,0.678478,0.542421,0.811353,0.594515,0.823657,0.316472,0.738561,0.345037,0.142128,0.694568,0.554451,0.546828,0.397734,0.839504,0.802277,0.612026,0.097793,0.387397,0.556409,0.818745,0.872370,0.164644,0.830361,0.525605,0.519478,0.232287,0.141962,0.162479,0.861287,0.692666,0.851202,0.649087,0.807081,0.533253,0.763090,0.097205,0.387028,0.126565,0.495788,0.176017,0.178276,0.460037,0.854312,0.477562,0.948685,0.683743,0.539181,0.250990,0.614138,0.449609,0.946962,0.451979,0.055382,0.323520,0.784714,0.325973,0.823230,0.948565,0.771150,0.136253,0.534621,0.450470,0.583138,0.913035,0.654768,0.188939
SYN_BIGPN_0180,1,0,0,1,0.501463,0.666053,0.731430,0.639580,0.200273,0.823664,0.382035,0.685565,0.317555,0.571491,0.820920,0.850950,0.441668,0.360798,0.068572,0.269243,0.753993,0.199350,0.658546,0.139653,0.119420,0.316292,0.574954,0.244018,0.119644,0.154506,0.125739,0.446958,0.849077,0.089904,0.196322,0.106572,0.294987,0.664267,0.168352,0.451020,0.361984,0.323299,0.575326,0.772256,0.166283,0.344342,0.572797,0.607787,0.389274,0.584903,0.889270,0.334382,0.103830,0.640029,0.448218,0.121251,0.360131,0.113676,0.513212,0.486113,0.236547,0.163696,0.339611,0.286617,0.114998,0.070618,0.651754,0.151949,0.405345,0.490407,0.509543,0.464326,0.067048,0.612233,0.619788,0.930988,0.385924,0.310252,0.672918,0.269215,0.113945,0.758678,0.235764,0.618079,0.601067,0.808706,0.386396,0.837419,0.834053,0.370852,0.496917,0.940082,0.417340,0.104496,0.068589,0.388024,0.612149,0.727679,0.470358,0.183933,0.701329,0.230616,0.602672,0.144539,0.449059,0.572827,0.933430,0.644665,0.593362,0.495234,0.666778,0.769797,0.604448,0.091299,0.060442,0.212881,0.278046
SYN_BIGPN_0181,0,0,0,0,0.834202,0.852272,0.319506,0.355844,0.513938,0.585040,0.619366,0.859253,0.307516,0.776563,0.545312,0.714508,0.440113,0.780100,0.431043,0.593626,0.772733,0.674051,0.508204,0.890442,0.732919,0.753641,0.928099,0.596117,0.215099,0.873427,0.408074,0.054962,0.115227,0.259621,0.460605,0.796245,0.663237,0.666256,0.822253,0.067747,0.754927,0.579241,0.764178,0.370816,0.913914,0.596102,0.200860,0.282163,0.507105,0.713136,0.353566,0.358111,0.658383,0.442804,0.226017,0.684235,0.408821,0.609102,0.420772,0.312619,0.656622,0.857935,0.528003,0.296495,0.390316,0.586079,0.175507,0.332602,0.093420,0.676296,0.674061,0.327759,0.813129,0.094433,0.154236,0.734555,0.632981,0.128875,0.349309,0.171627,0.694320,0.255771,0.791696,0.808552,0.387286,0.684591,0.133835,0.914334,0.437177,0.324479,0.117632,0.583794,0.305479,0.394434,0.360357,0.590196,0.203216,0.870771,0.431092,0.232174,0.522163,0.451517,0.500808,0.727653,0.883705,0.379176,0.825154,0.362710,0.416397,0.783927,0.527543,0.724379,0.251134,0.377875,0.631522,0.412388,0.923909
SYN_BIGPN_0182,1,1,1,1,0.085820,0.708403,0.704087,0.144564,0.427975,0.457208,0.812468,0.187250,0.940522,0.359182,0.210177,0.337841,0.790416,0.802572,0.410677,0.721244,0.623094,0.130645,0.091068,0.403713,0.429087,0.418425,0.249495,0.573574,0.269618,0.177097,0.259943,0.074934,0.774780,0.349509,0.676284,0.342687,0.644669,0.809319,0.544096,0.052233,0.172208,0.659757,0.146837,0.695176,0.742444,0.569941,0.307270,0.662984,0.658000,0.949857,0.119958,0.085946,0.819598,0.608421,0.523394,0.835902,0.058172,0.473279,0.926688,0.548669,0.513825,0.852613,0.554191,0.636211,0.206168,0.924005,0.247902,0.515947,0.424703,0.162645,0.126966,0.470295,0.083698,0.064055,0.662026,0.752784,0.075993,0.893676,0.252568,0.895914,0.474708,0.889515,0.506624,0.899509,0.103537,0.589661,0.136731,0.572736,0.700434,0.916404,0.066173,0.148237,0.237666,0.725163,0.376505,0.509116,0.427909,0.196126,0.595985,0.931177,0.710927,0.811468,0.578373,0.319363,0.641082,0.782360,0.105200,0.237988,0.529984,0.654600,0.209673,0.625739,0.222571,0.323551,0.066089,0.178370,0.099397
SYN_BIGPN_0183,0,1,1,0,0.351550,0.268963,0.555983,0.832162,0.079096,0.692513,0.293027,0.505441,0.520674,0.417102,0.462822,0.393348,0.485678,0.941110,0.111307,0.248995,0.465956,0.836194,0.240243,0.077575,0.607061,0.109654,0.244525,0.866638,0.325257,0.800809,0.817024,0.625090,0.215427,0.535447,0.073170,0.241178,0.696971,0.192522,0.627928,0.635663,0.760503,0.140712,0.121907,0.357245,0.949602,0.599652,0.226545,0.819223,0.439288,0.330318,0.365304,0.506890,0.948630,0.416529,0.701549,0.278122,0.248685,0.627437,0.930953,0.345871,0.201409,0.215115,0.843862,0.672198,0.367412,0.479719,0.328393,0.464327,0.217820,0.298126,0.753864,0.246854,0.787769,0.734429,0.689965,0.676405,0.753657,0.114635,0.097286,0.700023,0.467404,0.909989,0.331969,0.316591,0.480409,0.212619,0.054302,0.559298,0.761237,0.341997,0.127896,0.428150,0.367651,0.936884,0.948720,0.291251,0.092094,0.897282,0.838618,0.473212,0.105724,0.070622,0.313427,0.648944,0.263698,0.136219,0.469996,0.606773,0.916131,0.122190,0.905309,0.593624,0.378977,0.348497,0.280744,0.818166,0.198319
SYN_BIGPN_0184,0,1,1,0,0.330590,0.401953,0.313127,0.362045,0.838485,0.742709,0.696460,0.861442,0.086228,0.441706,0.865551,0.841559,0.731736,0.888241,0.310877,0.521178,0.063275,0.592800,0.659788,0.401031,0.739555,0.537915,0.594737,0.197648,0.719479,0.132997,0.781196,0.688325,0.529239,0.093982,0.406398,0.373870,0.339286,0.932086,0.924564,0.611216,0.373151,0.533039,0.557532,0.113164,0.211706,0.369948,0.756002,0.678822,0.523835,0.399687,0.288185,0.196917,0.435058,0.255530,0.946474,0.069280,0.459886,0.299845,0.736758,0.465637,0.643688,0.701004,0.365757,0.925517,0.214044,0.273057,0.640281,0.193188,0.525856,0.823935,0.121157,0.935411,0.284055,0.600645,0.099967,0.059522,0.259531,0.306491,0.846056,0.410789,0.608582,0.403766,0.948347,0.921130,0.187981,0.156333,0.428828,0.730423,0.848750,0.228501,0.252221,0.180703,0.498770,0.718864,0.605480,0.297226,0.061590,0.452564,0.508452,0.084818,0.212492,0.092473,0.586129,0.119552,0.539499,0.602203,0.393108,0.588589,0.437797,0.367092,0.557612,0.429022,0.384262,0.921969,0.716825,0.278953,0.254259
SYN_BIGPN_0185,1,0,0,0,0.216764,0.286847,0.884294,0.443068,0.862914,0.564183,0.177988,0.276373,0.740983,0.616129,0.500841,0.529679,0.822654,0.804286,0.909271,0.186910,0.212867,0.574417,0.640487,0.378866,0.905389,0.680917,0.619976,0.202005,0.087018,0.728346,0.461549,0.845815,0.235820,0.395390,0.193451,0.196721,0.159957,0.632760,0.304855,0.871801,0.693510,0.524591,0.914365,0.620504,0.080853,0.877723,0.592939,0.334341,0.308155,0.064986,0.806031,0.691157,0.522365,0.253657,0.888653,0.515115,0.789231,0.332579,0.639149,0.883294,0.271492,0.135866,0.503180,0.058300,0.104162,0.857887,0.937300,0.586272,0.214858,0.793015,0.859308,0.456556,0.165059,0.286107,0.538822,0.160534,0.921455,0.323185,0.310999,0.526214,0.351191,0.412496,0.920942,0.470932,0.580961,0.788369,0.134266,0.160749,0.648672,0.683439,0.521481,0.676776,0.640145,0.791001,0.685307,0.500934,0.394095,0.200048,0.757494,0.490861,0.421050,0.153515,0.782594,0.083596,0.503641,0.285536,0.705506,0.634838,0.656470,0.794745,0.291312,0.425852,0.113879,0.102977,0.298436,0.208460,0.894508
SYN_BIGPN_0186,0,0,1,0,0.275854,0.173082,0.867304,0.558981,0.911608,0.539791,0.948226,0.384553,0.521184,0.542972,0.237329,0.925029,0.196835,0.895721,0.905487,0.228835,0.931285,0.340122,0.817374,0.441174,0.591387,0.124425,0.371732,0.361164,0.793027,0.571053,0.050777,0.453192,0.834458,0.699787,0.172904,0.898565,0.383197,0.406338,0.921677,0.735896,0.173666,0.943182,0.123222,0.338355,0.874334,0.529572,0.270539,0.649299,0.736350,0.121927,0.465179,0.853638,0.764836,0.589376,0.055165,0.633045,0.650901,0.786450,0.492158,0.518287,0.845135,0.715251,0.469512,0.530374,0.574138,0.413842,0.853028,0.318424,0.578146,0.944566,0.245809,0.266782,0.650517,0.345063,0.721481,0.747560,0.766289,0.384674,0.847678,0.939166,0.507366,0.233884,0.575780,0.824773,0.128215,0.224452,0.793381,0.931918,0.481191,0.403692,0.351502,0.142660,0.121933,0.691447,0.148230,0.880444,0.685290,0.488054,0.408310,0.460220,0.282780,0.370229,0.509111,0.200705,0.339118,0.112025,0.111206,0.919795,0.866299,0.715985,0.124545,0.146702,0.050605,0.606563,0.183798,0.440443,0.150123
SYN_BIGPN_0187,0,0,0,1,0.392059,0.841603,0.522434,0.793780,0.879769,0.794956,0.575760,0.884616,0.659776,0.202322,0.114424,0.737792,0.508863,0.210498,0.324116,0.835981,0.934223,0.918599,0.344624,0.704043,0.648416,0.196448,0.311741,0.302719,0.931462,0.843086,0.713402,0.325173,0.943666,0.776237,0.349123,0.921918,0.844235,0.517804,0.797893,0.794995,0.804494,0.552073,0.652382,0.674193,0.499691,0.326548,0.831362,0.463762,0.286574,0.662897,0.823353,0.312158,0.871020,0.912276,0.125527,0.708896,0.109209,0.226005,0.502282,0.709912,0.753384,0.499090,0.787202,0.896182,0.236027,0.653122,0.594998,0.911958,0.521772,0.385564,0.356953,0.682349,0.932872,0.482610,0.365762,0.413290,0.798754,0.776106,0.654761,0.362352,0.673101,0.538703,0.085073,0.523734,0.499459,0.500462,0.850930,0.759268,0.472566,0.536636,0.554004,0.688441,0.395788,0.614968,0.765437,0.534762,0.336102,0.781040,0.759205,0.454601,0.527469,0.659789,0.286971,0.594007,0.637520,0.330090,0.123014,0.345312,0.568464,0.807039,0.288085,0.713527,0.700509,0.751887,0.507972,0.125371,0.706670
SYN_BIGPN_0188,1,1,0,0,0.173462,0.372745,0.713262,0.200255,0.816165,0.605309,0.840134,0.096659,0.618210,0.916479,0.472359,0.112029,0.268288,0.335926,0.660838,0.128436,0.644741,0.171253,0.592341,0.825989,0.268327,0.054390,0.499705,0.755005,0.534258,0.339533,0.153720,0.234905,0.670152,0.342890,0.285940,0.457227,0.447523,0.122963,0.604693,0.660896,0.882010,0.365988,0.161513,0.184860,0.891322,0.854195,0.377143,0.802841,0.612305,0.670651,0.883801,0.199171,0.767138,0.660196,0.058421,0.201900,0.337607,0.416386,0.105537,0.416155,0.856002,0.247616,0.920134,0.709019,0.563519,0.581166,0.539169,0.175489,0.118314,0.582592,0.194946,0.570027,0.330611,0.478110,0.345200,0.582165,0.864434,0.265355,0.082191,0.867240,0.558077,0.320877,0.723956,0.074666,0.772899,0.556805,0.642436,0.101017,0.489307,0.410071,0.466345,0.734305,0.106285,0.166107,0.165671,0.677866,0.300296,0.464561,0.381684,0.422203,0.295672,0.750322,0.900303,0.650934,0.219603,0.646974,0.305945,0.136055,0.317501,0.269085,0.894200,0.764488,0.934855,0.672269,0.873323,0.306800,0.379463
SYN_BIGPN_0189,1,1,0,1,0.910093,0.749071,0.910824,0.394033,0.503240,0.718559,0.864552,0.130989,0.538043,0.484732,0.077854,0.702700,0.250550,0.744390,0.570647,0.516676,0.111349,0.729371,0.245861,0.455827,0.739666,0.428866,0.822896,0.941534,0.432267,0.460788,0.115990,0.414012,0.717270,0.522535,0.879478,0.370914,0.586447,0.138284,0.722728,0.474374,0.741888,0.162221,0.879142,0.905057,0.256679,0.099750,0.253956,0.055695,0.139040,0.187848,0.217743,0.878507,0.339373,0.401210,0.893719,0.830901,0.532214,0.582041,0.058607,0.673301,0.410065,0.313756,0.709847,0.870283,0.277433,0.480446,0.540214,0.057804,0.449824,0.798519,0.278677,0.286345,0.334880,0.260807,0.863698,0.487348,0.737288,0.746901,0.129467,0.176436,0.471663,0.427012,0.150670,0.063388,0.273134,0.514369,0.595846,0.606521,0.367153,0.210126,0.936996,0.506788,0.626261,0.764121,0.717670,0.195862,0.417731,0.659346,0.461985,0.690301,0.110891,0.899781,0.677046,0.513842,0.378110,0.298021,0.421340,0.832759,0.522399,0.449482,0.883953,0.712945,0.692417,0.916841,0.801296,0.940996,0.866145
SYN_BIGPN_0190,0,0,0,0,0.744105,0.938863,0.518544,0.401972,0.718942,0.147443,0.490977,0.915389,0.144731,0.868885,0.610492,0.721993,0.284976,0.615254,0.902856,0.423915,0.696149,0.237796,0.900230,0.702521,0.102502,0.380726,0.909217,0.730902,0.786245,0.429384,0.156980,0.255553,0.762427,0.791300,0.189651,0.587310,0.573951,0.870710,0.894088,0.885616,0.233571,0.139808,0.685110,0.705595,0.542258,0.622284,0.644643,0.061783,0.713111,0.251084,0.656341,0.761373,0.734936,0.924653,0.934578,0.267418,0.815168,0.523405,0.936836,0.744890,0.211736,0.086075,0.878071,0.530635,0.309383,0.418107,0.662494,0.826199,0.661222,0.147020,0.881460,0.103687,0.339679,0.690497,0.510974,0.079005,0.591334,0.751248,0.168324,0.276737,0.358816,0.930638,0.877008,0.904958,0.358853,0.278349,0.294510,0.812527,0.949849,0.393010,0.518714,0.757257,0.199150,0.593794,0.256041,0.114857,0.120165,0.755685,0.843187,0.532865,0.581590,0.147276,0.135700,0.558909,0.904693,0.561024,0.834579,0.070972,0.435215,0.232626,0.883094,0.089586,0.188251,0.174416,0.316179,0.706374,0.290481
SYN_BIGPN_0191,0,0,1,0,0.519215,0.887319,0.897137,0.438930,0.700906,0.705188,0.937230,0.334885,0.666952,0.105116,0.875024,0.256206,0.666945,0.103985,0.234687,0.320708,0.861556,0.716986,0.869771,0.387856,0.836537,0.276412,0.173071,0.233179,0.911669,0.229359,0.149862,0.745871,0.710834,0.341016,0.424108,0.573533,0.762200,0.875441,0.150077,0.858154,0.178438,0.595946,0.700264,0.832447,0.940678,0.470668,0.171513,0.684116,0.083544,0.276390,0.670947,0.371370,0.317093,0.675636,0.574800,0.194019,0.590549,0.783376,0.799596,0.062285,0.814652,0.055942,0.630021,0.107929,0.219935,0.467714,0.246834,0.487655,0.854303,0.862466,0.455628,0.314459,0.528859,0.483450,0.831484,0.788488,0.609807,0.082766,0.277234,0.738614,0.272941,0.730328,0.696644,0.248679,0.665500,0.541618,0.366029,0.069257,0.738874,0.254387,0.140703,0.579638,0.332105,0.327882,0.056392,0.441483,0.558372,0.211260,0.899686,0.788192,0.703425,0.100649,0.878698,0.337231,0.062150,0.717147,0.436517,0.070948,0.171292,0.303931,0.801553,0.763201,0.361103,0.531189,0.258594,0.748090,0.113656
SYN_BIGPN_0192,1,1,1,1,0.618524,0.258818,0.737971,0.256744,0.804841,0.843624,0.708038,0.575634,0.738780,0.244292,0.714363,0.546031,0.926238,0.214159,0.690011,0.918499,0.625899,0.581927,0.383490,0.460039,0.653453,0.539295,0.141186,0.542160,0.263457,0.550494,0.596099,0.284460,0.144138,0.555275,0.771394,0.515242,0.066707,0.241314,0.244190,0.802642,0.482838,0.799028,0.581874,0.625221,0.231866,0.840811,0.223323,0.782539,0.065396,0.114309,0.851286,0.943731,0.867578,0.538117,0.446123,0.569131,0.576928,0.867940,0.118658,0.708982,0.642840,0.065807,0.464537,0.536849,0.912772,0.709764,0.592823,0.776742,0.477358,0.347023,0.687620,0.247583,0.166441,0.174490,0.416815,0.144400,0.888639,0.417629,0.916235,0.339476,0.841874,0.539085,0.424561,0.752094,0.880218,0.359505,0.894802,0.421524,0.286164,0.226387,0.206736,0.343351,0.548990,0.781215,0.191877,0.370202,0.843936,0.137982,0.451361,0.139854,0.391295,0.153649,0.565086,0.081250,0.436135,0.063217,0.207371,0.124032,0.655265,0.726030,0.502798,0.823552,0.169852,0.808202,0.161030,0.748709,0.288353
SYN_BIGPN_0193,1,1,1,0,0.812065,0.105002,0.274529,0.177724,0.203779,0.720472,0.072814,0.171825,0.241028,0.812442,0.086083,0.458245,0.166938,0.598945,0.187356,0.622231,0.556158,0.381350,0.144315,0.403801,0.194248,0.909001,0.123561,0.398934,0.080805,0.796750,0.741000,0.570441,0.417684,0.118933,0.165632,0.772225,0.099871,0.619783,0.489852,0.586938,0.896321,0.787024,0.511216,0.199717,0.152502,0.736535,0.231034,0.935965,0.464302,0.923917,0.137713,0.689285,0.930783,0.743661,0.439424,0.735995,0.287526,0.211579,0.787295,0.109165,0.144068,0.845016,0.523796,0.379261,0.365487,0.535574,0.303678,0.871447,0.346043,0.486794,0.395429,0.810810,0.700042,0.356315,0.675919,0.189735,0.235440,0.797198,0.234046,0.411157,0.835870,0.205772,0.565714,0.155025,0.407281,0.053194,0.936353,0.127180,0.869358,0.867207,0.179313,0.119800,0.896585,0.339367,0.713094,0.861545,0.769370,0.121221,0.918289,0.944414,0.421907,0.209567,0.341975,0.262718,0.150331,0.735436,0.944291,0.407682,0.717860,0.302214,0.243022,0.665327,0.207290,0.910799,0.906936,0.653406,0.073627
SYN_BIGPN_0194,1,1,1,0,0.528881,0.706431,0.729048,0.632008,0.437111,0.219117,0.274212,0.434241,0.815686,0.654505,0.394273,0.113661,0.387685,0.513763,0.099256,0.559372,0.835106,0.714633,0.232353,0.252545,0.691996,0.467441,0.427266,0.357620,0.067605,0.534249,0.100036,0.182624,0.382343,0.597411,0.833110,0.193835,0.409804,0.423012,0.756789,0.573040,0.766633,0.809716,0.939120,0.208011,0.799894,0.387847,0.391779,0.534887,0.188123,0.529481,0.658391,0.228083,0.724005,0.244196,0.502452,0.064868,0.379895,0.386333,0.503087,0.708811,0.519431,0.332112,0.943318,0.600187,0.357080,0.534718,0.237507,0.948545,0.072405,0.548386,0.914761,0.172826,0.744003,0.209854,0.626961,0.747023,0.481432,0.758489,0.103574,0.333588,0.555315,0.427927,0.707743,0.449041,0.232784,0.938847,0.627141,0.483436,0.734537,0.274586,0.130250,0.208564,0.656242,0.210478,0.066279,0.490196,0.470472,0.499103,0.308546,0.509428,0.052245,0.794601,0.568833,0.248463,0.507972,0.308794,0.636449,0.781178,0.882496,0.861808,0.611970,0.634743,0.202375,0.303647,0.225034,0.369337,0.464757
SYN_BIGPN_0195,0,1,1,0,0.462049,0.235151,0.343986,0.074905,0.842938,0.307006,0.709386,0.705749,0.066761,0.253018,0.841165,0.672618,0.507729,0.899165,0.097710,0.597513,0.142739,0.292760,0.106000,0.331791,0.687070,0.077450,0.279102,0.673255,0.805177,0.687737,0.395970,0.053223,0.715120,0.856494,0.809120,0.738070,0.581619,0.238619,0.330929,0.320749,0.202602,0.298885,0.240950,0.140060,0.094979,0.810270,0.814284,0.746108,0.682729,0.306202,0.942504,0.501705,0.245053,0.179996,0.316769,0.538969,0.252616,0.180523,0.677384,0.581127,0.778076,0.157638,0.794602,0.496927,0.360901,0.789110,0.184846,0.056996,0.169743,0.146039,0.128379,0.327943,0.816470,0.698913,0.828695,0.662315,0.421646,0.795753,0.715363,0.208957,0.089912,0.741776,0.291695,0.339475,0.766752,0.422150,0.870340,0.613648,0.505104,0.813202,0.643130,0.055921,0.429189,0.271779,0.456973,0.547665,0.828142,0.628688,0.089152,0.308562,0.449548,0.404203,0.141139,0.103283,0.389266,0.210618,0.171321,0.143840,0.588669,0.094708,0.660025,0.403594,0.637319,0.195956,0.478103,0.830258,0.338808
SYN_BIGPN_0196,0,1,0,1,0.887712,0.619413,0.142263,0.099714,0.264005,0.270983,0.764433,0.691378,0.182586,0.535997,0.079291,0.512154,0.684537,0.383004,0.479423,0.318707,0.839809,0.827658,0.150265,0.852104,0.921508,0.927741,0.948520,0.681977,0.509023,0.765402,0.096556,0.223156,0.434279,0.335293,0.747296,0.653393,0.853275,0.077019,0.710854,0.499491,0.294883,0.769352,0.241648,0.723081,0.881262,0.430840,0.724732,0.599047,0.701848,0.841283,0.837092,0.220818,0.258991,0.911151,0.400772,0.638954,0.532231,0.359976,0.651403,0.384315,0.790952,0.745395,0.661337,0.780104,0.441240,0.626648,0.524180,0.911852,0.427171,0.171173,0.808189,0.435920,0.343977,0.484280,0.926310,0.800951,0.542764,0.791550,0.563034,0.713149,0.358050,0.777931,0.750087,0.228190,0.884569,0.314398,0.532087,0.233056,0.597237,0.773406,0.390628,0.106964,0.625523,0.321554,0.603000,0.100284,0.791542,0.752329,0.851417,0.420077,0.564040,0.907089,0.291519,0.266629,0.415525,0.161818,0.899195,0.231945,0.170259,0.717308,0.196649,0.185229,0.534316,0.822568,0.175039,0.596646,0.764925
SYN_BIGPN_0197,0,0,1,1,0.105825,0.880720,0.716486,0.339230,0.405374,0.097059,0.697457,0.903522,0.663822,0.938696,0.753006,0.121969,0.514848,0.556937,0.807905,0.571249,0.242498,0.504739,0.111674,0.749122,0.946297,0.116511,0.135647,0.280661,0.904150,0.459068,0.651518,0.085836,0.412764,0.604907,0.909942,0.494663,0.133284,0.784296,0.161868,0.071521,0.337927,0.398365,0.535652,0.072117,0.813316,0.349284,0.894594,0.902577,0.507501,0.779589,0.550357,0.731961,0.847410,0.056231,0.850190,0.739878,0.390751,0.318693,0.623198,0.864804,0.769077,0.411889,0.253533,0.551485,0.444962,0.454814,0.164146,0.899218,0.473919,0.496823,0.599652,0.692385,0.381755,0.439409,0.663128,0.799604,0.708265,0.514774,0.695491,0.346941,0.542018,0.594048,0.358774,0.927600,0.137603,0.515697,0.412385,0.439779,0.202552,0.715106,0.452552,0.841205,0.534192,0.856076,0.367262,0.109714,0.926255,0.199703,0.065836,0.844757,0.282414,0.492652,0.940966,0.931899,0.115982,0.536726,0.508609,0.348148,0.632621,0.905613,0.492651,0.113671,0.785407,0.189441,0.629975,0.312186,0.828701
SYN_BIGPN_0198,1,0,1,0,0.595057,0.149693,0.142483,0.850104,0.323794,0.060887,0.504830,0.771520,0.855718,0.594271,0.927578,0.674454,0.143474,0.108077,0.474135,0.468820,0.464755,0.332460,0.624715,0.633703,0.883069,0.367439,0.824964,0.947407,0.393789,0.875533,0.362435,0.486975,0.081712,0.906406,0.718595,0.149540,0.947956,0.180737,0.719563,0.272992,0.349297,0.189158,0.355112,0.886362,0.464058,0.299909,0.759176,0.514399,0.098089,0.081018,0.461160,0.434022,0.179500,0.610353,0.934265,0.533829,0.060124,0.835734,0.868710,0.586030,0.938402,0.150903,0.914852,0.102305,0.525261,0.086843,0.770838,0.414255,0.194999,0.238967,0.422211,0.427355,0.635307,0.376395,0.628942,0.735840,0.182897,0.918978,0.467143,0.539903,0.796097,0.896399,0.598396,0.839236,0.912320,0.100913,0.156758,0.137066,0.098923,0.120127,0.806349,0.326659,0.913574,0.364255,0.782674,0.054447,0.143996,0.051424,0.540503,0.674380,0.858487,0.470673,0.204194,0.389631,0.371425,0.107636,0.936598,0.550110,0.746292,0.449108,0.356759,0.914183,0.329312,0.642585,0.469480,0.662458,0.716521
SYN_BIGPN_0199,1,1,1,0,0.264320,0.813424,0.736998,0.446888,0.908461,0.231309,0.555927,0.196497,0.920048,0.434368,0.608783,0.450038,0.807883,0.543794,0.777467,0.277699,0.866602,0.790292,0.071897,0.464632,0.905741,0.153546,0.511336,0.823873,0.616454,0.838503,0.097500,0.607822,0.719158,0.568829,0.059139,0.311862,0.142268,0.143460,0.790856,0.283785,0.275034,0.231701,0.132966,0.327516,0.616349,0.688411,0.690250,0.661338,0.139267,0.488508,0.634764,0.872239,0.112539,0.058474,0.698095,0.743516,0.518118,0.206127,0.184486,0.166421,0.377533,0.137657,0.547297,0.236416,0.418457,0.938509,0.693743,0.570801,0.571045,0.350832,0.654241,0.559293,0.667330,0.626678,0.106438,0.942197,0.277069,0.118556,0.943932,0.891452,0.073424,0.356254,0.171804,0.338491,0.856086,0.748246,0.059195,0.521897,0.732988,0.361361,0.349994,0.864367,0.385141,0.144171,0.366888,0.910337,0.566192,0.942352,0.845538,0.633813,0.223785,0.841187,0.825360,0.796298,0.590597,0.496871,0.679615,0.672222,0.221313,0.522019,0.388054,0.336094,0.111504,0.735301,0.172725,0.184854,0.872623
SYN_BIGPN_0200,1,0,1,0,0.059616,0.086620,0.340517,0.568646,0.567535,0.431064,0.847898,0.462715,0.628704,0.280276,0.486347,0.939178,0.654035,0.942891,0.085761,0.595265,0.060707,0.510153,0.341161,0.335501,0.695775,0.410376,0.268780,0.698120,0.744486,0.413844,0.764624,0.263737,0.531459,0.554142,0.355108,0.340881,0.627321,0.503102,0.464170,0.266601,0.417325,0.338196,0.491477,0.938514,0.871002,0.779863,0.528027,0.050460,0.647612,0.179461,0.847782,0.723639,0.732137,0.865349,0.300592,0.789114,0.445291,0.396104,0.451876,0.121649,0.117715,0.925515,0.484776,0.350128,0.421113,0.884062,0.851082,0.471879,0.792445,0.475954,0.548575,0.493547,0.455984,0.455212,0.125305,0.887160,0.824877,0.928355,0.240351,0.226873,0.702461,0.611792,0.208840,0.338332,0.096677,0.181381,0.365936,0.523614,0.650574,0.483054,0.814064,0.635227,0.334415,0.809138,0.729228,0.171707,0.678196,0.628858,0.382716,0.326175,0.856005,0.486493,0.785652,0.914904,0.371839,0.226954,0.912930,0.576991,0.332274,0.894749,0.479356,0.395376,0.386017,0.909710,0.754752,0.073899,0.875374
SYN_BIGPN_0201,0,1,0,1,0.229850,0.823355,0.529517,0.376480,0.353511,0.828126,0.816082,0.949533,0.405484,0.786100,0.788465,0.163937,0.556241,0.837080,0.094535,0.597311,0.356121,0.704767,0.381451,0.793233,0.546452,0.557612,0.404815,0.163814,0.679761,0.653527,0.182090,0.227255,0.797157,0.180226,0.126798,0.617908,0.205915,0.184816,0.566669,0.473442,0.469033,0.890978,0.328701,0.195518,0.367198,0.908872,0.635546,0.598128,0.243202,0.499409,0.435958,0.582249,0.532206,0.428671,0.483162,0.339549,0.879758,0.590528,0.835975,0.086058,0.586344,0.277025,0.398949,0.166729,0.822779,0.859401,0.779209,0.091982,0.761435,0.476611,0.343586,0.081171,0.812492,0.408373,0.905122,0.912295,0.447456,0.205647,0.859856,0.779700,0.216915,0.740279,0.529747,0.411057,0.315162,0.242460,0.598093,0.167753,0.582951,0.815580,0.271190,0.246940,0.271798,0.284998,0.939403,0.720384,0.483961,0.464963,0.126610,0.348029,0.886320,0.103678,0.320043,0.295303,0.894027,0.530515,0.596306,0.400762,0.473371,0.220246,0.829350,0.210452,0.567473,0.226860,0.912358,0.889254,0.272617
SYN_BIGPN_0202,1,0,1,0,0.831184,0.607834,0.283693,0.859400,0.834749,0.860925,0.902983,0.616675,0.303247,0.809616,0.815167,0.339729,0.900092,0.108519,0.758478,0.115165,0.770066,0.391991,0.312710,0.191261,0.263054,0.348041,0.766684,0.129745,0.404632,0.444061,0.618512,0.619469,0.412747,0.495439,0.690952,0.777377,0.366983,0.287863,0.919246,0.737504,0.813696,0.489296,0.812523,0.656516,0.102400,0.927661,0.277177,0.239733,0.468171,0.249532,0.792918,0.200848,0.071385,0.752082,0.371459,0.176060,0.778846,0.762927,0.430136,0.237097,0.634054,0.332689,0.382345,0.752896,0.687856,0.754459,0.451500,0.628698,0.162467,0.082568,0.884311,0.712415,0.769147,0.402687,0.141666,0.216867,0.294757,0.748275,0.594044,0.245157,0.640195,0.778903,0.311860,0.293698,0.296115,0.776562,0.106111,0.407220,0.492086,0.347154,0.346791,0.917487,0.586918,0.130347,0.280324,0.290641,0.397134,0.866889,0.801173,0.612967,0.182226,0.351967,0.134578,0.257225,0.174602,0.167410,0.780829,0.215832,0.666891,0.245703,0.595530,0.823931,0.071130,0.935423,0.771758,0.622213,0.281148
SYN_BIGPN_0203,1,0,1,1,0.770095,0.572717,0.692271,0.261692,0.793723,0.505768,0.248720,0.927091,0.414968,0.860085,0.492676,0.644480,0.109758,0.518988,0.403962,0.897045,0.857557,0.696521,0.343639,0.303407,0.544689,0.318013,0.193142,0.946910,0.233714,0.083277,0.856282,0.888746,0.661799,0.266225,0.908191,0.216807,0.857210,0.845590,0.581037,0.859420,0.410826,0.414370,0.163235,0.326127,0.383916,0.466348,0.432090,0.947414,0.816359,0.851533,0.887434,0.944296,0.502269,0.713014,0.668364,0.268429,0.795624,0.194795,0.457885,0.726105,0.153791,0.802279,0.720749,0.405569,0.427140,0.795593,0.385048,0.325997,0.501803,0.169218,0.098346,0.455378,0.402298,0.465902,0.545140,0.590247,0.263749,0.187503,0.899923,0.595018,0.091540,0.250947,0.191912,0.419556,0.576262,0.829138,0.449118,0.536319,0.518817,0.466815,0.057412,0.215979,0.797264,0.387598,0.149616,0.719377,0.889623,0.171711,0.924386,0.304450,0.580517,0.918023,0.100432,0.608287,0.763183,0.443019,0.399284,0.688075,0.677809,0.489726,0.623311,0.052181,0.501462,0.438180,0.317621,0.760575,0.306747
SYN_BIGPN_0204,0,0,0,1,0.576192,0.066684,0.615068,0.546974,0.621568,0.916336,0.457144,0.272323,0.678422,0.685600,0.875911,0.179347,0.479033,0.538702,0.501758,0.175723,0.599646,0.458564,0.288058,0.690676,0.665867,0.130129,0.905548,0.106042,0.413411,0.227152,0.540982,0.178987,0.628745,0.105683,0.266586,0.913910,0.879003,0.127005,0.364984,0.091296,0.401780,0.683761,0.372867,0.638730,0.432621,0.599242,0.271442,0.453474,0.561263,0.450583,0.602012,0.179365,0.435895,0.411941,0.404772,0.425363,0.724045,0.116529,0.242675,0.719682,0.136937,0.572017,0.569686,0.814803,0.452304,0.100980,0.114762,0.391190,0.825844,0.940786,0.071304,0.472950,0.676039,0.292275,0.517481,0.392972,0.072988,0.572049,0.733031,0.481594,0.112095,0.256188,0.521320,0.788766,0.661357,0.681993,0.391117,0.331632,0.763758,0.749283,0.390946,0.828693,0.683817,0.519861,0.499682,0.791435,0.122741,0.161753,0.606155,0.697349,0.245267,0.094007,0.625174,0.527844,0.061783,0.238653,0.880800,0.654940,0.933276,0.827846,0.704627,0.905873,0.576988,0.492341,0.448639,0.248061,0.433328
SYN_BIGPN_0205,0,1,1,0,0.475172,0.335862,0.701976,0.752530,0.425790,0.088860,0.601585,0.640888,0.324943,0.316038,0.592206,0.247190,0.150112,0.323759,0.898569,0.078891,0.171195,0.306815,0.717779,0.510833,0.123796,0.316572,0.620891,0.058324,0.470262,0.472486,0.545957,0.465980,0.240494,0.284185,0.291183,0.322050,0.316877,0.481286,0.148788,0.413884,0.640355,0.875201,0.397143,0.688096,0.767468,0.453770,0.892623,0.927169,0.548781,0.056189,0.333550,0.241395,0.265268,0.468354,0.410377,0.636846,0.264084,0.578454,0.796511,0.222986,0.758393,0.116002,0.341237,0.470975,0.313934,0.790320,0.751341,0.785701,0.795943,0.592802,0.855022,0.364315,0.520049,0.361862,0.758072,0.708437,0.540959,0.065230,0.299003,0.921014,0.300343,0.488978,0.231508,0.817425,0.427135,0.218092,0.887831,0.218403,0.718386,0.845160,0.475740,0.392250,0.606740,0.120760,0.802772,0.234322,0.402999,0.872223,0.121299,0.260331,0.244851,0.583897,0.723318,0.762671,0.575862,0.708161,0.438442,0.334464,0.083782,0.857490,0.298420,0.903110,0.868002,0.763192,0.492399,0.126849,0.720239
SYN_BIGPN_0206,1,0,1,0,0.511346,0.336655,0.691308,0.443896,0.204963,0.050910,0.704868,0.640440,0.110151,0.245288,0.278057,0.202705,0.822134,0.789816,0.147852,0.300066,0.880619,0.686025,0.124295,0.863029,0.351475,0.601386,0.373665,0.857933,0.300052,0.325726,0.678391,0.542755,0.719346,0.076824,0.344731,0.324013,0.250717,0.500871,0.382611,0.646289,0.867413,0.170206,0.793483,0.078960,0.071403,0.425046,0.747714,0.131049,0.490988,0.078353,0.409213,0.320684,0.368903,0.751646,0.696215,0.773892,0.724981,0.571244,0.565801,0.277691,0.702968,0.235861,0.661211,0.948757,0.230472,0.098160,0.093225,0.495964,0.094381,0.074386,0.136830,0.226706,0.770035,0.686811,0.154531,0.422393,0.368104,0.300571,0.565893,0.131537,0.645634,0.407932,0.812570,0.558731,0.199120,0.439736,0.179533,0.524434,0.534651,0.390303,0.213829,0.710360,0.612657,0.207334,0.267280,0.724548,0.302331,0.845958,0.698943,0.651687,0.829331,0.625544,0.403231,0.884764,0.905407,0.538304,0.397881,0.209085,0.870565,0.583066,0.463360,0.171222,0.368570,0.200557,0.859739,0.513666,0.168841
SYN_BIGPN_0207,0,1,0,1,0.809822,0.149589,0.544205,0.473790,0.888470,0.411655,0.148267,0.582054,0.765738,0.127517,0.693989,0.932246,0.066852,0.348462,0.365100,0.886151,0.108809,0.465937,0.796822,0.483468,0.660154,0.605813,0.510130,0.736522,0.500146,0.339765,0.518674,0.444195,0.297134,0.864309,0.797386,0.620876,0.948120,0.285203,0.672169,0.871090,0.872678,0.347739,0.802332,0.208204,0.287001,0.727531,0.380926,0.366944,0.370434,0.235027,0.948613,0.751898,0.941889,0.938743,0.836850,0.765822,0.501239,0.880582,0.871722,0.826485,0.456200,0.312355,0.280376,0.779620,0.834143,0.794250,0.538234,0.791377,0.618608,0.409447,0.199959,0.757126,0.938192,0.758902,0.764769,0.192407,0.417887,0.511245,0.204463,0.343281,0.827368,0.059352,0.335977,0.259869,0.618209,0.926745,0.676469,0.575497,0.256328,0.621258,0.744240,0.918784,0.542019,0.462766,0.922730,0.571885,0.052860,0.454742,0.180035,0.884158,0.388884,0.293447,0.505154,0.262170,0.447350,0.273175,0.665743,0.289730,0.689063,0.436425,0.752730,0.773296,0.816223,0.453005,0.918015,0.714831,0.177069
SYN_BIGPN_0208,0,1,1,1,0.215109,0.336564,0.500203,0.881808,0.700331,0.513176,0.355036,0.474765,0.518913,0.558389,0.295234,0.480899,0.092961,0.099253,0.254451,0.551357,0.925570,0.589387,0.311000,0.417707,0.234493,0.311170,0.536804,0.890992,0.941486,0.853526,0.491409,0.820456,0.182441,0.058374,0.555727,0.314699,0.316920,0.361443,0.696677,0.476944,0.645735,0.749222,0.252027,0.486120,0.703675,0.706905,0.772193,0.445321,0.333289,0.368151,0.371744,0.761419,0.483414,0.614582,0.841228,0.634146,0.511296,0.278269,0.635700,0.160029,0.602425,0.117349,0.843885,0.231077,0.577474,0.714831,0.704604,0.051239,0.374523,0.883223,0.118059,0.128091,0.933741,0.783938,0.779405,0.133707,0.511921,0.204000,0.871841,0.683855,0.139708,0.439934,0.175715,0.229734,0.052370,0.722344,0.628216,0.418351,0.302839,0.507901,0.111520,0.111427,0.892912,0.403257,0.648883,0.368100,0.791477,0.195022,0.199595,0.454232,0.414476,0.126447,0.333838,0.565201,0.604782,0.872562,0.694932,0.227704,0.634240,0.162540,0.295693,0.391546,0.336708,0.814378,0.714264,0.396398,0.605243
SYN_BIGPN_0209,1,0,1,0,0.914532,0.861477,0.613530,0.939977,0.518085,0.051228,0.394462,0.831227,0.593697,0.823794,0.129528,0.519422,0.928963,0.169956,0.524472,0.467794,0.522166,0.052304,0.102942,0.104093,0.231836,0.503841,0.574972,0.059574,0.227916,0.765697,0.856565,0.148144,0.536371,0.218788,0.579968,0.178602,0.891257,0.151757,0.649515,0.791687,0.165737,0.615299,0.585690,0.312672,0.521918,0.084180,0.945092,0.548923,0.642521,0.468326,0.393925,0.114516,0.663232,0.850493,0.587350,0.731516,0.781204,0.178740,0.807666,0.818824,0.343700,0.364578,0.405922,0.664763,0.679361,0.379364,0.485316,0.321418,0.761679,0.720950,0.134052,0.502674,0.199705,0.686508,0.189442,0.665871,0.850562,0.441460,0.316836,0.204606,0.577437,0.555822,0.920536,0.346593,0.494894,0.583381,0.211632,0.381727,0.740759,0.054346,0.393393,0.786956,0.851314,0.203386,0.462086,0.773560,0.639211,0.751733,0.254793,0.896466,0.341590,0.725664,0.771905,0.061681,0.264066,0.197763,0.683412,0.454370,0.632656,0.926421,0.441099,0.895472,0.273686,0.823958,0.061754,0.796664,0.901601
SYN_BIGPN_0210,1,0,0,0,0.681729,0.159237,0.576489,0.082080,0.756059,0.923366,0.442165,0.339780,0.834544,0.510248,0.061494,0.064086,0.090119,0.133434,0.178221,0.739789,0.154309,0.134475,0.392160,0.259939,0.699701,0.406241,0.750140,0.583166,0.769202,0.335539,0.150750,0.775380,0.502127,0.059335,0.562127,0.846626,0.435087,0.187703,0.115569,0.321470,0.327556,0.856897,0.307946,0.503232,0.624447,0.111722,0.368162,0.722740,0.235830,0.196532,0.885617,0.743950,0.563232,0.874325,0.654269,0.892193,0.172019,0.547647,0.609949,0.905726,0.899466,0.058981,0.295986,0.795582,0.534016,0.102612,0.889119,0.915419,0.416600,0.721709,0.522650,0.622090,0.360342,0.163050,0.584145,0.526138,0.436865,0.064232,0.702492,0.398022,0.231870,0.847516,0.620667,0.796372,0.436190,0.883536,0.660588,0.737852,0.549221,0.610744,0.181996,0.686753,0.254004,0.079984,0.943011,0.100659,0.937125,0.576389,0.481542,0.637549,0.361514,0.496538,0.359196,0.869906,0.863665,0.403509,0.249327,0.252328,0.845900,0.545736,0.360730,0.729292,0.538370,0.648177,0.708174,0.941980,0.368582
SYN_BIGPN_0211,0,1,0,0,0.498080,0.752252,0.596364,0.327110,0.567722,0.254205,0.804456,0.502473,0.839758,0.707057,0.798400,0.177073,0.307943,0.522397,0.638335,0.199188,0.387290,0.849069,0.089409,0.571101,0.781787,0.386385,0.371152,0.311793,0.135706,0.059409,0.746886,0.617638,0.726904,0.902335,0.662247,0.933992,0.162375,0.359295,0.506340,0.868016,0.776357,0.492211,0.757654,0.121407,0.947452,0.924037,0.842530,0.464827,0.635660,0.453349,0.091291,0.781750,0.835839,0.346178,0.777671,0.286513,0.617796,0.941794,0.072406,0.626940,0.171459,0.713299,0.053294,0.947039,0.414185,0.800515,0.844123,0.726017,0.296849,0.253773,0.892374,0.446336,0.787080,0.528013,0.335750,0.719718,0.123716,0.609965,0.105984,0.502815,0.251534,0.617722,0.088360,0.721535,0.610023,0.236823,0.736347,0.446460,0.779183,0.346023,0.600076,0.597480,0.556913,0.757032,0.457993,0.222645,0.516286,0.171837,0.376000,0.085507,0.330688,0.373638,0.840108,0.529582,0.227894,0.153484,0.658170,0.549951,0.914396,0.212339,0.081316,0.154873,0.823840,0.237637,0.742287,0.785639,0.351959
SYN_BIGPN_0212,0,1,0,0,0.656069,0.599642,0.570122,0.424954,0.714220,0.128499,0.199446,0.905993,0.260999,0.817036,0.219209,0.877805,0.132050,0.433857,0.720095,0.391453,0.234580,0.748611,0.244060,0.863334,0.237404,0.128868,0.636833,0.669798,0.102276,0.210893,0.314954,0.573897,0.859930,0.579881,0.205632,0.443389,0.223698,0.124867,0.360445,0.117122,0.648606,0.149195,0.867019,0.360833,0.624347,0.068205,0.943037,0.758008,0.690573,0.685030,0.917399,0.868222,0.533079,0.744855,0.863921,0.751851,0.520285,0.497370,0.614874,0.689493,0.254774,0.479445,0.328426,0.108389,0.196510,0.218178,0.135788,0.698529,0.621784,0.259767,0.838897,0.063939,0.506368,0.911055,0.941917,0.225093,0.809144,0.434797,0.949045,0.490505,0.937018,0.577501,0.560233,0.403116,0.662493,0.248528,0.827723,0.580214,0.230352,0.185520,0.259676,0.257448,0.167740,0.323264,0.236876,0.860186,0.449097,0.698694,0.087260,0.351575,0.259066,0.606454,0.321287,0.160445,0.495094,0.329119,0.812836,0.558842,0.589637,0.306936,0.644119,0.158929,0.256680,0.193439,0.463455,0.946231,0.747837
SYN_BIGPN_0213,1,1,1,1,0.559886,0.220059,0.273144,0.622861,0.572290,0.414401,0.170924,0.706716,0.475901,0.135387,0.351978,0.286793,0.489367,0.348750,0.424461,0.056837,0.406474,0.929887,0.118592,0.772631,0.512207,0.212123,0.878020,0.630609,0.131552,0.726043,0.697448,0.612649,0.855925,0.060838,0.770638,0.446316,0.789849,0.653804,0.763217,0.828010,0.155676,0.235614,0.259857,0.092167,0.709344,0.809708,0.476652,0.577015,0.062008,0.413567,0.148365,0.151582,0.875284,0.692132,0.498654,0.615719,0.935345,0.573553,0.512353,0.698183,0.732491,0.057254,0.649284,0.851136,0.363435,0.155379,0.461439,0.443153,0.820722,0.525982,0.756197,0.240830,0.421006,0.387911,0.117062,0.108661,0.926879,0.835957,0.421242,0.294718,0.651882,0.157326,0.070870,0.673546,0.193848,0.718704,0.721206,0.076862,0.411612,0.875002,0.700178,0.128286,0.477387,0.193832,0.193223,0.282498,0.511905,0.131637,0.591424,0.436707,0.934635,0.890758,0.636408,0.751909,0.215747,0.161145,0.724290,0.475708,0.158965,0.843444,0.077763,0.439354,0.436381,0.397463,0.649428,0.836955,0.391473
SYN_BIGPN_0214,1,1,0,0,0.617029,0.836790,0.063301,0.907965,0.796844,0.702624,0.330656,0.052292,0.082601,0.835924,0.504165,0.430794,0.870441,0.792348,0.094491,0.106729,0.237142,0.937497,0.274362,0.776366,0.612957,0.760039,0.066628,0.761924,0.335587,0.429245,0.720003,0.946554,0.417921,0.880900,0.545374,0.243702,0.115878,0.707064,0.120569,0.648896,0.094418,0.681379,0.167315,0.074671,0.568225,0.631420,0.464915,0.647828,0.940006,0.556673,0.625644,0.265203,0.389051,0.179728,0.680529,0.492835,0.614493,0.236356,0.558744,0.086141,0.542786,0.836864,0.313197,0.767642,0.701223,0.882227,0.367123,0.698696,0.091896,0.720071,0.322667,0.531199,0.495308,0.938937,0.066540,0.104605,0.740401,0.535211,0.774527,0.529819,0.534387,0.811244,0.600358,0.531623,0.065793,0.345864,0.722016,0.484511,0.255473,0.718354,0.056733,0.699057,0.766783,0.325839,0.061752,0.688744,0.110237,0.159261,0.577421,0.135378,0.093384,0.203166,0.180783,0.746391,0.712145,0.800210,0.149736,0.518395,0.722148,0.770206,0.523158,0.700053,0.419865,0.134297,0.147230,0.180969,0.317687
SYN_BIGPN_0215,1,1,0,0,0.387800,0.656412,0.433387,0.507875,0.736035,0.602494,0.869041,0.465641,0.823480,0.213480,0.546404,0.482747,0.334123,0.291043,0.420318,0.252424,0.193046,0.199932,0.092923,0.465293,0.545991,0.386631,0.381648,0.498951,0.481794,0.829862,0.446060,0.478892,0.265236,0.337394,0.664394,0.944875,0.118357,0.382088,0.879690,0.534760,0.096178,0.910511,0.846729,0.884629,0.207007,0.149955,0.565191,0.842434,0.755761,0.519178,0.743860,0.894951,0.512886,0.097190,0.096606,0.149394,0.722818,0.702640,0.665569,0.658061,0.915411,0.761223,0.609812,0.600011,0.266928,0.869298,0.918416,0.088825,0.584537,0.105349,0.597342,0.319376,0.789165,0.881988,0.492220,0.804084,0.758469,0.050332,0.503797,0.512760,0.533360,0.283673,0.781435,0.130298,0.721144,0.128210,0.402618,0.482127,0.653613,0.242795,0.673020,0.682856,0.571807,0.872301,0.900846,0.379774,0.792678,0.774528,0.550239,0.431280,0.091294,0.098852,0.066344,0.428628,0.765801,0.460897,0.870996,0.631130,0.649633,0.601062,0.189707,0.359382,0.620407,0.857421,0.137688,0.941278,0.234645
SYN_BIGPN_0216,0,0,0,1,0.827031,0.629055,0.108325,0.417803,0.555792,0.826038,0.356190,0.717198,0.469950,0.589892,0.510724,0.607904,0.304513,0.774921,0.745494,0.796166,0.309989,0.742696,0.092067,0.310785,0.422806,0.244653,0.460817,0.152262,0.418791,0.252549,0.770396,0.149964,0.786358,0.911165,0.387349,0.758298,0.562622,0.057052,0.704451,0.417677,0.747968,0.565921,0.532098,0.298790,0.859720,0.274521,0.174753,0.497686,0.713455,0.790684,0.107172,0.367220,0.856687,0.773191,0.931446,0.685340,0.392782,0.875896,0.510352,0.185911,0.136891,0.099691,0.138481,0.282601,0.334173,0.689035,0.345399,0.858857,0.509103,0.168563,0.921731,0.682845,0.833382,0.580999,0.457938,0.822290,0.899210,0.107962,0.452959,0.292078,0.620870,0.121511,0.760373,0.071455,0.883150,0.807424,0.256080,0.252219,0.200652,0.408052,0.739226,0.920813,0.689729,0.398239,0.476679,0.075922,0.900408,0.333811,0.110719,0.140617,0.835420,0.123475,0.496669,0.418506,0.078894,0.055568,0.705375,0.705844,0.079107,0.581790,0.770996,0.365091,0.521440,0.938549,0.087685,0.196239,0.242999
SYN_BIGPN_0217,0,0,1,0,0.534663,0.084553,0.838310,0.936966,0.700744,0.809352,0.522308,0.634273,0.142925,0.895029,0.488970,0.211761,0.849706,0.863335,0.628601,0.086473,0.370816,0.728675,0.896751,0.671429,0.315379,0.527094,0.148763,0.205046,0.547157,0.705161,0.555138,0.933213,0.740361,0.317159,0.105129,0.408985,0.507791,0.487292,0.430529,0.302278,0.585169,0.479118,0.937761,0.446995,0.462956,0.943501,0.909538,0.840805,0.346214,0.462008,0.202512,0.503565,0.921678,0.631771,0.929647,0.233969,0.117934,0.916876,0.061168,0.401144,0.455302,0.775392,0.783176,0.599680,0.831208,0.124513,0.245685,0.668894,0.612033,0.058457,0.323528,0.481846,0.121478,0.711153,0.358752,0.236803,0.065915,0.495094,0.892403,0.876631,0.560009,0.888562,0.664592,0.461342,0.719246,0.890519,0.866550,0.417388,0.668451,0.130087,0.157957,0.201321,0.459096,0.279832,0.482326,0.675785,0.476027,0.240333,0.392711,0.696903,0.573803,0.227682,0.120005,0.442271,0.083600,0.710795,0.291964,0.800778,0.565401,0.433170,0.841973,0.922074,0.659450,0.541758,0.283947,0.654408,0.921113
SYN_BIGPN_0218,1,1,0,0,0.363109,0.880109,0.686810,0.466073,0.890585,0.211900,0.403269,0.403638,0.949510,0.055312,0.789473,0.745038,0.866821,0.658798,0.831089,0.177031,0.351660,0.252458,0.801751,0.266307,0.305177,0.559830,0.219930,0.651205,0.687077,0.504487,0.559677,0.212760,0.526624,0.337614,0.572518,0.498289,0.789127,0.354949,0.939427,0.848202,0.619315,0.653546,0.948825,0.609555,0.484884,0.169546,0.212078,0.078665,0.819838,0.663043,0.683877,0.367107,0.739546,0.330990,0.418582,0.126302,0.544428,0.256279,0.378652,0.863190,0.066555,0.342875,0.786882,0.191851,0.894452,0.473456,0.438349,0.197728,0.210394,0.446901,0.333219,0.920068,0.781234,0.558218,0.384941,0.153982,0.578733,0.373271,0.109506,0.485441,0.421821,0.401732,0.240671,0.067165,0.524779,0.915722,0.224334,0.675936,0.934922,0.385387,0.885775,0.608394,0.294236,0.320596,0.481844,0.492289,0.535253,0.827382,0.254370,0.138494,0.894284,0.849752,0.890386,0.748264,0.674859,0.453030,0.322625,0.895287,0.532653,0.366596,0.527042,0.347870,0.055027,0.934570,0.748971,0.285675,0.735273
SYN_BIGPN_0219,0,0,1,0,0.691490,0.816395,0.490319,0.171309,0.174807,0.768318,0.853685,0.852204,0.178069,0.793352,0.614134,0.168675,0.368050,0.572619,0.946870,0.368185,0.525938,0.520420,0.619702,0.410034,0.791450,0.508622,0.645214,0.307002,0.056084,0.815496,0.643907,0.874407,0.715584,0.781455,0.303717,0.680379,0.734135,0.343633,0.460483,0.519724,0.339341,0.627196,0.099375,0.928502,0.143615,0.654639,0.682541,0.829927,0.646935,0.534018,0.676596,0.283027,0.217525,0.130282,0.636817,0.085104,0.680655,0.421593,0.320607,0.820578,0.386979,0.086076,0.217585,0.224054,0.817227,0.055509,0.376230,0.443992,0.312645,0.258590,0.144286,0.467424,0.151326,0.218918,0.379510,0.447164,0.589616,0.242612,0.052459,0.173826,0.346324,0.787344,0.743629,0.289946,0.827180,0.594019,0.201473,0.226802,0.301944,0.268296,0.309032,0.248838,0.417986,0.306122,0.249969,0.714986,0.248922,0.749673,0.923596,0.933263,0.274383,0.288407,0.309184,0.274730,0.770853,0.712253,0.867488,0.254925,0.447492,0.868590,0.458495,0.435431,0.462262,0.488605,0.220622,0.303710,0.210878
SYN_BIGPN_0220,1,0,1,0,0.109935,0.374019,0.181035,0.621905,0.507428,0.071399,0.230321,0.104631,0.581779,0.217247,0.527547,0.715362,0.878528,0.475970,0.486630,0.494388,0.760414,0.602211,0.315794,0.498001,0.199512,0.844215,0.595155,0.680408,0.479960,0.611340,0.312224,0.230756,0.631838,0.113880,0.235727,0.515544,0.876450,0.949727,0.415612,0.635103,0.643808,0.411550,0.248792,0.379204,0.928225,0.714373,0.926279,0.182967,0.828385,0.506527,0.676211,0.745694,0.052315,0.068359,0.567192,0.634088,0.485482,0.498946,0.261879,0.449191,0.929477,0.174667,0.548846,0.416888,0.752643,0.370078,0.931901,0.444631,0.686029,0.317714,0.688999,0.054645,0.521894,0.349547,0.365805,0.237986,0.203473,0.642529,0.430317,0.158166,0.286971,0.817513,0.112491,0.055583,0.645788,0.452821,0.621034,0.124229,0.774865,0.298536,0.651892,0.691692,0.609486,0.389435,0.864896,0.816275,0.549559,0.911112,0.726831,0.598856,0.112543,0.109250,0.307025,0.692894,0.305892,0.497335,0.436233,0.119790,0.082456,0.311784,0.716852,0.575092,0.384515,0.427005,0.328748,0.473470,0.662318
SYN_BIGPN_0221,0,0,0,0,0.507274,0.250769,0.211645,0.896122,0.890996,0.602135,0.126828,0.192784,0.578743,0.678053,0.207380,0.292819,0.939378,0.222444,0.793450,0.729186,0.188303,0.326239,0.869851,0.234609,0.698925,0.889581,0.380109,0.220765,0.677599,0.645754,0.324491,0.476203,0.688770,0.856807,0.142854,0.716985,0.213239,0.331603,0.050854,0.631357,0.468729,0.789611,0.915020,0.722504,0.884919,0.458495,0.419025,0.659446,0.202972,0.936991,0.835250,0.211708,0.392261,0.568124,0.248755,0.799264,0.694845,0.734525,0.407543,0.197592,0.479288,0.146268,0.250161,0.422074,0.229018,0.701777,0.792596,0.075812,0.513973,0.849365,0.428093,0.755163,0.319066,0.905350,0.670698,0.746212,0.721225,0.055286,0.072877,0.507764,0.500749,0.902723,0.836138,0.468771,0.874072,0.475782,0.692786,0.579432,0.479242,0.767429,0.822375,0.820146,0.086668,0.100638,0.493201,0.438088,0.704753,0.137228,0.530548,0.413052,0.447479,0.301420,0.443964,0.202665,0.771094,0.586933,0.497070,0.455986,0.485957,0.622488,0.469545,0.313874,0.085123,0.552917,0.358201,0.483794,0.941325
SYN_BIGPN_0222,0,1,0,1,0.871710,0.774956,0.722051,0.779777,0.526448,0.914834,0.204940,0.651489,0.413501,0.658091,0.912536,0.680348,0.938405,0.594933,0.588801,0.311545,0.357096,0.481994,0.433063,0.364280,0.228814,0.422455,0.338355,0.126089,0.333284,0.845095,0.333723,0.911761,0.762473,0.499272,0.447612,0.742908,0.483373,0.293848,0.120940,0.129146,0.076823,0.188176,0.448947,0.101575,0.237922,0.103353,0.577858,0.611108,0.425990,0.071085,0.071948,0.099612,0.397087,0.312168,0.229704,0.801280,0.216084,0.310067,0.781536,0.796932,0.666273,0.847326,0.677511,0.891752,0.713580,0.527401,0.215605,0.657297,0.237315,0.623386,0.925907,0.065277,0.572997,0.850395,0.807725,0.063951,0.911435,0.615382,0.483776,0.692856,0.527835,0.756411,0.059778,0.601862,0.659207,0.647295,0.434204,0.626102,0.504732,0.701499,0.101477,0.467187,0.525488,0.386504,0.360939,0.393936,0.856760,0.597425,0.258913,0.492628,0.807104,0.370824,0.632422,0.189716,0.835617,0.269713,0.123001,0.513169,0.199789,0.227150,0.437202,0.232011,0.572203,0.345792,0.354981,0.671058,0.525577
SYN_BIGPN_0223,0,0,1,0,0.619710,0.549633,0.188549,0.546923,0.556799,0.237240,0.507906,0.334419,0.789090,0.830455,0.201603,0.352675,0.337002,0.894701,0.781637,0.285095,0.484561,0.630748,0.846551,0.674756,0.664574,0.658202,0.191683,0.921576,0.170009,0.905463,0.636478,0.600837,0.177695,0.481804,0.286383,0.723401,0.734568,0.481934,0.622092,0.325955,0.782642,0.586879,0.218386,0.571533,0.815821,0.597410,0.420805,0.217380,0.147747,0.817293,0.437881,0.163891,0.389345,0.298572,0.330849,0.255472,0.340678,0.375810,0.093171,0.642994,0.731992,0.866944,0.666131,0.874690,0.854438,0.447109,0.428207,0.500006,0.657749,0.166540,0.497587,0.286817,0.099567,0.508263,0.144562,0.939670,0.852621,0.665645,0.934600,0.777029,0.301169,0.227204,0.505918,0.335659,0.336162,0.411771,0.369525,0.667466,0.541805,0.322046,0.240356,0.911775,0.581301,0.072623,0.933419,0.304736,0.788382,0.851794,0.166620,0.921697,0.306859,0.599620,0.401985,0.251465,0.910104,0.068650,0.728632,0.201933,0.143563,0.645673,0.843461,0.913450,0.350365,0.654157,0.622859,0.766011,0.308427
SYN_BIGPN_0224,0,0,0,1,0.768851,0.932683,0.507091,0.708355,0.068892,0.450756,0.800735,0.839156,0.232666,0.829285,0.640726,0.299129,0.099853,0.882188,0.397833,0.522326,0.368209,0.759400,0.347788,0.576955,0.600082,0.264849,0.702609,0.692040,0.810669,0.587594,0.545370,0.833395,0.515596,0.525608,0.861134,0.675030,0.497455,0.193875,0.216167,0.572921,0.738946,0.834311,0.924780,0.469734,0.336451,0.290384,0.518545,0.361665,0.681058,0.087832,0.829021,0.837225,0.422337,0.877539,0.381281,0.483757,0.297268,0.751908,0.289414,0.761673,0.672677,0.234842,0.862012,0.182263,0.521307,0.501324,0.057831,0.612364,0.507419,0.360800,0.103458,0.454977,0.729420,0.640489,0.677145,0.921511,0.830809,0.682418,0.077655,0.820466,0.608903,0.342531,0.921362,0.894840,0.348637,0.667508,0.550172,0.881204,0.372455,0.278604,0.191076,0.463836,0.250829,0.243676,0.495577,0.841029,0.870755,0.922380,0.345349,0.503285,0.585316,0.313051,0.437699,0.221359,0.738824,0.118770,0.468223,0.896849,0.653745,0.131816,0.481650,0.416666,0.632640,0.848606,0.342901,0.877528,0.405675
SYN_BIGPN_0225,1,0,0,0,0.193505,0.572984,0.429049,0.878999,0.534361,0.663470,0.563382,0.173013,0.056095,0.738597,0.230860,0.914918,0.872130,0.843781,0.143274,0.327766,0.092060,0.556806,0.059428,0.614156,0.653244,0.649938,0.905716,0.936449,0.641846,0.886532,0.602498,0.683738,0.758308,0.105578,0.413312,0.338607,0.220156,0.487966,0.670508,0.716945,0.702741,0.783404,0.441825,0.374173,0.314973,0.185287,0.381657,0.065036,0.157284,0.288951,0.345351,0.365299,0.114408,0.377408,0.362233,0.941140,0.436493,0.438950,0.588674,0.926094,0.271191,0.947288,0.143242,0.794284,0.318198,0.104021,0.375304,0.815339,0.332462,0.144788,0.947273,0.305836,0.172923,0.084458,0.283810,0.429035,0.156745,0.121915,0.486283,0.222328,0.485599,0.595762,0.370845,0.728809,0.701228,0.795232,0.393180,0.621098,0.277430,0.255026,0.401602,0.431815,0.623909,0.418983,0.409909,0.239461,0.438063,0.426327,0.857331,0.578507,0.607016,0.556661,0.526587,0.531523,0.831717,0.522749,0.529684,0.491016,0.604790,0.316143,0.091492,0.520993,0.313708,0.531362,0.778775,0.831160,0.162335
SYN_BIGPN_0226,1,0,1,1,0.205952,0.755365,0.684406,0.473482,0.234311,0.499740,0.442163,0.281899,0.109878,0.458338,0.844337,0.183677,0.547533,0.290614,0.407415,0.082632,0.091978,0.319260,0.362702,0.812426,0.671039,0.853342,0.776774,0.419669,0.735524,0.221675,0.895231,0.488469,0.910097,0.208925,0.578855,0.729061,0.798272,0.259321,0.888734,0.180711,0.754981,0.861940,0.085340,0.150953,0.209766,0.949242,0.559364,0.545257,0.061527,0.402916,0.924840,0.266693,0.608185,0.066201,0.535708,0.604733,0.516154,0.059635,0.334174,0.605580,0.865892,0.425515,0.156018,0.926148,0.686542,0.588017,0.854064,0.667158,0.942853,0.074816,0.244072,0.291179,0.844663,0.774061,0.200181,0.836363,0.517276,0.877451,0.686548,0.473376,0.530126,0.422818,0.494643,0.245273,0.549193,0.138720,0.780323,0.922282,0.223820,0.771188,0.874184,0.561153,0.540920,0.635623,0.883492,0.773240,0.167884,0.745525,0.717382,0.895101,0.750839,0.356837,0.210090,0.375129,0.435324,0.502568,0.058672,0.608841,0.784072,0.797460,0.898395,0.302564,0.259612,0.921293,0.600359,0.233690,0.418538
SYN_BIGPN_0227,0,0,0,0,0.637979,0.746890,0.604995,0.286415,0.419363,0.137837,0.107004,0.696475,0.763296,0.448820,0.784950,0.850249,0.552143,0.593535,0.817862,0.151475,0.135421,0.123302,0.793246,0.465872,0.329595,0.489404,0.419854,0.428246,0.795785,0.915124,0.263601,0.910583,0.618298,0.465631,0.940453,0.239636,0.623268,0.103418,0.276520,0.700421,0.515327,0.103527,0.292831,0.148751,0.090593,0.911993,0.092722,0.817776,0.670730,0.137911,0.877705,0.244158,0.583637,0.050965,0.602183,0.596847,0.570950,0.216740,0.491769,0.132378,0.143325,0.210744,0.342591,0.584409,0.803683,0.357095,0.427440,0.174378,0.148567,0.811463,0.941838,0.233498,0.390632,0.845935,0.314795,0.938543,0.180240,0.387941,0.087421,0.727539,0.897215,0.853208,0.552773,0.362853,0.130821,0.287869,0.304946,0.614899,0.836213,0.137743,0.618838,0.181621,0.101610,0.293770,0.465093,0.376610,0.377294,0.297242,0.922417,0.192460,0.261800,0.283108,0.160558,0.382275,0.198056,0.715228,0.096981,0.776641,0.226372,0.563623,0.449857,0.547603,0.729139,0.272969,0.501866,0.478533,0.328594
SYN_BIGPN_0228,1,1,0,0,0.662585,0.157851,0.610973,0.385157,0.412472,0.599057,0.227094,0.558083,0.111186,0.876256,0.701309,0.418101,0.440492,0.714161,0.311432,0.711334,0.508747,0.214920,0.538238,0.207809,0.651345,0.081626,0.314082,0.779868,0.062743,0.819885,0.050468,0.835948,0.270339,0.610732,0.626499,0.529760,0.731080,0.575945,0.773435,0.510650,0.400226,0.206357,0.815691,0.130538,0.917034,0.413032,0.913895,0.795556,0.284140,0.496484,0.404038,0.692214,0.670855,0.936303,0.849907,0.453055,0.480107,0.236201,0.748674,0.885875,0.690353,0.339363,0.865712,0.080871,0.463754,0.163592,0.108004,0.142526,0.144085,0.389331,0.899577,0.315640,0.853837,0.895695,0.752461,0.384932,0.847057,0.641459,0.300454,0.537655,0.720166,0.818318,0.376368,0.854545,0.386718,0.657474,0.425901,0.463845,0.463829,0.356732,0.678962,0.738802,0.523019,0.456682,0.551502,0.344742,0.455537,0.948163,0.102068,0.917139,0.737663,0.639535,0.577527,0.154270,0.617658,0.748622,0.830193,0.357405,0.844840,0.797876,0.285651,0.615479,0.543216,0.740780,0.801022,0.290751,0.536577
SYN_BIGPN_0229,1,0,1,0,0.687631,0.508262,0.846899,0.821405,0.895178,0.435900,0.411065,0.532508,0.731610,0.607130,0.761382,0.285977,0.252901,0.260766,0.928398,0.359987,0.456289,0.610589,0.864852,0.398407,0.716541,0.534311,0.724602,0.924947,0.200682,0.160982,0.626778,0.685444,0.736800,0.157550,0.523663,0.895118,0.370747,0.662709,0.538057,0.208808,0.108860,0.919032,0.701739,0.621049,0.293303,0.796125,0.314637,0.922156,0.487982,0.505838,0.576445,0.325582,0.243575,0.546074,0.619478,0.419657,0.681634,0.739514,0.596475,0.479671,0.821579,0.769890,0.868163,0.118669,0.380095,0.174771,0.489055,0.622984,0.641039,0.556181,0.314330,0.683194,0.313509,0.666967,0.154051,0.434591,0.704792,0.790129,0.445129,0.886471,0.827914,0.078043,0.423553,0.109000,0.444103,0.752887,0.214692,0.469136,0.054136,0.943450,0.579296,0.925300,0.239005,0.765211,0.316712,0.081634,0.363256,0.474404,0.370408,0.887172,0.610547,0.514892,0.711724,0.210769,0.381821,0.488872,0.204791,0.732232,0.492487,0.258087,0.369800,0.904451,0.683531,0.344697,0.272079,0.177087,0.106630
SYN_BIGPN_0230,0,0,0,1,0.850692,0.487284,0.937948,0.211297,0.241139,0.277494,0.750833,0.373879,0.637249,0.361482,0.813846,0.566697,0.735512,0.841494,0.339627,0.776176,0.472402,0.566754,0.670657,0.268950,0.888196,0.594959,0.532003,0.260695,0.593687,0.607831,0.463818,0.738649,0.393859,0.430330,0.257838,0.600538,0.432407,0.858740,0.334821,0.900954,0.918341,0.875245,0.889955,0.670893,0.595309,0.396232,0.256942,0.304441,0.383357,0.868430,0.420374,0.583077,0.629909,0.211945,0.274009,0.646544,0.091428,0.649973,0.917942,0.642950,0.492925,0.664009,0.124099,0.841297,0.065884,0.349821,0.169237,0.502409,0.529844,0.665651,0.457567,0.635940,0.727314,0.297299,0.175062,0.352753,0.470874,0.145534,0.065417,0.264155,0.927485,0.642871,0.699348,0.125074,0.881685,0.651929,0.247622,0.927001,0.445383,0.559363,0.547583,0.831157,0.446336,0.781336,0.262444,0.774196,0.220647,0.431868,0.695442,0.914191,0.777041,0.743356,0.838318,0.205143,0.750423,0.130328,0.691455,0.608604,0.271237,0.229295,0.933049,0.693060,0.489645,0.426834,0.563878,0.677158,0.853648
SYN_BIGPN_0231,1,0,1,0,0.256815,0.119177,0.464126,0.779414,0.577640,0.797623,0.755380,0.201204,0.881341,0.789617,0.692198,0.741641,0.397542,0.390115,0.161158,0.822545,0.125210,0.415593,0.843665,0.865058,0.727369,0.527535,0.350584,0.568987,0.815938,0.786018,0.949983,0.469145,0.108179,0.096152,0.292886,0.710356,0.596339,0.406197,0.594322,0.579817,0.740843,0.669338,0.058415,0.456271,0.761823,0.783787,0.176902,0.098814,0.821963,0.638588,0.471007,0.212354,0.150580,0.382537,0.426561,0.209221,0.606357,0.641305,0.271007,0.120413,0.784866,0.214618,0.806921,0.593957,0.289863,0.382595,0.460889,0.865237,0.854349,0.188446,0.282495,0.235651,0.215661,0.366142,0.050900,0.074382,0.872967,0.844805,0.129734,0.091536,0.179039,0.170363,0.445637,0.327178,0.317484,0.786617,0.641370,0.265534,0.167845,0.273376,0.946911,0.083442,0.797632,0.624581,0.249858,0.543679,0.645237,0.908143,0.572655,0.536783,0.645068,0.364147,0.384402,0.707923,0.361472,0.573278,0.480523,0.099444,0.776179,0.680468,0.763569,0.773603,0.783504,0.682610,0.604161,0.107921,0.677264
SYN_BIGPN_0232,0,0,0,1,0.364218,0.850913,0.437025,0.556206,0.091154,0.170477,0.299030,0.589127,0.151758,0.565885,0.913537,0.510248,0.664440,0.667783,0.494096,0.239815,0.877678,0.529190,0.646627,0.415455,0.223353,0.852722,0.276392,0.500309,0.144755,0.488708,0.098953,0.817348,0.653971,0.184446,0.418842,0.917315,0.288696,0.206066,0.185724,0.597568,0.778588,0.381286,0.202860,0.784543,0.901287,0.623158,0.122872,0.690170,0.166030,0.761920,0.886397,0.449543,0.600440,0.481234,0.143530,0.286420,0.330107,0.855288,0.545178,0.078418,0.375891,0.831072,0.381752,0.092686,0.178296,0.863466,0.412082,0.915406,0.596141,0.651386,0.093943,0.942650,0.076439,0.589412,0.534761,0.599820,0.104252,0.678311,0.304131,0.759530,0.931714,0.743347,0.397562,0.210877,0.097397,0.707019,0.551395,0.448031,0.873635,0.605836,0.253993,0.085823,0.475536,0.883482,0.451660,0.308602,0.552157,0.705740,0.579194,0.088351,0.697963,0.131975,0.808277,0.447293,0.424133,0.466958,0.193661,0.839674,0.740157,0.572522,0.326495,0.790460,0.800217,0.791762,0.473571,0.736698,0.810431
SYN_BIGPN_0233,0,1,1,1,0.231340,0.197533,0.228363,0.908715,0.943341,0.663599,0.472702,0.847823,0.425955,0.900794,0.445260,0.549658,0.222733,0.879049,0.899055,0.113290,0.450570,0.311956,0.222842,0.285622,0.906889,0.838362,0.850264,0.852807,0.235444,0.795409,0.677448,0.278588,0.731595,0.129691,0.882508,0.224502,0.556648,0.622115,0.067030,0.614097,0.435049,0.930627,0.212900,0.332386,0.182137,0.352340,0.197855,0.732840,0.446662,0.080976,0.635317,0.511137,0.174749,0.739908,0.421155,0.533929,0.877168,0.649605,0.119313,0.929714,0.330377,0.855184,0.380179,0.471599,0.223191,0.060864,0.676536,0.597826,0.367497,0.727756,0.185999,0.838635,0.471329,0.348311,0.176656,0.305891,0.191055,0.677972,0.667615,0.949756,0.325927,0.305759,0.846327,0.532041,0.875093,0.062440,0.695586,0.756100,0.070499,0.840685,0.763214,0.600065,0.869069,0.251946,0.871731,0.777238,0.807088,0.531289,0.097459,0.501225,0.451316,0.886728,0.468618,0.231918,0.250711,0.409248,0.640015,0.776048,0.297213,0.714410,0.770226,0.493472,0.669114,0.550611,0.058448,0.522071,0.385773
SYN_BIGPN_0234,0,0,0,0,0.329077,0.724493,0.411900,0.523166,0.477973,0.415618,0.819969,0.797054,0.896393,0.228897,0.321515,0.776856,0.776332,0.896030,0.118436,0.527748,0.075741,0.567436,0.495897,0.827187,0.102901,0.655710,0.862516,0.946719,0.388517,0.450868,0.305319,0.556068,0.259557,0.178333,0.393473,0.823860,0.173885,0.089383,0.137705,0.348701,0.201822,0.241160,0.132175,0.646644,0.283741,0.639001,0.949175,0.798731,0.726206,0.813914,0.211428,0.060342,0.303971,0.254914,0.734898,0.500898,0.479596,0.540559,0.733793,0.350255,0.518112,0.611998,0.295416,0.365889,0.938967,0.230518,0.769828,0.852893,0.925453,0.703000,0.509659,0.811852,0.396099,0.502315,0.770554,0.720465,0.610530,0.562685,0.671002,0.155505,0.097645,0.520788,0.820723,0.916595,0.769322,0.247894,0.553149,0.548641,0.294006,0.791435,0.611943,0.142491,0.574030,0.399962,0.864472,0.173657,0.067906,0.901210,0.142476,0.812024,0.378548,0.188561,0.300767,0.464716,0.321417,0.634232,0.804733,0.260721,0.535705,0.418077,0.819087,0.163280,0.187284,0.356983,0.537782,0.904303,0.937429
SYN_BIGPN_0235,1,0,0,0,0.714382,0.357995,0.377730,0.277212,0.404794,0.892736,0.717362,0.476712,0.676615,0.930325,0.946704,0.317601,0.411424,0.245595,0.215249,0.531162,0.803653,0.673643,0.421099,0.410577,0.945375,0.428515,0.855379,0.516660,0.134556,0.094236,0.693398,0.609720,0.460737,0.205907,0.790770,0.494839,0.667094,0.147839,0.240971,0.568812,0.404506,0.763692,0.606902,0.737479,0.931337,0.323039,0.251729,0.722227,0.882143,0.474587,0.863168,0.485439,0.843368,0.552123,0.666043,0.630570,0.720991,0.424365,0.838340,0.855250,0.486507,0.090071,0.926010,0.093305,0.936580,0.161647,0.745708,0.907642,0.132752,0.133461,0.486900,0.350205,0.909390,0.517568,0.797043,0.725838,0.835080,0.281665,0.300625,0.206500,0.252471,0.894075,0.070623,0.881276,0.582219,0.809868,0.288772,0.587738,0.773112,0.187412,0.673436,0.902499,0.786359,0.660365,0.511666,0.574566,0.387543,0.777684,0.617915,0.673051,0.600097,0.186086,0.812193,0.057652,0.195880,0.130519,0.295432,0.808963,0.310513,0.171216,0.207943,0.197727,0.898232,0.735247,0.373607,0.337370,0.509497
SYN_BIGPN_0236,0,0,1,0,0.331845,0.335262,0.155556,0.153286,0.548665,0.908362,0.260663,0.402115,0.240680,0.767063,0.155984,0.759042,0.855702,0.094679,0.311839,0.267510,0.745393,0.276440,0.433867,0.162558,0.061792,0.516003,0.893668,0.643099,0.068111,0.941275,0.458215,0.934391,0.220771,0.890780,0.055491,0.283622,0.556862,0.791903,0.606679,0.366549,0.946235,0.256519,0.485347,0.882170,0.770858,0.651654,0.095505,0.911782,0.604885,0.758936,0.729319,0.431869,0.835425,0.339019,0.171785,0.480204,0.835761,0.675713,0.372947,0.093800,0.504624,0.213220,0.225145,0.400412,0.564477,0.182036,0.906753,0.347784,0.303506,0.665177,0.371425,0.315099,0.735441,0.587495,0.424129,0.458638,0.889693,0.109783,0.141929,0.455404,0.215023,0.354264,0.339243,0.917557,0.690606,0.218572,0.258428,0.496412,0.686766,0.807884,0.247706,0.574786,0.896234,0.679081,0.792292,0.392722,0.500052,0.186173,0.064017,0.434371,0.695413,0.800088,0.147523,0.415721,0.350662,0.598310,0.413018,0.326883,0.830225,0.174500,0.389748,0.667014,0.632364,0.683104,0.334157,0.297685,0.576852
SYN_BIGPN_0237,1,1,1,0,0.309907,0.811855,0.643245,0.282646,0.575613,0.261751,0.471637,0.470024,0.274060,0.759985,0.137715,0.722744,0.139665,0.553750,0.133582,0.847099,0.595666,0.361518,0.120589,0.659179,0.595928,0.292620,0.129585,0.907001,0.088751,0.729817,0.763558,0.279356,0.606927,0.605690,0.285848,0.528963,0.744621,0.689807,0.227966,0.442315,0.447567,0.462306,0.305135,0.786317,0.572584,0.621137,0.241853,0.797446,0.945226,0.122964,0.639571,0.523150,0.841163,0.852627,0.752609,0.240348,0.205878,0.109487,0.086206,0.905936,0.612959,0.921095,0.418831,0.545221,0.110629,0.326427,0.295489,0.433799,0.666655,0.427323,0.216331,0.323806,0.433813,0.615395,0.595248,0.144451,0.530104,0.807730,0.858539,0.685916,0.256770,0.773899,0.812268,0.181429,0.352520,0.870798,0.513175,0.418837,0.184251,0.418872,0.358948,0.521185,0.273118,0.152215,0.649654,0.438725,0.661595,0.858290,0.071998,0.101795,0.840786,0.102629,0.623966,0.932317,0.930988,0.399624,0.735891,0.447384,0.660489,0.191560,0.715081,0.129759,0.855379,0.438363,0.326851,0.247679,0.555452
SYN_BIGPN_0238,1,0,0,0,0.657360,0.610636,0.470301,0.238482,0.931562,0.157283,0.785884,0.518170,0.326901,0.188394,0.184839,0.557494,0.938409,0.892328,0.374128,0.430982,0.786711,0.311453,0.442963,0.783944,0.229032,0.109812,0.929604,0.495291,0.055981,0.128323,0.948077,0.291250,0.405637,0.599286,0.071446,0.727091,0.696310,0.463808,0.572949,0.792907,0.113986,0.495751,0.286718,0.283941,0.721809,0.266578,0.193292,0.278640,0.371777,0.907200,0.191893,0.182342,0.534328,0.816462,0.940533,0.093835,0.205047,0.755530,0.902021,0.565268,0.117251,0.546692,0.883866,0.406580,0.583382,0.577027,0.591010,0.406069,0.750064,0.775150,0.782099,0.626566,0.307781,0.264956,0.674916,0.752793,0.531056,0.058444,0.603866,0.343449,0.353745,0.699474,0.374837,0.777942,0.900322,0.948473,0.656947,0.917378,0.601660,0.878974,0.478970,0.084150,0.625928,0.593056,0.666249,0.424918,0.050665,0.610860,0.718778,0.253400,0.299549,0.258349,0.624040,0.635372,0.388460,0.883440,0.117495,0.494625,0.781058,0.733604,0.119745,0.453858,0.432585,0.670117,0.197212,0.420790,0.676207
SYN_BIGPN_0239,0,0,0,0,0.565126,0.691068,0.307530,0.746151,0.438589,0.738133,0.559881,0.828892,0.934336,0.532769,0.934172,0.102905,0.793078,0.208201,0.412073,0.800921,0.289879,0.082270,0.818796,0.396945,0.096955,0.589410,0.342874,0.345557,0.071281,0.805872,0.665390,0.269457,0.361247,0.685773,0.947991,0.662281,0.731203,0.307050,0.659885,0.442742,0.542905,0.875022,0.147813,0.669311,0.874070,0.422803,0.226817,0.755594,0.553008,0.271393,0.286795,0.498057,0.587622,0.842043,0.350397,0.543653,0.632643,0.799931,0.597092,0.870123,0.136785,0.646574,0.341837,0.056286,0.393181,0.113678,0.175413,0.893546,0.220774,0.429865,0.496098,0.841631,0.887715,0.542744,0.116262,0.812558,0.366645,0.571788,0.410463,0.083537,0.400170,0.902102,0.193311,0.844510,0.581535,0.453254,0.664948,0.325441,0.519143,0.830320,0.325900,0.160063,0.876207,0.588632,0.525834,0.752306,0.802015,0.616202,0.644655,0.557839,0.775868,0.201689,0.175814,0.598153,0.190024,0.444674,0.503509,0.451928,0.546638,0.229140,0.329938,0.064506,0.940217,0.429764,0.139321,0.291821,0.092597
SYN_BIGPN_0240,1,0,0,0,0.500661,0.695058,0.543427,0.324474,0.697969,0.671409,0.358214,0.548068,0.488600,0.744775,0.093054,0.730553,0.800090,0.516623,0.139627,0.175460,0.377838,0.905370,0.368460,0.050025,0.157216,0.215512,0.382206,0.090807,0.936214,0.132500,0.375261,0.420297,0.248292,0.103158,0.182870,0.060089,0.322137,0.544892,0.901816,0.346405,0.326344,0.109192,0.077892,0.776051,0.393730,0.946871,0.064888,0.808431,0.719044,0.443510,0.395578,0.113823,0.325228,0.267985,0.310970,0.353019,0.315056,0.767376,0.614225,0.618104,0.696449,0.896738,0.776792,0.177118,0.521132,0.920027,0.418383,0.668262,0.515792,0.854982,0.306580,0.698121,0.345142,0.053578,0.445682,0.750744,0.143249,0.850388,0.656809,0.736506,0.816240,0.059192,0.671691,0.770928,0.306896,0.078066,0.495502,0.347904,0.838141,0.456720,0.166669,0.809132,0.880058,0.577420,0.847846,0.307205,0.181498,0.584175,0.730326,0.057589,0.926188,0.842768,0.201073,0.558025,0.866534,0.165936,0.176375,0.613490,0.773473,0.926770,0.742615,0.221722,0.605099,0.119701,0.107376,0.284922,0.253986
SYN_BIGPN_0241,1,1,0,0,0.142115,0.230052,0.220488,0.566088,0.329740,0.674176,0.594249,0.887825,0.934558,0.520026,0.246474,0.587031,0.869337,0.199817,0.204066,0.842118,0.719898,0.861589,0.805727,0.051755,0.711441,0.466454,0.308292,0.859088,0.050081,0.942339,0.856411,0.556980,0.160889,0.152840,0.725100,0.569927,0.871310,0.743648,0.160030,0.240403,0.894844,0.326453,0.638724,0.051599,0.611647,0.473295,0.168414,0.857493,0.074225,0.505086,0.266204,0.233197,0.485750,0.936114,0.211778,0.923963,0.942933,0.921194,0.062300,0.060302,0.339889,0.079077,0.627187,0.914504,0.070316,0.240564,0.420978,0.324332,0.750319,0.341974,0.147526,0.543530,0.767588,0.064043,0.707680,0.702168,0.138471,0.699185,0.568285,0.487491,0.622784,0.457433,0.945535,0.354484,0.249471,0.609402,0.119406,0.189904,0.908106,0.623496,0.803516,0.244654,0.245488,0.695906,0.516785,0.819165,0.106832,0.084658,0.877564,0.760990,0.735252,0.252345,0.203447,0.099347,0.279340,0.391644,0.757873,0.292107,0.418703,0.196321,0.884247,0.204331,0.501588,0.514060,0.826962,0.524373,0.628812
SYN_BIGPN_0242,1,0,0,0,0.887480,0.160903,0.225792,0.070100,0.524060,0.268464,0.067527,0.629545,0.514430,0.368709,0.928971,0.661279,0.894566,0.401832,0.840538,0.573358,0.288009,0.166067,0.108209,0.160191,0.404507,0.288518,0.610205,0.866826,0.231851,0.454688,0.079793,0.804723,0.366547,0.106453,0.609817,0.711580,0.877249,0.473854,0.582341,0.053259,0.848716,0.699768,0.157454,0.763196,0.945928,0.499233,0.616189,0.448515,0.177045,0.915134,0.532632,0.454158,0.811468,0.913378,0.924854,0.898437,0.585113,0.692106,0.492514,0.163600,0.560894,0.857426,0.635148,0.706502,0.593297,0.506343,0.840935,0.199254,0.054662,0.306917,0.065999,0.463150,0.893589,0.093945,0.361940,0.677669,0.561772,0.947653,0.484590,0.769182,0.940603,0.731919,0.766497,0.262019,0.687848,0.119683,0.891137,0.338873,0.764573,0.628512,0.132500,0.235903,0.067624,0.926147,0.662019,0.131060,0.424298,0.596284,0.066362,0.216146,0.792859,0.081031,0.785593,0.499124,0.094532,0.562298,0.501859,0.625652,0.914752,0.737539,0.689442,0.644771,0.636530,0.879631,0.690811,0.628615,0.459353
SYN_BIGPN_0243,0,0,1,1,0.848581,0.214850,0.437449,0.829145,0.852600,0.130557,0.638645,0.679253,0.786878,0.428962,0.134123,0.570197,0.710107,0.585924,0.112659,0.307957,0.664461,0.517072,0.579342,0.690474,0.851581,0.474831,0.669000,0.234690,0.115466,0.947803,0.618517,0.648959,0.848130,0.182791,0.882743,0.136913,0.150425,0.291609,0.351534,0.212928,0.206987,0.821821,0.618823,0.858477,0.581205,0.483279,0.734982,0.297784,0.891619,0.224333,0.311441,0.646657,0.730431,0.506588,0.827274,0.337168,0.710833,0.666232,0.670920,0.779523,0.313384,0.141887,0.440550,0.242615,0.691564,0.304654,0.500000,0.231890,0.618634,0.496555,0.720583,0.621073,0.398517,0.173493,0.516824,0.295537,0.348289,0.273215,0.278356,0.517228,0.899377,0.815945,0.183534,0.321846,0.885336,0.449292,0.602334,0.357591,0.155955,0.278302,0.417152,0.081388,0.144520,0.557349,0.641295,0.089250,0.809487,0.931456,0.600104,0.730885,0.385181,0.640238,0.679422,0.444389,0.132344,0.141849,0.576064,0.893327,0.828668,0.750158,0.479324,0.349935,0.696069,0.816044,0.687235,0.132522,0.185217
SYN_BIGPN_0244,1,1,0,1,0.218205,0.412615,0.734456,0.859011,0.926513,0.545295,0.646799,0.391002,0.937989,0.091489,0.265786,0.318526,0.118936,0.821346,0.538517,0.681629,0.515315,0.407977,0.431775,0.109401,0.461776,0.427557,0.308691,0.556237,0.431856,0.368458,0.391958,0.181391,0.418454,0.694627,0.599840,0.512980,0.179148,0.143562,0.714426,0.330903,0.274209,0.115429,0.212987,0.722378,0.264627,0.684702,0.273635,0.454218,0.545586,0.276550,0.050180,0.192005,0.740398,0.845000,0.691530,0.344130,0.411323,0.133795,0.311954,0.169057,0.930451,0.720152,0.813991,0.804753,0.419563,0.334567,0.411218,0.646434,0.225442,0.919987,0.483343,0.062924,0.707897,0.275033,0.458701,0.939997,0.246684,0.813862,0.847262,0.394183,0.900029,0.766088,0.593690,0.948850,0.449296,0.682507,0.193859,0.209981,0.299027,0.807263,0.599673,0.412691,0.088788,0.118417,0.740966,0.691252,0.869739,0.692911,0.433702,0.418265,0.170777,0.543573,0.695822,0.352993,0.613867,0.337626,0.126269,0.200848,0.879362,0.628436,0.304467,0.097160,0.306772,0.151662,0.480794,0.223746,0.905432
SYN_BIGPN_0245,1,0,1,1,0.406438,0.204077,0.155840,0.330637,0.445202,0.682270,0.171448,0.865653,0.064618,0.822512,0.788850,0.094069,0.169210,0.154858,0.126919,0.561824,0.093783,0.528643,0.459562,0.356805,0.106786,0.215286,0.471239,0.832570,0.629631,0.162192,0.083867,0.558086,0.668722,0.453471,0.638162,0.319314,0.891101,0.553300,0.147316,0.467059,0.725895,0.558734,0.127986,0.507336,0.478078,0.875772,0.508647,0.538455,0.336452,0.224908,0.120406,0.064151,0.456871,0.309250,0.179768,0.135068,0.357287,0.734563,0.927038,0.590727,0.147626,0.301640,0.156467,0.182972,0.494160,0.782925,0.598672,0.535361,0.197386,0.930762,0.428323,0.103145,0.590552,0.285593,0.839354,0.563880,0.216130,0.672414,0.331264,0.762750,0.615187,0.921432,0.222314,0.571192,0.438866,0.066770,0.616966,0.207754,0.345173,0.372365,0.651524,0.925046,0.301479,0.482052,0.387262,0.317879,0.570349,0.525795,0.410979,0.286913,0.252456,0.365494,0.877589,0.576692,0.873411,0.807390,0.474836,0.751173,0.055824,0.942345,0.871213,0.914220,0.437641,0.464878,0.127667,0.935487,0.692141
SYN_BIGPN_0246,1,1,1,0,0.583524,0.108830,0.428832,0.293895,0.585645,0.509687,0.930164,0.235059,0.721923,0.627926,0.356425,0.239328,0.716921,0.928626,0.176349,0.949296,0.668784,0.925115,0.102516,0.920452,0.626167,0.676813,0.861035,0.206188,0.839471,0.464569,0.926115,0.353204,0.533502,0.717525,0.865968,0.813152,0.734224,0.653259,0.719578,0.450576,0.568916,0.849060,0.283673,0.795486,0.754165,0.534169,0.865580,0.568534,0.435104,0.556995,0.876397,0.627270,0.304830,0.291406,0.159469,0.444163,0.327472,0.343317,0.390039,0.366561,0.795165,0.813091,0.845894,0.165816,0.770399,0.078352,0.511796,0.496753,0.436443,0.369509,0.409054,0.223953,0.089245,0.869798,0.513555,0.240705,0.742691,0.890962,0.929237,0.114159,0.590886,0.713830,0.117284,0.597374,0.844528,0.410132,0.206271,0.827680,0.428619,0.442649,0.505430,0.119196,0.305193,0.401938,0.743120,0.346763,0.509425,0.587728,0.211947,0.431218,0.941535,0.552011,0.530813,0.593100,0.182975,0.492726,0.590527,0.686752,0.775866,0.535020,0.581521,0.096901,0.052367,0.547704,0.161906,0.357293,0.888285
SYN_BIGPN_0247,1,1,0,0,0.581662,0.522497,0.479769,0.921269,0.399235,0.573102,0.419825,0.163759,0.770265,0.451812,0.903565,0.845158,0.938197,0.542908,0.833477,0.135404,0.710004,0.219285,0.875113,0.316309,0.426186,0.222601,0.822479,0.859664,0.506330,0.219634,0.296321,0.493933,0.289763,0.429812,0.411950,0.446154,0.456038,0.856787,0.768467,0.801759,0.931859,0.140071,0.941241,0.209601,0.509178,0.284195,0.243042,0.403024,0.498113,0.663626,0.740774,0.460070,0.087619,0.466762,0.460302,0.063080,0.578066,0.088181,0.509942,0.157109,0.528320,0.780291,0.131869,0.193774,0.147918,0.425650,0.256234,0.603454,0.063146,0.382011,0.719425,0.261334,0.422358,0.070823,0.278404,0.367919,0.283197,0.595408,0.186000,0.162167,0.224979,0.758752,0.233801,0.361498,0.930625,0.353171,0.771288,0.611836,0.557160,0.678648,0.936672,0.755286,0.494407,0.741582,0.596188,0.505821,0.164404,0.924329,0.775378,0.539745,0.671839,0.826824,0.817899,0.258089,0.384644,0.866219,0.318693,0.227011,0.118876,0.458124,0.446867,0.935085,0.262158,0.636423,0.931438,0.330242,0.861205
SYN_BIGPN_0248,0,1,1,0,0.290640,0.375627,0.394744,0.677605,0.413105,0.441040,0.124740,0.267704,0.415443,0.523427,0.223282,0.569092,0.749272,0.273899,0.937268,0.786079,0.569135,0.351572,0.355181,0.255671,0.171515,0.755899,0.803874,0.070068,0.829969,0.889993,0.843774,0.259278,0.863777,0.135437,0.527495,0.463103,0.659680,0.454266,0.603871,0.822683,0.582099,0.439346,0.747976,0.662302,0.213059,0.894952,0.687317,0.288892,0.925345,0.712721,0.182983,0.254709,0.425546,0.625942,0.057614,0.326796,0.418614,0.599548,0.467815,0.368131,0.118116,0.345844,0.194419,0.543535,0.515509,0.409882,0.494063,0.426257,0.217895,0.628938,0.572935,0.143807,0.467332,0.290307,0.683821,0.213691,0.520997,0.302310,0.571453,0.557264,0.536222,0.271232,0.700059,0.915613,0.939083,0.396407,0.901688,0.587932,0.243704,0.623859,0.541260,0.609114,0.859292,0.277736,0.750280,0.058564,0.458794,0.909938,0.151182,0.169594,0.580506,0.482920,0.286665,0.714319,0.476518,0.575412,0.088476,0.946347,0.270198,0.081779,0.810188,0.533959,0.631907,0.543064,0.585415,0.769160,0.532579
SYN_BIGPN_0249,1,1,0,0,0.554401,0.230839,0.311817,0.434565,0.552220,0.607137,0.880021,0.455667,0.942460,0.851132,0.458627,0.181277,0.171583,0.069531,0.588937,0.825529,0.403210,0.389702,0.591554,0.452245,0.244196,0.757020,0.234521,0.570100,0.172735,0.325105,0.240079,0.674817,0.334132,0.714112,0.786876,0.842064,0.606644,0.435105,0.146286,0.772637,0.548359,0.238177,0.714530,0.373136,0.548372,0.669578,0.680788,0.780968,0.488352,0.273926,0.667950,0.613278,0.639236,0.460610,0.504881,0.726053,0.234829,0.405283,0.455347,0.552273,0.924904,0.889653,0.614243,0.261567,0.945352,0.424942,0.272487,0.568390,0.767544,0.271366,0.237915,0.705712,0.919646,0.305409,0.763230,0.129052,0.828755,0.815338,0.496976,0.935193,0.152692,0.693496,0.850570,0.283323,0.373754,0.377758,0.233711,0.326078,0.710723,0.185347,0.272782,0.768657,0.315400,0.093593,0.676305,0.195757,0.830196,0.427927,0.291093,0.482403,0.915416,0.182960,0.497014,0.485919,0.809272,0.920347,0.745570,0.935958,0.688525,0.424808,0.106963,0.844485,0.744368,0.432547,0.886425,0.333540,0.104799
SYN_BIGPN_0250,1,0,1,0,0.055465,0.186838,0.597560,0.132814,0.413201,0.179489,0.504894,0.947047,0.543059,0.255623,0.336083,0.676923,0.423051,0.735520,0.486545,0.948150,0.708975,0.653013,0.733120,0.823569,0.395853,0.086034,0.740635,0.510213,0.648352,0.138832,0.329714,0.455843,0.729533,0.779147,0.245991,0.477799,0.721557,0.346181,0.493870,0.439874,0.457419,0.712611,0.422238,0.576325,0.153582,0.734401,0.456750,0.523204,0.413339,0.400130,0.113258,0.654263,0.684846,0.728344,0.891454,0.912313,0.848154,0.703778,0.536431,0.715286,0.134904,0.765891,0.428121,0.903395,0.604323,0.202890,0.443544,0.602240,0.706859,0.630202,0.272663,0.648145,0.940904,0.509512,0.616658,0.410498,0.868023,0.277585,0.834233,0.619765,0.311157,0.368226,0.701465,0.458336,0.139031,0.370447,0.536045,0.782155,0.296066,0.270656,0.086739,0.273849,0.772754,0.072637,0.635201,0.916043,0.927927,0.367831,0.404098,0.358434,0.599112,0.932214,0.227752,0.111710,0.641000,0.612688,0.224250,0.416626,0.822789,0.210909,0.538540,0.293916,0.131003,0.324213,0.700736,0.183059,0.661715
SYN_BIGPN_0251,0,1,0,1,0.929798,0.794169,0.131651,0.625350,0.485903,0.663575,0.423060,0.789302,0.829508,0.445313,0.067801,0.879572,0.080352,0.398404,0.372924,0.727397,0.769195,0.233286,0.186543,0.333837,0.479280,0.334907,0.412769,0.311739,0.120143,0.380164,0.510800,0.849562,0.847701,0.201193,0.122434,0.895951,0.428583,0.211099,0.837415,0.938190,0.128576,0.267971,0.783565,0.851599,0.222497,0.056756,0.709183,0.151270,0.602949,0.868661,0.715315,0.383475,0.339500,0.700439,0.220835,0.634763,0.297666,0.512383,0.754077,0.916267,0.392156,0.118989,0.366249,0.944047,0.492931,0.250559,0.264154,0.781486,0.175767,0.769976,0.791657,0.831683,0.532620,0.125285,0.921511,0.716399,0.478343,0.828270,0.059459,0.066299,0.606932,0.526215,0.362548,0.187736,0.615261,0.814421,0.490845,0.542396,0.406946,0.417195,0.739813,0.217920,0.126975,0.266613,0.562230,0.841373,0.861036,0.762673,0.910480,0.807706,0.779736,0.560696,0.832285,0.250453,0.627344,0.645488,0.534077,0.767637,0.631573,0.436277,0.795934,0.633898,0.468671,0.448071,0.872543,0.772952,0.501180
SYN_BIGPN_0252,0,1,1,0,0.403472,0.434304,0.404400,0.175307,0.190657,0.250715,0.717146,0.371537,0.948532,0.903278,0.665967,0.880459,0.139097,0.889706,0.283437,0.427230,0.066130,0.898337,0.522879,0.285018,0.366029,0.191916,0.556504,0.702209,0.789298,0.373165,0.170090,0.108401,0.433277,0.244629,0.397326,0.167160,0.868345,0.376268,0.719253,0.700942,0.342089,0.280837,0.300983,0.591839,0.914883,0.268912,0.605417,0.574211,0.340820,0.777636,0.557182,0.795693,0.941642,0.116303,0.700906,0.344120,0.090750,0.524673,0.616518,0.695690,0.639889,0.786623,0.423243,0.742462,0.314957,0.570020,0.276698,0.140846,0.862819,0.644333,0.406931,0.471392,0.831625,0.560219,0.104432,0.690748,0.782347,0.670391,0.583603,0.162882,0.077251,0.337330,0.345918,0.872082,0.623091,0.536665,0.555992,0.701060,0.397222,0.562586,0.587947,0.408568,0.842410,0.340722,0.319208,0.822515,0.408068,0.248564,0.516699,0.618587,0.485343,0.417143,0.142549,0.738186,0.473751,0.087864,0.498433,0.740879,0.879793,0.601668,0.304088,0.314203,0.507908,0.562475,0.843266,0.254658,0.868888
SYN_BIGPN_0253,0,1,1,1,0.076056,0.436772,0.687309,0.269040,0.457658,0.477808,0.495540,0.287712,0.798149,0.325391,0.538401,0.906157,0.060448,0.946279,0.173291,0.642674,0.729080,0.309180,0.255574,0.331303,0.525852,0.693701,0.744062,0.808098,0.119588,0.674182,0.767200,0.763353,0.556325,0.698496,0.849819,0.481416,0.202909,0.380361,0.422209,0.899069,0.812595,0.168753,0.563421,0.318728,0.425215,0.856113,0.385152,0.463044,0.439240,0.926370,0.741576,0.635427,0.223093,0.764196,0.344493,0.466786,0.640947,0.838965,0.067936,0.844710,0.389755,0.492839,0.395194,0.712159,0.113038,0.475883,0.552609,0.379127,0.191645,0.080039,0.106285,0.114134,0.250540,0.093161,0.339210,0.141118,0.470762,0.850879,0.216964,0.412414,0.380717,0.431780,0.605781,0.570301,0.267757,0.558624,0.111042,0.383894,0.864923,0.830097,0.406360,0.700087,0.313422,0.131706,0.240623,0.766172,0.557512,0.054748,0.595734,0.820103,0.497750,0.289402,0.487397,0.742356,0.458324,0.149471,0.733527,0.487441,0.072872,0.094893,0.883264,0.713724,0.304462,0.387721,0.875677,0.421299,0.264762
SYN_BIGPN_0254,1,1,0,1,0.262471,0.239117,0.088570,0.336304,0.318398,0.164129,0.763305,0.771093,0.769433,0.393941,0.491150,0.158519,0.248155,0.318712,0.602746,0.538386,0.887091,0.338274,0.930213,0.886090,0.362047,0.945669,0.374048,0.700621,0.153235,0.392556,0.435291,0.288602,0.281011,0.780296,0.217815,0.833946,0.320457,0.208932,0.483778,0.214654,0.537554,0.801536,0.391313,0.164354,0.162751,0.505824,0.664789,0.874354,0.209879,0.443885,0.735156,0.858690,0.282184,0.553385,0.664924,0.927696,0.836977,0.247900,0.355925,0.768409,0.412226,0.847229,0.406509,0.497767,0.599411,0.165106,0.132300,0.473772,0.400917,0.687349,0.501863,0.760733,0.123592,0.239704,0.944378,0.907499,0.284842,0.851663,0.158896,0.623326,0.128888,0.301151,0.694403,0.561723,0.486505,0.465869,0.553119,0.505545,0.750474,0.895847,0.406596,0.855975,0.275295,0.677832,0.473829,0.278484,0.406450,0.452881,0.774496,0.818668,0.464156,0.089488,0.247040,0.435846,0.103190,0.842761,0.738801,0.091131,0.493862,0.275486,0.824231,0.309970,0.689313,0.706305,0.548501,0.811730,0.071964
SYN_BIGPN_0255,0,1,1,0,0.847869,0.526276,0.638514,0.820860,0.261804,0.235487,0.623342,0.799581,0.054207,0.599226,0.571542,0.082958,0.824489,0.293570,0.481096,0.447570,0.690763,0.324109,0.617085,0.897629,0.173366,0.937785,0.097872,0.657972,0.175285,0.459587,0.855099,0.136473,0.798729,0.490854,0.158247,0.944930,0.558072,0.253010,0.429569,0.462882,0.728827,0.764728,0.517393,0.367538,0.117073,0.857219,0.930248,0.926037,0.228020,0.273970,0.642711,0.602505,0.477705,0.603155,0.590397,0.423810,0.317817,0.627489,0.177346,0.913252,0.647607,0.668198,0.466272,0.062763,0.364068,0.396946,0.507982,0.105512,0.912264,0.730284,0.175655,0.839574,0.439532,0.379483,0.348575,0.176293,0.522005,0.359484,0.169000,0.813979,0.471407,0.547294,0.548814,0.737035,0.834914,0.774944,0.425510,0.145884,0.819003,0.262909,0.217504,0.449860,0.241708,0.900540,0.189817,0.104622,0.348301,0.661170,0.071302,0.882889,0.687335,0.325024,0.692757,0.877680,0.564091,0.412563,0.469401,0.264130,0.478992,0.582952,0.289264,0.773908,0.470257,0.201868,0.895625,0.194651,0.402168
SYN_BIGPN_0256,1,0,1,0,0.688824,0.875469,0.608952,0.167171,0.153268,0.918881,0.171039,0.915413,0.713513,0.315832,0.328524,0.592362,0.520130,0.419162,0.483743,0.442927,0.351113,0.660853,0.069768,0.438364,0.837807,0.775109,0.817836,0.519015,0.839513,0.153131,0.124651,0.354712,0.790299,0.112791,0.873751,0.174882,0.550650,0.925974,0.098210,0.228971,0.571860,0.203290,0.464483,0.932250,0.880939,0.810884,0.179578,0.321182,0.819749,0.680944,0.073266,0.300421,0.374885,0.315348,0.126590,0.520994,0.348772,0.739508,0.335895,0.784278,0.498899,0.372251,0.607406,0.861292,0.156723,0.546041,0.478452,0.271148,0.694273,0.616367,0.730383,0.056564,0.098433,0.644643,0.217052,0.613115,0.459340,0.882743,0.420455,0.631783,0.563005,0.222508,0.770685,0.942069,0.307230,0.605097,0.923116,0.849973,0.615481,0.881744,0.696117,0.293281,0.130897,0.711207,0.152720,0.096073,0.406772,0.506528,0.261459,0.193019,0.331953,0.233585,0.593359,0.458042,0.855962,0.056549,0.152540,0.925537,0.377028,0.172513,0.473061,0.576335,0.918211,0.572638,0.421075,0.400673,0.465230
SYN_BIGPN_0257,1,1,0,1,0.653168,0.204584,0.482607,0.834646,0.299623,0.283165,0.206028,0.827248,0.377870,0.471105,0.799456,0.920834,0.743155,0.501615,0.524685,0.412546,0.414830,0.723250,0.384318,0.071291,0.651238,0.686216,0.097977,0.948579,0.283894,0.764315,0.339342,0.435902,0.880514,0.362330,0.130877,0.567456,0.613415,0.891504,0.700411,0.894708,0.518094,0.593461,0.913754,0.116059,0.835724,0.181805,0.635623,0.845783,0.256845,0.307684,0.682226,0.331443,0.304906,0.858166,0.225672,0.433435,0.827545,0.314364,0.110990,0.301992,0.765312,0.107608,0.946994,0.949740,0.746438,0.577701,0.699696,0.916047,0.832027,0.896409,0.886826,0.055739,0.133133,0.750579,0.575245,0.641613,0.396780,0.804009,0.768090,0.872573,0.110574,0.254373,0.578312,0.395467,0.241608,0.622370,0.697535,0.576461,0.476705,0.652342,0.878330,0.748485,0.265137,0.782507,0.691986,0.414810,0.189434,0.123163,0.466608,0.576665,0.791610,0.133975,0.427084,0.427723,0.160961,0.235885,0.883050,0.882167,0.052057,0.292868,0.531031,0.900955,0.787409,0.692117,0.058428,0.818983,0.517310
SYN_BIGPN_0258,1,1,1,0,0.517513,0.369759,0.139249,0.911255,0.632962,0.570458,0.845623,0.069465,0.261693,0.132436,0.869630,0.394360,0.718342,0.734964,0.595439,0.297199,0.107578,0.508881,0.540681,0.390851,0.624587,0.783431,0.885574,0.264633,0.537966,0.220551,0.699732,0.418333,0.822562,0.761411,0.678263,0.521966,0.567137,0.119066,0.091335,0.451796,0.488011,0.244409,0.542776,0.437035,0.112784,0.090577,0.412758,0.473287,0.888176,0.442049,0.795549,0.252888,0.745646,0.791833,0.524276,0.084182,0.535218,0.469157,0.127994,0.787892,0.340497,0.683026,0.480329,0.921521,0.114474,0.674749,0.488578,0.354973,0.072185,0.631161,0.162181,0.452285,0.544036,0.522518,0.883332,0.854201,0.727467,0.449761,0.826881,0.731804,0.377620,0.491028,0.722102,0.811670,0.091217,0.493432,0.469593,0.826081,0.635487,0.411021,0.185878,0.907367,0.125317,0.106570,0.112795,0.319756,0.816898,0.639807,0.059160,0.629289,0.641568,0.407635,0.340531,0.641496,0.830920,0.065162,0.439644,0.746275,0.168519,0.749186,0.073043,0.487659,0.192011,0.498109,0.164078,0.236969,0.834099
SYN_BIGPN_0259,0,0,0,0,0.305608,0.337333,0.327371,0.137277,0.882407,0.668138,0.698956,0.764704,0.740981,0.899529,0.648460,0.925797,0.765470,0.672179,0.065739,0.151824,0.399696,0.312871,0.656435,0.129038,0.467914,0.738154,0.180647,0.349263,0.786191,0.762369,0.331667,0.456066,0.921700,0.558830,0.133699,0.941247,0.496323,0.264865,0.591692,0.112031,0.153222,0.724539,0.440644,0.395662,0.120030,0.946648,0.279223,0.800668,0.542384,0.637370,0.827537,0.878067,0.434100,0.268998,0.483570,0.916687,0.054818,0.842173,0.719765,0.202731,0.666159,0.884610,0.843458,0.827274,0.497464,0.450594,0.542703,0.942413,0.625087,0.384689,0.284314,0.753458,0.165019,0.593888,0.332001,0.357735,0.125030,0.212122,0.478739,0.177714,0.290324,0.228488,0.775275,0.397466,0.437545,0.741167,0.210223,0.059091,0.588182,0.822879,0.722165,0.721766,0.075862,0.766635,0.427500,0.283031,0.760200,0.829590,0.371662,0.706400,0.115376,0.845121,0.147143,0.801254,0.843047,0.068479,0.805142,0.892441,0.818459,0.706451,0.187394,0.445081,0.645076,0.574633,0.775889,0.857140,0.809756
SYN_BIGPN_0260,0,0,1,1,0.571329,0.561717,0.744590,0.673641,0.145335,0.880636,0.794346,0.660728,0.748584,0.690662,0.916263,0.402829,0.842219,0.328083,0.633322,0.741271,0.476136,0.386176,0.466383,0.828123,0.091296,0.160868,0.742902,0.448291,0.696923,0.936698,0.326066,0.213870,0.228327,0.230429,0.116324,0.257338,0.594870,0.207765,0.503792,0.400741,0.421770,0.533539,0.835024,0.637358,0.275598,0.285121,0.440322,0.461121,0.646591,0.523574,0.157130,0.217012,0.572612,0.537350,0.185108,0.075123,0.332295,0.536407,0.335252,0.898667,0.949504,0.813304,0.349586,0.207906,0.204423,0.672975,0.583061,0.349728,0.386933,0.732493,0.173056,0.495819,0.902164,0.138864,0.164809,0.638812,0.886312,0.836554,0.590045,0.515938,0.591990,0.274324,0.369678,0.206830,0.461195,0.140174,0.418952,0.805570,0.855154,0.712214,0.776421,0.790279,0.091864,0.259283,0.435908,0.157586,0.946971,0.853379,0.451262,0.357577,0.072869,0.244040,0.812091,0.282727,0.217479,0.598396,0.535066,0.130391,0.439073,0.726249,0.587623,0.798869,0.115585,0.390259,0.124387,0.163433,0.630450
SYN_BIGPN_0261,0,1,1,0,0.178409,0.274767,0.609230,0.519439,0.887524,0.546310,0.299977,0.480182,0.615531,0.520970,0.906585,0.584971,0.875017,0.420876,0.855860,0.479050,0.471309,0.320886,0.349255,0.127730,0.685357,0.444635,0.346974,0.603978,0.181777,0.371176,0.844491,0.721804,0.119465,0.936884,0.706782,0.490841,0.743474,0.598168,0.678849,0.186957,0.706077,0.722194,0.267228,0.321964,0.423430,0.649624,0.258025,0.445104,0.742932,0.065176,0.422589,0.800620,0.163860,0.566127,0.397134,0.365317,0.617909,0.251239,0.448152,0.270012,0.906455,0.580147,0.096114,0.141827,0.399562,0.204138,0.360371,0.772805,0.561314,0.722320,0.849651,0.516795,0.081964,0.816093,0.246026,0.251194,0.058629,0.869890,0.113443,0.156113,0.844448,0.720082,0.530442,0.691496,0.251323,0.516739,0.536468,0.484993,0.180298,0.271430,0.538479,0.392872,0.901006,0.052260,0.948663,0.795431,0.904403,0.877802,0.595580,0.422353,0.734153,0.820264,0.912018,0.714654,0.780232,0.776990,0.270561,0.812931,0.179152,0.180972,0.519029,0.231715,0.565123,0.602976,0.415489,0.745852,0.490504
SYN_BIGPN_0262,0,1,0,0,0.852102,0.314585,0.778488,0.720615,0.683232,0.858201,0.432456,0.717863,0.874494,0.596962,0.893207,0.790482,0.453309,0.756792,0.485657,0.086126,0.501710,0.742027,0.560197,0.803340,0.405827,0.205973,0.565636,0.375780,0.126786,0.916947,0.133593,0.408262,0.582612,0.099514,0.444303,0.259588,0.787085,0.236097,0.759082,0.166315,0.721292,0.466958,0.111881,0.389467,0.686453,0.604417,0.499137,0.220351,0.276851,0.721194,0.346559,0.350776,0.569553,0.628000,0.084295,0.378444,0.505753,0.497903,0.236386,0.083508,0.646537,0.305975,0.318632,0.520288,0.065578,0.180449,0.828009,0.809806,0.739917,0.517623,0.593574,0.189280,0.256562,0.644620,0.594644,0.569652,0.110458,0.492031,0.567898,0.449779,0.245747,0.657483,0.580610,0.836489,0.410444,0.941874,0.488643,0.358182,0.886145,0.766050,0.450294,0.571993,0.854995,0.102393,0.417295,0.928457,0.287624,0.708192,0.568598,0.567720,0.777528,0.284435,0.393442,0.501873,0.835632,0.889782,0.483757,0.477500,0.256913,0.521826,0.676919,0.540260,0.877266,0.351394,0.076570,0.693848,0.775012
SYN_BIGPN_0263,0,1,1,1,0.075299,0.941579,0.909918,0.875873,0.866673,0.387016,0.415760,0.293971,0.108365,0.941268,0.201854,0.939972,0.416074,0.300786,0.582210,0.192383,0.598289,0.504601,0.213618,0.265335,0.147525,0.449823,0.488289,0.890814,0.663057,0.422531,0.898400,0.834209,0.114704,0.336045,0.150076,0.567528,0.501558,0.671784,0.084869,0.082393,0.179746,0.940382,0.606778,0.247556,0.082313,0.753841,0.646358,0.502281,0.866546,0.574541,0.458378,0.161338,0.919572,0.136114,0.442864,0.651658,0.152555,0.590368,0.347409,0.817211,0.188462,0.688315,0.792375,0.838383,0.117814,0.281125,0.428897,0.563577,0.291170,0.909438,0.649466,0.254086,0.617304,0.547065,0.836867,0.056253,0.294922,0.071828,0.333565,0.427836,0.249586,0.714321,0.184280,0.923231,0.685084,0.058507,0.310423,0.294229,0.081290,0.571650,0.558577,0.081913,0.117076,0.146285,0.451282,0.189379,0.068639,0.667914,0.214515,0.202828,0.559154,0.103970,0.616957,0.506820,0.167399,0.570173,0.855669,0.203879,0.222968,0.251965,0.514621,0.607225,0.448864,0.519927,0.137506,0.161121,0.113492
SYN_BIGPN_0264,1,0,0,1,0.893977,0.900418,0.375908,0.714556,0.589943,0.374018,0.151561,0.160547,0.521978,0.288958,0.507408,0.714842,0.150811,0.458213,0.597716,0.169288,0.275570,0.563207,0.362846,0.223927,0.337948,0.050785,0.200372,0.853281,0.509667,0.095847,0.603159,0.618079,0.516010,0.273902,0.144630,0.765563,0.236634,0.913664,0.872997,0.416333,0.899002,0.784378,0.675483,0.464270,0.418778,0.916076,0.711108,0.883319,0.545966,0.582639,0.067535,0.645331,0.661255,0.164512,0.666474,0.250541,0.535512,0.563264,0.788439,0.329963,0.655536,0.693607,0.642906,0.050309,0.941474,0.124277,0.357649,0.239103,0.841443,0.411561,0.924503,0.614236,0.252583,0.125151,0.320283,0.597443,0.500988,0.627389,0.541892,0.839245,0.274378,0.510171,0.665924,0.460209,0.715551,0.388136,0.826900,0.792076,0.213902,0.716817,0.764375,0.476399,0.494913,0.688695,0.526461,0.736264,0.395500,0.079952,0.175826,0.145509,0.877155,0.908970,0.507484,0.810085,0.880811,0.770532,0.478857,0.690309,0.194495,0.353117,0.507502,0.594376,0.914315,0.800208,0.137563,0.648991,0.601962
SYN_BIGPN_0265,0,1,0,1,0.734136,0.688221,0.635614,0.419814,0.524900,0.643173,0.548878,0.147339,0.697073,0.157187,0.248850,0.844131,0.417863,0.520744,0.810285,0.672278,0.224805,0.923010,0.221720,0.324050,0.294890,0.881730,0.888706,0.676030,0.540269,0.494594,0.791022,0.185876,0.706975,0.878794,0.588972,0.101004,0.833508,0.465951,0.853616,0.199383,0.636307,0.367664,0.354334,0.655521,0.326529,0.165203,0.604238,0.252787,0.784826,0.682822,0.602936,0.723025,0.767887,0.149916,0.783300,0.269767,0.623625,0.247974,0.056614,0.633421,0.210877,0.880517,0.055178,0.731671,0.671497,0.255723,0.501148,0.084682,0.074019,0.522438,0.555910,0.274545,0.624045,0.836077,0.519948,0.428665,0.190104,0.673229,0.249768,0.744114,0.172837,0.374820,0.639415,0.316383,0.164959,0.814392,0.063428,0.272008,0.254813,0.685950,0.211743,0.690515,0.585935,0.577071,0.620231,0.680881,0.553396,0.907242,0.799455,0.710194,0.760944,0.112503,0.455737,0.776279,0.650112,0.062216,0.661700,0.157574,0.713263,0.847366,0.779816,0.770197,0.482185,0.582402,0.825897,0.883726,0.920562
SYN_BIGPN_0266,0,1,1,1,0.751260,0.884751,0.129108,0.917626,0.303526,0.887671,0.395511,0.803526,0.560653,0.392794,0.724301,0.915400,0.341740,0.221015,0.880284,0.887419,0.730208,0.124983,0.690201,0.274445,0.845843,0.485455,0.758380,0.315509,0.306954,0.320584,0.792052,0.797922,0.502965,0.877980,0.776188,0.506101,0.808333,0.381379,0.102337,0.299463,0.282610,0.072488,0.086576,0.126019,0.380145,0.286814,0.101706,0.195136,0.541384,0.366592,0.330309,0.439556,0.366728,0.942636,0.392673,0.158939,0.309289,0.480533,0.359720,0.533745,0.343654,0.121149,0.811096,0.503696,0.445476,0.350732,0.128100,0.081504,0.345971,0.725112,0.713540,0.308357,0.770106,0.221437,0.755979,0.644111,0.852712,0.467818,0.861317,0.422373,0.792931,0.586491,0.604247,0.189572,0.425164,0.156520,0.732863,0.873424,0.925663,0.713616,0.468331,0.196506,0.224905,0.209464,0.824550,0.851715,0.250224,0.752563,0.902299,0.374898,0.543928,0.790805,0.206866,0.365233,0.714197,0.623348,0.615270,0.530130,0.814377,0.069073,0.612564,0.531079,0.267145,0.738495,0.435462,0.176581,0.925632
SYN_BIGPN_0267,0,0,1,0,0.402136,0.090397,0.221389,0.572378,0.860009,0.638596,0.185791,0.824324,0.294568,0.754468,0.171256,0.075526,0.646194,0.618490,0.605436,0.600558,0.493073,0.188856,0.321262,0.879906,0.604037,0.860219,0.936005,0.698918,0.862243,0.590190,0.839701,0.546100,0.418919,0.252346,0.300362,0.179122,0.217763,0.494938,0.325244,0.633301,0.205551,0.346624,0.336928,0.822589,0.312369,0.332359,0.790579,0.233450,0.652877,0.102208,0.817605,0.228515,0.259619,0.191190,0.144412,0.310363,0.137862,0.095696,0.699766,0.888502,0.673859,0.473557,0.884714,0.779534,0.718823,0.794669,0.537295,0.227556,0.533055,0.772303,0.732840,0.798324,0.566596,0.488513,0.667068,0.120033,0.058310,0.362526,0.075084,0.922685,0.723565,0.916144,0.621327,0.440356,0.155670,0.725848,0.240591,0.073869,0.080950,0.604992,0.594283,0.542755,0.827784,0.840885,0.416422,0.798958,0.155661,0.065194,0.524754,0.291083,0.617640,0.638385,0.649602,0.345866,0.441760,0.443978,0.191551,0.838378,0.672418,0.618999,0.593824,0.718990,0.634649,0.345160,0.481200,0.832715,0.425089
SYN_BIGPN_0268,0,1,1,0,0.878623,0.386861,0.583070,0.420866,0.157927,0.935818,0.797102,0.734715,0.437373,0.259077,0.625704,0.749975,0.737741,0.085442,0.333757,0.404508,0.585223,0.163729,0.372471,0.421099,0.340869,0.090305,0.569833,0.744504,0.793822,0.857164,0.512661,0.104795,0.379610,0.311908,0.905428,0.326819,0.926397,0.876067,0.074538,0.737509,0.910229,0.881356,0.248369,0.712841,0.587190,0.488322,0.411128,0.609154,0.577702,0.516486,0.576543,0.516052,0.552200,0.101622,0.771357,0.147454,0.848674,0.344061,0.158354,0.946842,0.417477,0.357732,0.591108,0.675258,0.440337,0.780279,0.735888,0.273393,0.534838,0.583940,0.512311,0.213497,0.782945,0.090904,0.155058,0.259727,0.063194,0.709079,0.779195,0.730848,0.050487,0.135558,0.057486,0.610997,0.938000,0.185302,0.707665,0.708644,0.203530,0.246483,0.159631,0.081735,0.549435,0.722268,0.746632,0.774434,0.156141,0.793195,0.280439,0.865585,0.626050,0.754887,0.858415,0.699883,0.616152,0.721980,0.791827,0.230373,0.819483,0.525481,0.156029,0.177516,0.792911,0.159827,0.166342,0.481648,0.700268
SYN_BIGPN_0269,1,1,0,0,0.232380,0.077925,0.167131,0.926621,0.555634,0.159389,0.316710,0.268775,0.524931,0.553292,0.806869,0.640859,0.323528,0.105868,0.325583,0.229755,0.384716,0.630038,0.186030,0.913065,0.747933,0.473729,0.821667,0.290101,0.538846,0.848360,0.800128,0.392086,0.419477,0.319977,0.768076,0.637338,0.666587,0.096468,0.686301,0.199396,0.602402,0.269606,0.381262,0.216893,0.195712,0.388759,0.385866,0.756729,0.475752,0.585722,0.082854,0.066939,0.263791,0.052108,0.538671,0.664249,0.889017,0.560566,0.393678,0.818543,0.076283,0.433658,0.483492,0.657644,0.771183,0.396192,0.384081,0.710811,0.852071,0.296059,0.164774,0.893012,0.387189,0.927110,0.094703,0.850317,0.667281,0.216908,0.625126,0.535933,0.502679,0.855482,0.478535,0.513389,0.449985,0.624034,0.196913,0.137086,0.081194,0.131020,0.347981,0.604179,0.383196,0.665603,0.068622,0.693218,0.514351,0.529265,0.947145,0.449096,0.529750,0.903879,0.674643,0.637165,0.335474,0.823348,0.551889,0.609911,0.559238,0.293763,0.177467,0.582500,0.598231,0.809388,0.445014,0.188866,0.598950
SYN_BIGPN_0270,1,1,1,0,0.474939,0.627761,0.722474,0.615032,0.782146,0.695475,0.551656,0.291025,0.420065,0.672874,0.838313,0.190766,0.595682,0.550341,0.121292,0.502189,0.562267,0.262536,0.604412,0.714772,0.478795,0.824213,0.908279,0.678052,0.655280,0.927980,0.115193,0.348341,0.410489,0.221055,0.144668,0.172605,0.090204,0.755256,0.154228,0.055980,0.905314,0.871782,0.639471,0.074692,0.506553,0.553086,0.115533,0.636455,0.235727,0.123129,0.535233,0.763829,0.453965,0.238849,0.527565,0.133319,0.118137,0.879321,0.067615,0.535489,0.674399,0.837109,0.699322,0.068506,0.288260,0.923990,0.762261,0.652009,0.759876,0.190616,0.861980,0.516811,0.697128,0.407333,0.589474,0.478658,0.444572,0.864677,0.425852,0.928299,0.103186,0.740981,0.694803,0.488715,0.302988,0.651284,0.692877,0.475940,0.224936,0.752251,0.312381,0.486737,0.434563,0.543142,0.061905,0.911266,0.097773,0.117602,0.424606,0.928767,0.426297,0.614029,0.733195,0.436160,0.561659,0.066148,0.087813,0.212634,0.397268,0.108213,0.542336,0.685295,0.209465,0.267892,0.323887,0.910467,0.918753
SYN_BIGPN_0271,0,0,0,1,0.715937,0.073623,0.231603,0.707564,0.480017,0.538795,0.696358,0.393289,0.314529,0.290209,0.599086,0.332680,0.286694,0.830722,0.807010,0.880735,0.092358,0.718136,0.845895,0.759094,0.353926,0.621122,0.885979,0.940774,0.869434,0.127019,0.880155,0.757681,0.901461,0.646453,0.078891,0.234748,0.455267,0.565302,0.052255,0.417212,0.890321,0.875918,0.114072,0.276448,0.728747,0.665080,0.347880,0.619995,0.888138,0.139802,0.519242,0.944030,0.110952,0.073825,0.873838,0.192296,0.913222,0.355118,0.184002,0.451694,0.226924,0.829002,0.888231,0.153986,0.457891,0.866930,0.899841,0.876551,0.228407,0.767085,0.323859,0.290817,0.067666,0.103017,0.170554,0.903332,0.069586,0.863396,0.907577,0.149413,0.373089,0.670462,0.692600,0.442367,0.811113,0.927953,0.297997,0.843493,0.632955,0.498204,0.488978,0.509641,0.701033,0.708752,0.492525,0.557577,0.910387,0.780932,0.307433,0.838550,0.569096,0.168653,0.623975,0.245609,0.738785,0.224931,0.767521,0.554963,0.446611,0.678538,0.917919,0.618090,0.224163,0.914611,0.143661,0.728133,0.439406
SYN_BIGPN_0272,0,1,1,1,0.671635,0.089776,0.783007,0.414622,0.262413,0.721101,0.216252,0.451761,0.160301,0.214519,0.497335,0.811823,0.431482,0.764072,0.349264,0.482747,0.798464,0.812429,0.645577,0.427672,0.056435,0.733853,0.332673,0.519363,0.768125,0.753995,0.702563,0.671520,0.791876,0.889920,0.486406,0.705599,0.884774,0.773292,0.563588,0.876694,0.406465,0.541493,0.352662,0.067439,0.815908,0.064058,0.702474,0.081254,0.883663,0.754798,0.648561,0.164400,0.779663,0.153217,0.795204,0.911494,0.636583,0.363533,0.662195,0.527044,0.378829,0.119541,0.284831,0.205383,0.181710,0.466345,0.896765,0.784324,0.869643,0.599501,0.214496,0.873624,0.324723,0.160232,0.208267,0.786333,0.779079,0.085720,0.598284,0.532513,0.945563,0.922245,0.161981,0.904727,0.717511,0.119601,0.090704,0.657958,0.764831,0.254326,0.257437,0.250321,0.833355,0.264745,0.764873,0.240553,0.688020,0.758009,0.485751,0.510887,0.915920,0.438087,0.603241,0.270633,0.566491,0.146836,0.629319,0.222554,0.325996,0.315989,0.763767,0.476622,0.920075,0.090655,0.932307,0.183440,0.450196
SYN_BIGPN_0273,1,1,0,0,0.416006,0.467196,0.197908,0.914716,0.369165,0.742020,0.835792,0.347023,0.798313,0.791477,0.398003,0.486455,0.574911,0.391676,0.596375,0.838020,0.078101,0.081654,0.288071,0.243799,0.226213,0.492005,0.580632,0.534572,0.672005,0.587867,0.837024,0.866851,0.571900,0.846083,0.103284,0.894714,0.480108,0.349298,0.810693,0.098449,0.849447,0.053378,0.304987,0.103802,0.794085,0.214262,0.936596,0.897045,0.376390,0.646202,0.132827,0.114339,0.546372,0.808123,0.295436,0.184507,0.414669,0.799955,0.620047,0.874316,0.823286,0.756634,0.398888,0.090472,0.400874,0.777927,0.655968,0.534141,0.850419,0.319586,0.185771,0.331411,0.815844,0.740421,0.517772,0.649320,0.470518,0.438839,0.204865,0.833150,0.215686,0.677623,0.086142,0.161957,0.414812,0.546956,0.200978,0.608234,0.896821,0.566598,0.612368,0.122080,0.493236,0.126824,0.355919,0.373553,0.071550,0.687455,0.256410,0.180925,0.094570,0.179639,0.473051,0.840043,0.202665,0.569118,0.434365,0.153701,0.443522,0.792166,0.407287,0.467911,0.120235,0.643163,0.840984,0.129333,0.750622
SYN_BIGPN_0274,1,0,0,0,0.715670,0.178380,0.096499,0.355791,0.786139,0.234257,0.687554,0.524119,0.848466,0.102539,0.719817,0.111210,0.804340,0.858495,0.903552,0.678216,0.378035,0.544380,0.601101,0.883713,0.743416,0.750360,0.700291,0.539371,0.771431,0.416730,0.215883,0.093207,0.614097,0.249534,0.904016,0.259342,0.749186,0.273139,0.165948,0.123295,0.760306,0.647051,0.528713,0.319946,0.132182,0.843090,0.694462,0.302137,0.358580,0.604460,0.187506,0.649113,0.125882,0.738860,0.431395,0.946196,0.598877,0.068695,0.095732,0.931057,0.620935,0.819330,0.125908,0.879069,0.443512,0.178411,0.617989,0.940818,0.291613,0.305289,0.419285,0.907293,0.740261,0.359803,0.228062,0.846719,0.258012,0.258686,0.832690,0.168068,0.861950,0.885091,0.468094,0.609634,0.396100,0.835677,0.189953,0.840521,0.101965,0.154702,0.446207,0.885908,0.116557,0.371316,0.720228,0.862732,0.477380,0.372465,0.078745,0.653827,0.432912,0.397508,0.358596,0.927667,0.236282,0.326351,0.726481,0.801216,0.077096,0.564972,0.717437,0.375697,0.920648,0.103010,0.152588,0.843386,0.184565
SYN_BIGPN_0275,1,1,0,1,0.393972,0.845516,0.856619,0.467741,0.481900,0.234965,0.879184,0.067573,0.066798,0.483639,0.514998,0.276074,0.853822,0.948036,0.331327,0.481732,0.682310,0.594021,0.237411,0.288349,0.726375,0.863412,0.687069,0.592784,0.754244,0.744330,0.101068,0.550186,0.164264,0.559636,0.381533,0.090572,0.144864,0.217323,0.103720,0.227166,0.817249,0.859616,0.384584,0.196271,0.254756,0.347118,0.605571,0.918437,0.916882,0.385114,0.175415,0.882736,0.428322,0.380025,0.469364,0.079408,0.706332,0.636576,0.799065,0.807543,0.420203,0.767451,0.678250,0.440531,0.553043,0.690626,0.243615,0.452857,0.197943,0.515004,0.893744,0.603222,0.932471,0.593666,0.607016,0.624125,0.116904,0.674316,0.643090,0.373395,0.076321,0.383543,0.645511,0.160050,0.813487,0.626439,0.938262,0.625244,0.722996,0.406617,0.071734,0.380202,0.328418,0.879332,0.499609,0.113877,0.383164,0.129287,0.479661,0.161835,0.371533,0.519272,0.452782,0.603576,0.856833,0.618313,0.254396,0.829523,0.287494,0.166335,0.179362,0.493002,0.126806,0.087797,0.296229,0.826049,0.645586
SYN_BIGPN_0276,1,0,0,1,0.365057,0.353613,0.062826,0.140196,0.689643,0.182435,0.218402,0.137635,0.353688,0.742398,0.605502,0.578882,0.807313,0.718783,0.182408,0.513225,0.517619,0.229824,0.662647,0.842867,0.806889,0.748649,0.425420,0.198262,0.906010,0.265132,0.513428,0.269703,0.898327,0.059444,0.772040,0.609794,0.254614,0.619870,0.947230,0.575811,0.530548,0.499711,0.589121,0.876121,0.365927,0.262796,0.782154,0.451634,0.374558,0.852201,0.686440,0.121925,0.368075,0.855962,0.257475,0.644828,0.066359,0.295356,0.489365,0.789878,0.346616,0.788522,0.111428,0.944741,0.077094,0.597454,0.795652,0.568318,0.150171,0.639041,0.321868,0.173037,0.366480,0.467767,0.756019,0.280779,0.060784,0.734408,0.491552,0.101637,0.119560,0.629891,0.088810,0.823169,0.657194,0.926583,0.484308,0.489711,0.679073,0.905542,0.392441,0.272623,0.468715,0.853239,0.667324,0.244553,0.450870,0.932963,0.385330,0.488420,0.495180,0.633099,0.681910,0.324270,0.180880,0.725098,0.215682,0.663717,0.942948,0.755710,0.582580,0.098757,0.941186,0.149076,0.434627,0.409002,0.695107
SYN_BIGPN_0277,1,1,1,0,0.422302,0.175256,0.603187,0.777242,0.861660,0.828904,0.897007,0.207040,0.350314,0.728499,0.222282,0.909136,0.791919,0.209421,0.787859,0.288466,0.063215,0.343937,0.863834,0.624678,0.852553,0.518191,0.106076,0.734786,0.821482,0.625267,0.754831,0.355273,0.933255,0.788965,0.693110,0.400896,0.865160,0.928031,0.663482,0.199334,0.057532,0.407578,0.492913,0.789475,0.670840,0.322831,0.205194,0.617025,0.061373,0.474562,0.079641,0.529406,0.521724,0.555833,0.932067,0.247038,0.428029,0.716673,0.818981,0.855406,0.202705,0.464074,0.385797,0.185154,0.813231,0.260575,0.589143,0.187605,0.319286,0.738178,0.938896,0.728497,0.932458,0.101425,0.748936,0.117804,0.561666,0.256652,0.276728,0.115165,0.674449,0.369482,0.458465,0.639621,0.675673,0.569315,0.107119,0.602091,0.759637,0.263066,0.588482,0.759312,0.072546,0.851431,0.198940,0.728016,0.791433,0.607637,0.192160,0.379524,0.513165,0.054174,0.886924,0.219884,0.609961,0.703496,0.268421,0.553380,0.704921,0.554600,0.641626,0.709433,0.590611,0.459327,0.144876,0.856949,0.704099
SYN_BIGPN_0278,0,1,1,0,0.335039,0.056736,0.484346,0.486612,0.883192,0.796263,0.819228,0.657598,0.365171,0.303079,0.564042,0.746133,0.794769,0.608811,0.584116,0.456856,0.568621,0.696640,0.491903,0.214074,0.279014,0.143171,0.092182,0.620792,0.871777,0.520758,0.089433,0.180464,0.689215,0.189509,0.902782,0.880819,0.195499,0.526418,0.286904,0.926065,0.274066,0.689647,0.881977,0.080332,0.328003,0.859421,0.889775,0.374650,0.053601,0.949101,0.720592,0.413704,0.455697,0.213735,0.817581,0.834893,0.067970,0.404591,0.857755,0.486586,0.894332,0.561647,0.754278,0.304347,0.836457,0.891462,0.806515,0.831073,0.944081,0.944647,0.390303,0.523941,0.119582,0.705489,0.913421,0.588837,0.614704,0.543854,0.901781,0.761400,0.087287,0.758448,0.258203,0.203708,0.094541,0.887128,0.550665,0.799664,0.858192,0.890446,0.485624,0.067077,0.131397,0.340203,0.064676,0.478328,0.636167,0.327248,0.321561,0.766328,0.729872,0.436734,0.856686,0.650672,0.645792,0.354151,0.447284,0.577981,0.367141,0.134767,0.069054,0.441203,0.071744,0.506083,0.213916,0.308027,0.257230
SYN_BIGPN_0279,0,0,0,0,0.079811,0.694475,0.163938,0.526695,0.266122,0.776349,0.837890,0.309910,0.752557,0.358462,0.103271,0.194739,0.902994,0.297853,0.189911,0.083800,0.138159,0.894926,0.920323,0.586564,0.223854,0.632571,0.810901,0.225857,0.783068,0.321644,0.827351,0.856250,0.895905,0.439997,0.609911,0.287425,0.556789,0.910475,0.566681,0.566637,0.228963,0.329461,0.079303,0.420044,0.699340,0.052943,0.413291,0.810212,0.835049,0.501973,0.478927,0.616621,0.490320,0.648150,0.286267,0.273506,0.331169,0.802330,0.324566,0.386724,0.876678,0.082168,0.379255,0.420707,0.374074,0.468371,0.481143,0.886463,0.170260,0.859928,0.071133,0.912375,0.877928,0.097231,0.610853,0.628744,0.753002,0.769012,0.804028,0.132156,0.172323,0.813995,0.109399,0.624579,0.689577,0.885610,0.611732,0.723941,0.391609,0.869558,0.080482,0.498208,0.229395,0.804885,0.922804,0.444970,0.244425,0.399098,0.263035,0.814127,0.261662,0.654904,0.247743,0.379457,0.427743,0.831418,0.361779,0.190125,0.532897,0.535438,0.949204,0.577146,0.830910,0.847706,0.713030,0.216923,0.327191
SYN_BIGPN_0280,1,0,1,0,0.575291,0.453036,0.561976,0.202935,0.137182,0.091415,0.766427,0.771990,0.303116,0.493164,0.911128,0.730751,0.560513,0.792169,0.493210,0.299572,0.385983,0.940849,0.513123,0.284366,0.139165,0.401790,0.275546,0.460712,0.941850,0.670803,0.403075,0.594496,0.359151,0.781017,0.511121,0.170447,0.776447,0.349681,0.782675,0.605133,0.352253,0.563540,0.468148,0.310771,0.386473,0.401054,0.521987,0.104817,0.909012,0.376160,0.920730,0.067222,0.675619,0.492779,0.321967,0.728918,0.831074,0.654675,0.638660,0.560376,0.240438,0.553713,0.781484,0.362543,0.270362,0.483356,0.096796,0.544393,0.427460,0.787005,0.633315,0.159925,0.702977,0.326832,0.556627,0.599205,0.489896,0.257910,0.491412,0.841037,0.850919,0.572717,0.525720,0.459919,0.739339,0.319993,0.201118,0.354346,0.510056,0.416377,0.154492,0.478059,0.774436,0.741312,0.636260,0.661400,0.582776,0.576937,0.918955,0.163247,0.719872,0.066226,0.639961,0.378315,0.373856,0.119848,0.340387,0.532856,0.051258,0.464639,0.213665,0.736161,0.085538,0.085486,0.892693,0.703536,0.272809
SYN_BIGPN_0281,1,0,0,1,0.145631,0.767317,0.736831,0.922462,0.104323,0.874763,0.119851,0.740402,0.321855,0.298445,0.421354,0.138999,0.700933,0.168029,0.510665,0.167056,0.258748,0.827242,0.673802,0.327504,0.593161,0.208277,0.677356,0.669214,0.769627,0.796656,0.743074,0.384074,0.588601,0.578374,0.138261,0.382351,0.120835,0.320490,0.462005,0.922149,0.943159,0.729969,0.852968,0.625963,0.162720,0.337934,0.497563,0.276932,0.783574,0.544752,0.267551,0.820206,0.073918,0.717018,0.730715,0.357350,0.841346,0.116457,0.145807,0.603066,0.487811,0.443619,0.879338,0.220825,0.879636,0.073109,0.454663,0.609757,0.325481,0.920484,0.231175,0.479255,0.838472,0.751022,0.684838,0.863490,0.856558,0.853129,0.163771,0.550416,0.437952,0.292406,0.267855,0.898347,0.357943,0.827142,0.058895,0.895530,0.398692,0.724671,0.606481,0.094477,0.782750,0.473589,0.727384,0.409246,0.406150,0.092153,0.143879,0.548467,0.147794,0.943098,0.058641,0.498008,0.549023,0.541445,0.533979,0.512848,0.484143,0.675017,0.215672,0.605373,0.499796,0.077772,0.801983,0.072461,0.343789
SYN_BIGPN_0282,1,1,0,0,0.499532,0.941490,0.290073,0.806456,0.614741,0.575969,0.285045,0.391747,0.364187,0.846628,0.561257,0.648203,0.244612,0.592917,0.357372,0.100323,0.249151,0.664313,0.138472,0.665206,0.941063,0.779825,0.605317,0.373230,0.725670,0.610995,0.787025,0.782463,0.826493,0.814379,0.873408,0.388290,0.098886,0.899613,0.255511,0.798325,0.139010,0.865938,0.800796,0.926283,0.358639,0.091324,0.096442,0.919528,0.234314,0.464613,0.469120,0.854500,0.413687,0.585953,0.544286,0.237348,0.687513,0.746678,0.058485,0.661118,0.193827,0.669528,0.659324,0.771002,0.550235,0.213619,0.085074,0.541329,0.512333,0.450654,0.484053,0.871331,0.615594,0.203544,0.183346,0.167852,0.431287,0.854991,0.357532,0.301643,0.245890,0.198068,0.927592,0.549837,0.544465,0.598112,0.425351,0.489971,0.712324,0.854153,0.308483,0.316294,0.945061,0.080167,0.174265,0.906769,0.460575,0.525845,0.596114,0.625967,0.370226,0.265773,0.644858,0.252838,0.641370,0.080443,0.254846,0.109500,0.368849,0.151662,0.140984,0.875336,0.816166,0.277440,0.309295,0.852802,0.593800
SYN_BIGPN_0283,0,1,0,0,0.664351,0.928132,0.881363,0.845810,0.332578,0.846916,0.078204,0.305044,0.726607,0.627030,0.797702,0.766628,0.710479,0.416042,0.452867,0.525948,0.835529,0.196508,0.483902,0.654561,0.064356,0.385397,0.530907,0.169578,0.628676,0.320333,0.746216,0.574440,0.208289,0.291834,0.152142,0.568178,0.658804,0.336584,0.087424,0.543737,0.447391,0.303242,0.247995,0.199062,0.582051,0.493923,0.614339,0.508021,0.160032,0.102159,0.200372,0.211117,0.240934,0.104122,0.246170,0.346413,0.812992,0.524432,0.881446,0.723268,0.323027,0.319261,0.518950,0.308137,0.610526,0.652206,0.846768,0.746487,0.268664,0.131208,0.473283,0.211067,0.068494,0.604933,0.400440,0.201688,0.086422,0.867525,0.754608,0.181100,0.161347,0.086545,0.078156,0.500506,0.764074,0.142650,0.469888,0.406860,0.624120,0.402321,0.358190,0.629646,0.763056,0.476823,0.231906,0.397253,0.366761,0.226105,0.052923,0.183514,0.792859,0.103898,0.453235,0.534694,0.058945,0.863433,0.332453,0.598875,0.670770,0.262291,0.531739,0.481126,0.379145,0.884899,0.225091,0.262829,0.299025
SYN_BIGPN_0284,1,1,0,0,0.152614,0.772978,0.363683,0.706973,0.864035,0.398093,0.822990,0.145073,0.738936,0.182260,0.147552,0.284112,0.148581,0.216139,0.501448,0.833755,0.797268,0.873523,0.486244,0.405098,0.099527,0.859064,0.505833,0.171529,0.577216,0.884707,0.288911,0.181478,0.170696,0.883740,0.256963,0.339399,0.404052,0.282379,0.768729,0.830854,0.146095,0.174788,0.594849,0.842365,0.700120,0.160095,0.905682,0.125968,0.290920,0.932966,0.274943,0.664700,0.724741,0.547966,0.634625,0.826854,0.144524,0.588366,0.628816,0.276251,0.429203,0.744883,0.069284,0.257926,0.484653,0.570705,0.144805,0.582746,0.201138,0.331153,0.603811,0.264440,0.484056,0.924998,0.305627,0.106036,0.506421,0.541123,0.167766,0.418632,0.742606,0.578452,0.744291,0.139618,0.714130,0.854653,0.754969,0.213996,0.724636,0.812446,0.465757,0.590029,0.834409,0.717900,0.072909,0.638148,0.196947,0.703781,0.386496,0.104861,0.626450,0.906729,0.072055,0.403413,0.390111,0.293631,0.559601,0.196899,0.320445,0.299109,0.227122,0.331749,0.687645,0.071654,0.113596,0.830170,0.122425
SYN_BIGPN_0285,1,0,0,1,0.557460,0.225656,0.815131,0.871333,0.125666,0.125651,0.867027,0.929193,0.057120,0.345429,0.641951,0.495485,0.648547,0.695870,0.062060,0.630063,0.598215,0.409674,0.421075,0.332049,0.531937,0.822388,0.477359,0.090909,0.395713,0.395429,0.080278,0.489009,0.566693,0.779053,0.565852,0.424550,0.406185,0.616540,0.494159,0.933146,0.705289,0.758466,0.348921,0.475489,0.126685,0.303452,0.235564,0.242859,0.942873,0.081421,0.537233,0.912169,0.099690,0.247171,0.574546,0.630488,0.636086,0.648128,0.661590,0.050942,0.589461,0.745511,0.246593,0.341279,0.784703,0.245894,0.081344,0.342329,0.560536,0.692927,0.646022,0.477136,0.398903,0.641047,0.154848,0.622386,0.648893,0.120501,0.350125,0.623191,0.719187,0.546316,0.475443,0.329908,0.491129,0.170660,0.153466,0.386362,0.698322,0.529761,0.590983,0.412120,0.612498,0.557851,0.228832,0.479801,0.598221,0.603197,0.758950,0.312384,0.604002,0.728078,0.510191,0.320121,0.595253,0.540702,0.796924,0.117552,0.847857,0.418467,0.133939,0.531629,0.782527,0.289225,0.689861,0.667614,0.098714
SYN_BIGPN_0286,1,0,1,0,0.680513,0.283171,0.381061,0.168676,0.147927,0.092381,0.506571,0.788812,0.054764,0.477564,0.750443,0.256567,0.533872,0.392106,0.274283,0.859170,0.926429,0.658333,0.412053,0.308886,0.295144,0.369547,0.150045,0.707713,0.394201,0.316522,0.135425,0.384728,0.729157,0.557893,0.294886,0.441418,0.823292,0.288062,0.087548,0.348653,0.143303,0.060630,0.887319,0.234956,0.170702,0.624574,0.352934,0.835470,0.672553,0.151796,0.565378,0.598691,0.841177,0.382328,0.854382,0.566174,0.386556,0.075380,0.217926,0.241973,0.331409,0.223423,0.344183,0.447206,0.905090,0.226342,0.087976,0.330511,0.106793,0.167851,0.496849,0.579092,0.932064,0.559532,0.124708,0.909473,0.511033,0.602622,0.712436,0.789425,0.369082,0.878717,0.226099,0.072129,0.102390,0.211560,0.081462,0.742412,0.609045,0.236232,0.516741,0.943833,0.320150,0.434829,0.689898,0.662883,0.642478,0.750133,0.564475,0.491563,0.540484,0.903021,0.541666,0.651040,0.560574,0.592047,0.106789,0.302614,0.882743,0.878424,0.245002,0.790269,0.080320,0.663144,0.714963,0.183508,0.158718
SYN_BIGPN_0287,1,1,0,0,0.793062,0.748814,0.315817,0.276870,0.755895,0.353598,0.054107,0.947747,0.291446,0.508129,0.201801,0.341039,0.625204,0.550794,0.285362,0.522708,0.588603,0.193166,0.132057,0.171046,0.604154,0.733733,0.395625,0.674127,0.339734,0.940988,0.570483,0.857843,0.238928,0.869834,0.515263,0.873281,0.938148,0.895012,0.639534,0.223766,0.946673,0.924892,0.252731,0.856399,0.799516,0.375749,0.507453,0.703851,0.727332,0.404774,0.799317,0.673298,0.098906,0.934591,0.245869,0.773171,0.362172,0.397625,0.359902,0.419032,0.837616,0.163916,0.655803,0.211845,0.112216,0.599409,0.132679,0.406630,0.113296,0.298844,0.413060,0.212876,0.829387,0.510654,0.467711,0.123978,0.207583,0.749809,0.615860,0.720103,0.091153,0.821402,0.144841,0.935198,0.269238,0.603598,0.933929,0.078762,0.260696,0.728810,0.853863,0.621179,0.687451,0.638350,0.674314,0.715316,0.135692,0.627457,0.123403,0.782223,0.779665,0.888517,0.944165,0.813279,0.832489,0.179017,0.264992,0.224027,0.828507,0.314904,0.317961,0.667315,0.240731,0.097377,0.710095,0.448200,0.105932
SYN_BIGPN_0288,1,0,1,0,0.759922,0.166664,0.945832,0.785709,0.829558,0.350200,0.747189,0.642838,0.454015,0.129804,0.124174,0.643583,0.894192,0.336582,0.281894,0.128842,0.842600,0.158386,0.168737,0.946113,0.433741,0.890567,0.192218,0.617254,0.080256,0.456069,0.873225,0.091153,0.230541,0.797885,0.598857,0.926993,0.927392,0.224893,0.050711,0.053579,0.734372,0.244274,0.553965,0.278872,0.453876,0.432505,0.402765,0.229295,0.616547,0.692655,0.712122,0.105739,0.224943,0.252488,0.518299,0.430510,0.914167,0.167799,0.800972,0.070047,0.206871,0.676732,0.270580,0.193343,0.858189,0.718299,0.932261,0.710292,0.409025,0.890102,0.392887,0.551168,0.398342,0.470361,0.479517,0.869153,0.842339,0.161042,0.819812,0.350318,0.062481,0.705905,0.578680,0.793455,0.722323,0.253871,0.564101,0.861315,0.214867,0.907594,0.611549,0.595213,0.759687,0.362315,0.794703,0.760039,0.240021,0.946124,0.871426,0.463310,0.323396,0.262531,0.902302,0.554617,0.552907,0.876368,0.915132,0.488097,0.599211,0.513905,0.945955,0.383613,0.932225,0.631107,0.645978,0.727859,0.491159
SYN_BIGPN_0289,1,0,1,0,0.274488,0.817783,0.556184,0.782317,0.944165,0.595422,0.292246,0.059989,0.568658,0.124702,0.276824,0.675497,0.554504,0.461648,0.843784,0.908879,0.357213,0.489294,0.421782,0.278396,0.656469,0.577575,0.886384,0.606163,0.549537,0.459584,0.353166,0.905086,0.847998,0.916336,0.235747,0.919515,0.612534,0.493577,0.067328,0.750131,0.264125,0.171226,0.576350,0.698684,0.423223,0.067867,0.435014,0.750063,0.725014,0.726921,0.660550,0.413198,0.914505,0.131878,0.375716,0.900269,0.545340,0.564094,0.175058,0.284857,0.393895,0.669392,0.315827,0.339788,0.509582,0.946767,0.261233,0.575478,0.077047,0.193176,0.396947,0.868834,0.704719,0.655984,0.692491,0.051977,0.883042,0.473607,0.566482,0.424714,0.685823,0.696955,0.105086,0.665436,0.524453,0.776976,0.620134,0.332286,0.081686,0.257416,0.411436,0.404098,0.128730,0.466157,0.894770,0.558447,0.181128,0.796201,0.052809,0.258766,0.499355,0.341436,0.229920,0.686353,0.181754,0.527338,0.437775,0.111094,0.143306,0.642436,0.126773,0.317001,0.946685,0.390755,0.168248,0.199870,0.102425
SYN_BIGPN_0290,1,0,1,1,0.690945,0.665650,0.082435,0.205443,0.803965,0.572437,0.258642,0.197029,0.502124,0.133896,0.727035,0.231724,0.249122,0.763257,0.855403,0.499212,0.672881,0.898809,0.506263,0.191698,0.555750,0.298569,0.091531,0.424400,0.165960,0.655249,0.100671,0.136600,0.500421,0.139187,0.327022,0.280589,0.530279,0.931346,0.383094,0.592394,0.503372,0.597681,0.146256,0.769265,0.597186,0.822767,0.853977,0.829315,0.159262,0.422667,0.621931,0.751557,0.650906,0.493809,0.412558,0.207996,0.848628,0.227024,0.395419,0.284964,0.074832,0.632885,0.730726,0.489969,0.116579,0.437328,0.737894,0.150464,0.578464,0.628881,0.269222,0.223309,0.946787,0.205516,0.308714,0.399047,0.417483,0.565422,0.666416,0.723392,0.406785,0.330194,0.887436,0.531633,0.102169,0.217708,0.864995,0.730413,0.939391,0.467089,0.118014,0.254624,0.655527,0.490350,0.745947,0.253697,0.090573,0.240191,0.269209,0.764579,0.194153,0.595350,0.452121,0.196639,0.410865,0.915496,0.612006,0.395716,0.560247,0.426651,0.071955,0.545436,0.773062,0.353188,0.317744,0.769375,0.841933
SYN_BIGPN_0291,1,1,0,0,0.873782,0.248478,0.751776,0.191948,0.705110,0.340994,0.565645,0.890955,0.526782,0.938043,0.104827,0.283621,0.865738,0.616044,0.836560,0.621845,0.942263,0.401007,0.504580,0.053488,0.100869,0.077696,0.175170,0.788385,0.288742,0.615905,0.626394,0.541311,0.396582,0.279100,0.493743,0.186522,0.453038,0.825986,0.500824,0.911294,0.128629,0.128542,0.948248,0.761523,0.453250,0.695473,0.680569,0.906745,0.132199,0.729462,0.512018,0.520153,0.703726,0.084397,0.792074,0.670841,0.629634,0.402354,0.748529,0.540681,0.317280,0.914337,0.084297,0.833461,0.218162,0.188152,0.845478,0.780651,0.893499,0.374806,0.085475,0.650341,0.436316,0.714063,0.587333,0.612913,0.819135,0.394917,0.219106,0.907594,0.505532,0.175053,0.198736,0.677349,0.146745,0.806046,0.688573,0.732550,0.547455,0.377878,0.382621,0.856966,0.138906,0.351334,0.222191,0.140344,0.251747,0.069057,0.562141,0.819712,0.774105,0.373130,0.191668,0.128216,0.798144,0.548851,0.804821,0.666273,0.747852,0.279305,0.910042,0.345288,0.746059,0.670500,0.265645,0.910662,0.656272
SYN_BIGPN_0292,1,0,1,0,0.085123,0.217143,0.120148,0.839008,0.286272,0.427413,0.783942,0.400251,0.464559,0.089999,0.455312,0.779408,0.435025,0.355190,0.882345,0.455538,0.838497,0.841115,0.817395,0.126333,0.389923,0.331388,0.310045,0.738088,0.246517,0.085775,0.364875,0.923213,0.114125,0.165093,0.286243,0.399311,0.458030,0.807246,0.526251,0.069731,0.540792,0.368841,0.826969,0.259688,0.320267,0.721973,0.939734,0.782731,0.241346,0.653360,0.393889,0.535479,0.519493,0.304790,0.160921,0.415409,0.288755,0.597997,0.907891,0.404154,0.756026,0.804495,0.738357,0.855558,0.483950,0.093625,0.136671,0.395596,0.091292,0.160674,0.771887,0.724893,0.479803,0.714713,0.322142,0.173992,0.481947,0.205652,0.794216,0.872365,0.838705,0.318384,0.783557,0.444711,0.847959,0.619405,0.174962,0.128732,0.166071,0.609603,0.322984,0.529771,0.832954,0.696786,0.367717,0.532032,0.581244,0.087791,0.504508,0.144155,0.897902,0.111262,0.141270,0.182019,0.537637,0.553644,0.467699,0.621673,0.541498,0.766839,0.530770,0.828167,0.203668,0.531375,0.234468,0.246567,0.197648
SYN_BIGPN_0293,1,0,0,0,0.493595,0.580786,0.849315,0.505469,0.490306,0.349317,0.445706,0.390752,0.675152,0.285020,0.582196,0.856323,0.683411,0.252642,0.920766,0.578201,0.798592,0.699837,0.704521,0.526707,0.236059,0.218909,0.473863,0.738180,0.663653,0.730085,0.823926,0.637155,0.840871,0.349333,0.134029,0.589338,0.638056,0.723439,0.895388,0.760067,0.395427,0.756721,0.817617,0.172520,0.826967,0.387849,0.901401,0.425989,0.428838,0.706494,0.688770,0.524492,0.098684,0.071562,0.688919,0.891620,0.935412,0.670965,0.904271,0.832906,0.145055,0.152400,0.932188,0.366801,0.171163,0.936194,0.067187,0.303790,0.846891,0.159846,0.799896,0.716016,0.513116,0.866759,0.768294,0.452551,0.835074,0.790010,0.826808,0.828804,0.883640,0.750656,0.900430,0.735223,0.428309,0.449532,0.331036,0.462980,0.542292,0.385977,0.628400,0.132383,0.339373,0.730488,0.556276,0.796850,0.520859,0.164501,0.229787,0.285498,0.828558,0.660634,0.814157,0.269203,0.884484,0.466416,0.415905,0.825047,0.476673,0.917569,0.860473,0.741643,0.488721,0.339326,0.327120,0.903296,0.136913
SYN_BIGPN_0294,1,1,0,1,0.485850,0.236549,0.136880,0.431407,0.161293,0.902571,0.638296,0.745088,0.311138,0.323859,0.674171,0.399220,0.727268,0.438322,0.107564,0.356948,0.833481,0.561930,0.949556,0.612903,0.115389,0.830554,0.622488,0.614371,0.157790,0.853162,0.904403,0.845433,0.934078,0.392889,0.599161,0.767845,0.067456,0.584791,0.126482,0.947510,0.373538,0.593775,0.322086,0.876871,0.773157,0.111846,0.765338,0.848744,0.714310,0.941478,0.448453,0.709131,0.803121,0.917624,0.163048,0.306010,0.762564,0.060464,0.189983,0.384182,0.309468,0.513899,0.167490,0.306976,0.360091,0.353636,0.900858,0.638336,0.116813,0.469726,0.613490,0.949043,0.102655,0.494079,0.730845,0.421146,0.843077,0.447652,0.317202,0.617421,0.146232,0.642834,0.598648,0.434750,0.377977,0.555490,0.068378,0.150287,0.876849,0.648201,0.320578,0.256792,0.245535,0.863801,0.649718,0.727635,0.218853,0.322649,0.340717,0.358369,0.605234,0.050351,0.153817,0.363137,0.095833,0.330304,0.684509,0.675990,0.144897,0.530546,0.476081,0.339517,0.914165,0.680006,0.612758,0.645641,0.872387
SYN_BIGPN_0295,0,1,0,1,0.879179,0.057083,0.737845,0.634853,0.335739,0.237799,0.113184,0.535375,0.386496,0.231483,0.911847,0.409693,0.490709,0.440320,0.339324,0.192987,0.595073,0.759371,0.131959,0.540534,0.547779,0.217540,0.332458,0.828096,0.650167,0.465532,0.940534,0.925214,0.068237,0.236627,0.757240,0.727548,0.808096,0.836557,0.556463,0.375631,0.086715,0.842614,0.281555,0.763632,0.549192,0.390588,0.763874,0.523106,0.796860,0.394994,0.363557,0.089395,0.666592,0.287958,0.063464,0.583865,0.482608,0.084432,0.528057,0.313898,0.742011,0.401118,0.852076,0.106429,0.851641,0.259405,0.610199,0.752464,0.215812,0.228325,0.635453,0.635798,0.270838,0.315774,0.866520,0.374297,0.920358,0.803363,0.089804,0.624772,0.684509,0.054679,0.891440,0.302360,0.444743,0.644156,0.528242,0.546656,0.855062,0.515293,0.226302,0.161483,0.595303,0.580015,0.457973,0.132133,0.837407,0.291812,0.711394,0.115077,0.446268,0.785680,0.370757,0.696600,0.818208,0.600168,0.633925,0.549403,0.098443,0.568713,0.219185,0.351440,0.926569,0.333991,0.657935,0.183943,0.321551
SYN_BIGPN_0296,1,0,1,0,0.154946,0.922974,0.781355,0.562614,0.891768,0.079605,0.472019,0.202092,0.630929,0.759821,0.403368,0.316829,0.392964,0.438921,0.723850,0.699569,0.676005,0.195492,0.904965,0.836668,0.050193,0.618752,0.940839,0.333490,0.080562,0.226921,0.857406,0.154220,0.665659,0.822652,0.394456,0.291383,0.941158,0.347640,0.674368,0.625357,0.795508,0.656071,0.268196,0.276383,0.606306,0.237502,0.657869,0.356972,0.637716,0.918281,0.355768,0.635679,0.142337,0.694106,0.743853,0.421246,0.602685,0.223547,0.340409,0.115810,0.052901,0.584704,0.297540,0.426314,0.732040,0.753015,0.328415,0.206361,0.172108,0.521394,0.700743,0.626377,0.949891,0.266634,0.674276,0.366581,0.946914,0.476217,0.532382,0.822553,0.397295,0.504423,0.757176,0.255360,0.932094,0.080857,0.317218,0.275465,0.267763,0.569187,0.880497,0.224488,0.673039,0.588253,0.078967,0.480153,0.555400,0.097951,0.902881,0.146761,0.337865,0.904562,0.178914,0.346237,0.663174,0.818097,0.868626,0.884717,0.618869,0.896412,0.354816,0.468017,0.540997,0.308614,0.783893,0.428229,0.452512
SYN_BIGPN_0297,1,0,1,1,0.650014,0.423448,0.826279,0.112514,0.666711,0.424023,0.766410,0.927951,0.805264,0.176469,0.796102,0.580905,0.758207,0.167734,0.842415,0.344068,0.568215,0.554547,0.121730,0.074330,0.577983,0.732578,0.528543,0.701183,0.644226,0.439349,0.363359,0.223644,0.570925,0.472181,0.393169,0.451458,0.113772,0.273681,0.172662,0.590586,0.541988,0.200865,0.653543,0.591881,0.921492,0.219773,0.162406,0.198058,0.420624,0.488277,0.578420,0.348584,0.172572,0.775686,0.224510,0.208591,0.904605,0.725413,0.683822,0.222304,0.442493,0.815382,0.634398,0.223095,0.370659,0.655166,0.871323,0.804059,0.529801,0.482331,0.741429,0.645860,0.470807,0.592230,0.318649,0.654701,0.732031,0.275902,0.341789,0.437690,0.509904,0.691911,0.473103,0.329921,0.396361,0.509369,0.597802,0.737168,0.880662,0.348924,0.347509,0.633391,0.370181,0.520069,0.551551,0.623610,0.281469,0.792827,0.793618,0.171588,0.903466,0.516305,0.382905,0.868338,0.435570,0.434276,0.269447,0.508021,0.927941,0.400592,0.916269,0.089319,0.793034,0.562675,0.881298,0.278446,0.178061
SYN_BIGPN_0298,1,0,0,1,0.506558,0.864929,0.602284,0.082886,0.867047,0.946277,0.922837,0.438211,0.632285,0.677794,0.853689,0.630131,0.743018,0.933770,0.610235,0.433272,0.858605,0.548601,0.490310,0.085222,0.347990,0.065355,0.638950,0.608670,0.816553,0.899870,0.630255,0.910289,0.646477,0.822663,0.737538,0.448108,0.666974,0.062940,0.896257,0.061301,0.800310,0.834739,0.496253,0.705536,0.910073,0.207438,0.632639,0.183008,0.699401,0.494080,0.548553,0.054995,0.630541,0.743764,0.607834,0.599445,0.261343,0.942985,0.223484,0.658000,0.640272,0.489410,0.537488,0.279401,0.711322,0.387292,0.639320,0.782161,0.943022,0.941461,0.081488,0.503530,0.218412,0.908583,0.261428,0.674969,0.725506,0.837958,0.818534,0.159115,0.165842,0.588128,0.397566,0.900017,0.616215,0.120301,0.812320,0.522248,0.084589,0.336367,0.531741,0.429580,0.651536,0.490798,0.763733,0.473688,0.631351,0.164925,0.601914,0.378463,0.066196,0.619821,0.857950,0.582034,0.266414,0.111254,0.578983,0.088277,0.913231,0.340071,0.431351,0.556643,0.383685,0.904852,0.688243,0.849677,0.793553
SYN_BIGPN_0299,0,1,1,1,0.376701,0.557562,0.464483,0.213458,0.184226,0.317889,0.499831,0.078224,0.478862,0.769790,0.848437,0.634268,0.649510,0.638105,0.666784,0.501040,0.900595,0.625009,0.933340,0.567780,0.273919,0.695851,0.567241,0.420145,0.291445,0.155733,0.693341,0.336836,0.687056,0.560290,0.387498,0.250633,0.772589,0.806447,0.663033,0.565209,0.829311,0.907137,0.162971,0.850290,0.854547,0.222896,0.176355,0.757795,0.649994,0.932396,0.677696,0.331485,0.313598,0.449229,0.106094,0.361714,0.836851,0.635373,0.521023,0.322351,0.913422,0.208339,0.834562,0.341864,0.550609,0.509473,0.516216,0.889534,0.789750,0.469246,0.947260,0.596178,0.103729,0.399143,0.369319,0.652349,0.129853,0.644164,0.468465,0.801767,0.889715,0.324567,0.514335,0.946443,0.297744,0.858827,0.945983,0.779956,0.455737,0.363240,0.446793,0.510655,0.428455,0.670197,0.447677,0.671782,0.437546,0.629405,0.081509,0.826017,0.427167,0.178714,0.225951,0.309501,0.827607,0.649723,0.939335,0.333982,0.085632,0.234791,0.826237,0.528036,0.353715,0.586189,0.715803,0.476566,0.742579
SYN_BIGPN_0300,1,0,0,1,0.781438,0.514342,0.921038,0.284560,0.755183,0.227009,0.564619,0.889184,0.494685,0.823760,0.681596,0.425106,0.265990,0.547685,0.554818,0.558635,0.226734,0.741151,0.584592,0.501904,0.733363,0.635047,0.535567,0.086316,0.535859,0.415695,0.586662,0.436105,0.093236,0.403400,0.769673,0.219609,0.415338,0.712842,0.212206,0.593440,0.906432,0.808791,0.407003,0.803601,0.719628,0.386444,0.183400,0.394047,0.182498,0.747882,0.702521,0.636243,0.183510,0.353326,0.193000,0.296609,0.558877,0.205771,0.686943,0.689054,0.501749,0.927153,0.126809,0.748551,0.666777,0.254819,0.672000,0.190563,0.409920,0.923386,0.850705,0.241096,0.109232,0.351036,0.741908,0.915908,0.280343,0.339848,0.264259,0.271716,0.323364,0.850176,0.210394,0.916267,0.668824,0.274800,0.818075,0.865548,0.576616,0.779531,0.522272,0.773232,0.457474,0.796646,0.419290,0.671225,0.509486,0.834449,0.165081,0.188400,0.770748,0.651375,0.595428,0.081428,0.685295,0.820925,0.364093,0.333094,0.137917,0.872888,0.893415,0.812790,0.461641,0.241984,0.860194,0.750999,0.639989
SYN_BIGPN_0301,1,1,0,1,0.094901,0.721596,0.510734,0.270270,0.361861,0.661915,0.107898,0.583216,0.726651,0.686553,0.737282,0.182757,0.289647,0.115588,0.167096,0.090907,0.606779,0.232427,0.801998,0.405480,0.324772,0.217032,0.099249,0.101953,0.541379,0.592820,0.212233,0.792038,0.557095,0.801222,0.424763,0.357023,0.235010,0.120719,0.201105,0.738511,0.826790,0.880254,0.611158,0.799987,0.765357,0.737439,0.630108,0.921989,0.194155,0.306683,0.362353,0.210515,0.529568,0.642637,0.311351,0.653026,0.736735,0.777797,0.226270,0.616082,0.339486,0.835450,0.222544,0.540651,0.571313,0.188807,0.620866,0.387765,0.404842,0.582034,0.705870,0.078889,0.649510,0.745176,0.911240,0.784237,0.288161,0.218858,0.453858,0.112312,0.816844,0.361504,0.825882,0.562853,0.578043,0.742572,0.798349,0.155515,0.633352,0.625318,0.166412,0.135267,0.833287,0.397838,0.116580,0.460296,0.108518,0.058322,0.827307,0.502865,0.258325,0.751208,0.655695,0.129528,0.538890,0.274628,0.455138,0.284057,0.700350,0.477967,0.211327,0.384726,0.418458,0.764693,0.846579,0.653237,0.585168
SYN_BIGPN_0302,0,1,1,1,0.780668,0.407290,0.584843,0.739980,0.679398,0.777527,0.078140,0.702888,0.495351,0.926801,0.848542,0.851537,0.732899,0.686816,0.391330,0.758484,0.260013,0.291122,0.596083,0.175052,0.788937,0.833557,0.457925,0.927904,0.326503,0.323924,0.870022,0.888056,0.751004,0.666362,0.848609,0.360317,0.257678,0.767697,0.746406,0.357122,0.834969,0.109619,0.343788,0.432462,0.601699,0.212481,0.862109,0.835665,0.737700,0.136093,0.319670,0.212208,0.541524,0.857882,0.547661,0.871421,0.340462,0.915171,0.461717,0.923125,0.835060,0.821641,0.253773,0.178457,0.839554,0.546071,0.494594,0.672175,0.310281,0.912629,0.101561,0.133808,0.244053,0.722521,0.348872,0.568914,0.435610,0.671084,0.869589,0.195754,0.195867,0.286689,0.476016,0.743180,0.510254,0.301593,0.743726,0.089121,0.080464,0.371004,0.304125,0.841617,0.579882,0.643762,0.142720,0.714300,0.887846,0.278777,0.833694,0.639320,0.664249,0.615067,0.062449,0.283991,0.555757,0.289194,0.627167,0.084914,0.268718,0.259722,0.138080,0.835889,0.320402,0.700696,0.112520,0.350991,0.865640
SYN_BIGPN_0303,0,0,0,0,0.247221,0.924745,0.738027,0.910752,0.160111,0.738712,0.612533,0.631431,0.264429,0.904976,0.895551,0.613611,0.845313,0.699291,0.063283,0.382480,0.264357,0.744004,0.780225,0.307420,0.178534,0.881602,0.088504,0.790617,0.857123,0.763167,0.384929,0.542674,0.838204,0.289653,0.484949,0.861425,0.316717,0.628493,0.937303,0.562082,0.415918,0.613033,0.475879,0.158972,0.205064,0.232603,0.702410,0.454418,0.113297,0.663709,0.781091,0.053855,0.838777,0.828090,0.672092,0.530336,0.533431,0.060441,0.777452,0.176399,0.890140,0.397384,0.846996,0.411000,0.739658,0.224609,0.413528,0.418436,0.747189,0.640815,0.623932,0.153526,0.848483,0.704241,0.912151,0.146476,0.083081,0.706980,0.848790,0.556044,0.654613,0.200976,0.815007,0.667829,0.519619,0.510514,0.722884,0.053232,0.528800,0.077950,0.809564,0.642569,0.856747,0.577891,0.602727,0.723425,0.134793,0.901679,0.348308,0.362723,0.683440,0.610297,0.496381,0.824129,0.233706,0.329388,0.436242,0.690382,0.299602,0.243916,0.784141,0.832396,0.722312,0.333837,0.176139,0.430448,0.419628
SYN_BIGPN_0304,1,1,1,0,0.823197,0.624726,0.087572,0.607874,0.723961,0.357479,0.833792,0.790098,0.742723,0.137884,0.482309,0.277833,0.726666,0.815032,0.334600,0.735720,0.938559,0.325346,0.909145,0.739703,0.621587,0.251740,0.398361,0.282801,0.689391,0.747997,0.299837,0.474193,0.866958,0.752857,0.539384,0.867688,0.259527,0.550615,0.666053,0.816911,0.552190,0.739554,0.756930,0.884652,0.096778,0.372309,0.191700,0.197991,0.794573,0.263053,0.766741,0.163123,0.052565,0.130082,0.369778,0.111602,0.547192,0.302928,0.515577,0.819711,0.205234,0.051590,0.189473,0.745294,0.607718,0.584017,0.235255,0.791833,0.108024,0.907366,0.188897,0.431928,0.388100,0.106160,0.944950,0.158196,0.269537,0.873186,0.230112,0.561256,0.517009,0.889248,0.503702,0.566522,0.611522,0.055696,0.507694,0.478961,0.886186,0.165394,0.364609,0.531805,0.737413,0.495592,0.227053,0.229829,0.308108,0.668740,0.561503,0.677630,0.621072,0.502976,0.477932,0.133397,0.095450,0.395543,0.407239,0.730157,0.636270,0.870005,0.472034,0.740484,0.117486,0.360838,0.870789,0.915157,0.627685
SYN_BIGPN_0305,0,1,1,0,0.788686,0.227810,0.536077,0.530433,0.068753,0.846776,0.443842,0.187184,0.767773,0.660312,0.790198,0.419176,0.569719,0.290337,0.404703,0.619709,0.367018,0.674068,0.879845,0.395352,0.274085,0.066652,0.948251,0.603060,0.664127,0.459568,0.285878,0.102673,0.308841,0.137686,0.642165,0.720610,0.566121,0.797367,0.285768,0.617808,0.134175,0.250110,0.366467,0.521041,0.227702,0.837793,0.319185,0.148951,0.171400,0.316092,0.713623,0.291607,0.742825,0.750784,0.547027,0.157839,0.201622,0.766086,0.564829,0.653246,0.798060,0.871141,0.245323,0.326861,0.247928,0.917125,0.464515,0.642070,0.325735,0.762562,0.795074,0.364523,0.420669,0.923440,0.253537,0.279787,0.417642,0.693294,0.531261,0.700530,0.241319,0.237702,0.717056,0.178139,0.414958,0.242806,0.184395,0.917982,0.081584,0.657049,0.646062,0.150506,0.622894,0.779838,0.687937,0.164994,0.461481,0.795822,0.888695,0.814725,0.759846,0.768747,0.179543,0.381755,0.117671,0.291145,0.656584,0.613890,0.480405,0.494223,0.389920,0.403136,0.367187,0.250241,0.120114,0.535628,0.329060
SYN_BIGPN_0306,1,0,1,0,0.089872,0.262018,0.895257,0.094985,0.903247,0.564957,0.200588,0.154196,0.649855,0.631690,0.643429,0.537062,0.433344,0.381491,0.650218,0.265520,0.545857,0.363139,0.126466,0.910825,0.743825,0.193368,0.695188,0.164913,0.199777,0.259055,0.513616,0.122470,0.199666,0.536937,0.234669,0.465912,0.329877,0.337712,0.235433,0.696686,0.467042,0.870891,0.185919,0.669143,0.474310,0.854128,0.350348,0.292128,0.238674,0.844833,0.429059,0.864476,0.223153,0.240138,0.868340,0.274190,0.750594,0.847811,0.218161,0.290708,0.136004,0.845614,0.472021,0.819613,0.358239,0.276462,0.347588,0.237247,0.501863,0.220179,0.733702,0.330435,0.870493,0.817752,0.161914,0.935813,0.748506,0.595234,0.096757,0.301053,0.799048,0.814577,0.066710,0.241104,0.093912,0.394643,0.159438,0.502946,0.895140,0.218653,0.165403,0.122722,0.423086,0.642607,0.807585,0.644227,0.542660,0.445013,0.425694,0.939249,0.399892,0.361782,0.920434,0.781066,0.787569,0.690913,0.077234,0.227337,0.934272,0.764238,0.393732,0.054023,0.923966,0.200645,0.901577,0.371551,0.857931
SYN_BIGPN_0307,1,0,0,0,0.691242,0.730673,0.187986,0.313660,0.463455,0.135747,0.903408,0.648560,0.839629,0.070756,0.800695,0.394822,0.680135,0.740133,0.463858,0.260550,0.566041,0.679736,0.458229,0.170593,0.756305,0.813328,0.823048,0.092743,0.710851,0.143724,0.205665,0.417535,0.216814,0.731332,0.399628,0.446791,0.507257,0.220953,0.249008,0.633987,0.831533,0.709627,0.701797,0.599824,0.123205,0.374015,0.724634,0.493507,0.757730,0.330222,0.360368,0.178845,0.390963,0.797235,0.549544,0.578768,0.339965,0.541215,0.728057,0.435226,0.245001,0.130988,0.570372,0.285456,0.541950,0.545001,0.618585,0.589585,0.538005,0.825617,0.600555,0.467017,0.774224,0.196157,0.512421,0.377656,0.157926,0.829963,0.819032,0.102313,0.686583,0.552012,0.147805,0.612435,0.288256,0.256261,0.244475,0.832795,0.334694,0.769557,0.884230,0.942336,0.280119,0.078318,0.551149,0.315049,0.754163,0.236813,0.251189,0.673438,0.104257,0.816241,0.643135,0.936236,0.703229,0.626889,0.526340,0.669509,0.117757,0.424368,0.434044,0.199759,0.398362,0.914250,0.440467,0.865890,0.395476
SYN_BIGPN_0308,1,0,1,1,0.557657,0.179358,0.244553,0.247502,0.818479,0.206295,0.830032,0.911562,0.659417,0.550580,0.121197,0.891266,0.286259,0.567885,0.428681,0.580905,0.345274,0.111991,0.656223,0.568411,0.862697,0.464574,0.376225,0.395293,0.095536,0.860944,0.846362,0.665323,0.927712,0.405604,0.314609,0.346837,0.390099,0.121737,0.832465,0.077074,0.069005,0.237050,0.361401,0.910969,0.197007,0.587571,0.500085,0.507948,0.685730,0.067637,0.891288,0.503511,0.387004,0.721050,0.523765,0.214414,0.644191,0.224995,0.255702,0.257728,0.511339,0.485660,0.814254,0.509413,0.485547,0.583763,0.562061,0.091645,0.382363,0.287239,0.664547,0.528547,0.668922,0.805031,0.862675,0.856263,0.688146,0.527456,0.894178,0.211403,0.376001,0.089478,0.373947,0.460391,0.554130,0.095547,0.801324,0.327334,0.910843,0.142212,0.921971,0.588937,0.595933,0.266383,0.227599,0.556793,0.836963,0.940790,0.475373,0.496091,0.362903,0.307894,0.430526,0.468498,0.608604,0.334641,0.473915,0.351548,0.551923,0.073203,0.590934,0.406846,0.450145,0.709540,0.136926,0.088353,0.085439
SYN_BIGPN_0309,1,0,1,1,0.812547,0.892570,0.203706,0.297104,0.911326,0.142459,0.429049,0.722725,0.515421,0.323376,0.758512,0.577725,0.781651,0.611515,0.228766,0.604885,0.788129,0.556111,0.313139,0.917950,0.774604,0.360973,0.611184,0.303702,0.774623,0.376507,0.528641,0.366191,0.742535,0.836163,0.184218,0.180376,0.256859,0.534068,0.775801,0.655548,0.691259,0.873132,0.813210,0.119681,0.617771,0.622626,0.758424,0.289147,0.109576,0.250232,0.084119,0.328985,0.221362,0.492663,0.394321,0.811539,0.687271,0.109544,0.189523,0.347166,0.107905,0.659034,0.461406,0.391251,0.183926,0.401444,0.608081,0.637947,0.781784,0.624341,0.748409,0.543489,0.462705,0.335883,0.088031,0.067179,0.191045,0.261636,0.719392,0.724003,0.077383,0.639157,0.486321,0.578018,0.836690,0.779870,0.698102,0.487295,0.783336,0.942874,0.519849,0.197714,0.525245,0.470663,0.670590,0.499706,0.571265,0.164122,0.158862,0.918075,0.716282,0.184952,0.433564,0.306133,0.172095,0.559490,0.187808,0.921104,0.053394,0.875034,0.405658,0.439228,0.451413,0.550271,0.478681,0.278602,0.080164
SYN_BIGPN_0310,1,0,0,1,0.711205,0.626086,0.678106,0.911480,0.613176,0.923015,0.705936,0.346260,0.216152,0.184522,0.151950,0.510902,0.168254,0.696646,0.297039,0.176417,0.733547,0.222904,0.570114,0.214759,0.664386,0.803415,0.428443,0.137136,0.373006,0.392824,0.169112,0.929165,0.217363,0.357789,0.118372,0.374528,0.946842,0.573271,0.525458,0.060001,0.515987,0.927979,0.291707,0.376073,0.369647,0.692307,0.431204,0.517045,0.732682,0.161765,0.608147,0.181123,0.195087,0.111030,0.822400,0.393035,0.749011,0.414988,0.395945,0.801050,0.905977,0.475379,0.590610,0.734687,0.682980,0.649117,0.714486,0.593614,0.809405,0.907958,0.584429,0.595273,0.229769,0.781960,0.591727,0.948953,0.903524,0.621152,0.353258,0.246650,0.687700,0.456763,0.571979,0.479823,0.926984,0.665696,0.677438,0.064219,0.151514,0.203880,0.463132,0.562284,0.772426,0.464006,0.680557,0.498941,0.923499,0.932585,0.659595,0.943953,0.080916,0.936126,0.735338,0.786852,0.564321,0.453784,0.200274,0.400462,0.129829,0.584405,0.292964,0.901288,0.266963,0.279351,0.809841,0.188015,0.827393
SYN_BIGPN_0311,1,1,1,1,0.309054,0.432065,0.415983,0.565275,0.172746,0.456553,0.148227,0.178150,0.107111,0.445954,0.508648,0.874416,0.745518,0.915489,0.679985,0.526984,0.529250,0.838459,0.272863,0.772259,0.124217,0.194644,0.186547,0.697275,0.233329,0.786385,0.446350,0.330220,0.292061,0.814233,0.684396,0.923227,0.477774,0.565469,0.385155,0.192161,0.275665,0.137468,0.077121,0.492159,0.761585,0.301734,0.278212,0.910475,0.679748,0.143374,0.530626,0.437676,0.590636,0.555180,0.539352,0.355183,0.598934,0.902618,0.065706,0.922123,0.941475,0.786494,0.409084,0.427633,0.389395,0.390955,0.231143,0.690034,0.235584,0.667790,0.309080,0.934658,0.512542,0.362807,0.418259,0.331715,0.058189,0.284152,0.641380,0.583871,0.939274,0.472459,0.471912,0.164074,0.737820,0.289215,0.557433,0.835848,0.053020,0.575128,0.249600,0.582647,0.299781,0.504256,0.513302,0.706516,0.160583,0.855499,0.215022,0.706580,0.103228,0.457400,0.208363,0.639737,0.639410,0.530791,0.796471,0.319367,0.550100,0.330624,0.830263,0.823901,0.083997,0.250564,0.570633,0.592588,0.416196
SYN_BIGPN_0312,0,1,1,0,0.863955,0.741299,0.408794,0.482039,0.059384,0.948770,0.551283,0.196658,0.392252,0.538866,0.195051,0.475269,0.832775,0.582547,0.717313,0.449674,0.630118,0.479702,0.097008,0.688397,0.113791,0.382370,0.106271,0.277165,0.674206,0.529945,0.855746,0.293501,0.592095,0.290325,0.610058,0.062036,0.284025,0.212762,0.740506,0.336798,0.325786,0.762703,0.643334,0.319554,0.455464,0.582633,0.722574,0.420451,0.777757,0.514097,0.321950,0.638318,0.703655,0.630689,0.457233,0.762849,0.656632,0.464563,0.899553,0.576444,0.066711,0.248073,0.082173,0.395308,0.695469,0.337510,0.915473,0.390077,0.397194,0.875675,0.943879,0.091058,0.078902,0.086577,0.364433,0.364199,0.868878,0.529945,0.584405,0.220386,0.475985,0.130411,0.684066,0.163675,0.480002,0.054582,0.737928,0.896782,0.088881,0.576667,0.220997,0.435372,0.366845,0.419790,0.386853,0.184177,0.400504,0.350102,0.305779,0.855973,0.878179,0.339591,0.445425,0.459483,0.558048,0.475436,0.902097,0.344608,0.911475,0.911470,0.396359,0.645233,0.098126,0.790996,0.124122,0.789450,0.730797
SYN_BIGPN_0313,1,0,1,0,0.214252,0.054441,0.388764,0.666057,0.525824,0.402132,0.689937,0.286336,0.785521,0.250864,0.694841,0.169943,0.541643,0.495680,0.761987,0.240241,0.832987,0.207206,0.174811,0.929532,0.363690,0.913172,0.699225,0.856301,0.362372,0.550926,0.269119,0.397803,0.228173,0.591444,0.406208,0.329840,0.446603,0.188781,0.504344,0.552593,0.373892,0.930385,0.460569,0.229030,0.055031,0.114943,0.638358,0.867989,0.527242,0.874007,0.713551,0.465756,0.900994,0.543658,0.857230,0.395670,0.864585,0.821908,0.266298,0.179791,0.056100,0.762823,0.380069,0.094987,0.609861,0.312360,0.937414,0.755848,0.083201,0.193461,0.182989,0.609255,0.459405,0.629203,0.192308,0.249771,0.645044,0.599787,0.438936,0.558066,0.664155,0.910011,0.647141,0.487156,0.358867,0.782419,0.771023,0.502794,0.565933,0.300103,0.488994,0.332293,0.701492,0.443228,0.523455,0.152690,0.891945,0.123059,0.401961,0.756370,0.800965,0.234616,0.823622,0.830674,0.443526,0.422571,0.689525,0.944888,0.932882,0.586580,0.100819,0.368645,0.534310,0.086727,0.214191,0.413480,0.469565
SYN_BIGPN_0314,0,0,0,1,0.503099,0.369035,0.548959,0.323598,0.486502,0.829213,0.919079,0.888817,0.949031,0.610386,0.221328,0.864957,0.887037,0.800765,0.541906,0.650887,0.703164,0.241846,0.194036,0.630864,0.082476,0.395542,0.738461,0.240042,0.229868,0.586414,0.569299,0.659693,0.466314,0.692450,0.148099,0.601915,0.063779,0.532090,0.685469,0.902356,0.850557,0.754229,0.946972,0.391147,0.283835,0.629452,0.166057,0.785693,0.272850,0.478486,0.686336,0.530528,0.822677,0.122949,0.371593,0.790747,0.128235,0.651397,0.910362,0.365807,0.455127,0.410557,0.460071,0.166659,0.875565,0.569687,0.085764,0.639797,0.549024,0.852738,0.140479,0.812186,0.117965,0.594802,0.849240,0.633315,0.378366,0.660043,0.412952,0.261947,0.086916,0.309715,0.602588,0.771789,0.553392,0.580261,0.718842,0.241704,0.643319,0.945174,0.549205,0.448729,0.262901,0.434282,0.686066,0.240304,0.665454,0.198933,0.284323,0.619746,0.798872,0.521676,0.843871,0.535978,0.598608,0.504946,0.497855,0.496871,0.287049,0.515933,0.672592,0.666290,0.126136,0.872982,0.935172,0.443407,0.688740
SYN_BIGPN_0315,1,1,0,0,0.682089,0.651964,0.829765,0.757452,0.210442,0.484404,0.554527,0.344560,0.936729,0.547514,0.727408,0.863179,0.727181,0.287691,0.576413,0.637966,0.151593,0.587995,0.291522,0.050839,0.324169,0.908329,0.520122,0.112115,0.837075,0.642167,0.073004,0.199967,0.546150,0.714817,0.086872,0.071504,0.174600,0.180990,0.530727,0.617430,0.283153,0.653420,0.166088,0.662849,0.919592,0.503463,0.358166,0.320577,0.757250,0.926517,0.163799,0.692435,0.268618,0.173520,0.753963,0.613997,0.600919,0.742304,0.469727,0.901420,0.579563,0.358791,0.077404,0.722347,0.853367,0.612193,0.437999,0.494102,0.754313,0.848263,0.087751,0.678071,0.888762,0.107947,0.791666,0.511318,0.539926,0.503280,0.244483,0.780743,0.564329,0.527668,0.309791,0.164743,0.357918,0.130834,0.491264,0.697382,0.753241,0.937364,0.515246,0.795463,0.154028,0.132821,0.083511,0.084192,0.728965,0.699499,0.341002,0.085980,0.601149,0.722540,0.870273,0.621844,0.765789,0.499182,0.563459,0.901269,0.946955,0.705938,0.216340,0.614354,0.712797,0.059313,0.093050,0.548437,0.250839
SYN_BIGPN_0316,0,1,0,1,0.196533,0.483864,0.480739,0.890291,0.743522,0.275580,0.252567,0.641918,0.927068,0.454335,0.055782,0.501730,0.324646,0.478955,0.681943,0.160758,0.621292,0.455758,0.527393,0.726352,0.067780,0.937724,0.169754,0.543086,0.137486,0.217171,0.169380,0.861249,0.600702,0.332160,0.733882,0.344912,0.492434,0.746671,0.182018,0.135260,0.494537,0.146572,0.562263,0.717398,0.707952,0.328889,0.487515,0.085118,0.795068,0.116207,0.234194,0.259207,0.820752,0.153403,0.409331,0.573849,0.807751,0.147588,0.501501,0.365231,0.065642,0.622074,0.653351,0.486473,0.154607,0.217857,0.846491,0.374309,0.451275,0.084024,0.809937,0.572371,0.158746,0.653663,0.460556,0.573850,0.506412,0.689779,0.821776,0.764459,0.381577,0.072830,0.393869,0.570327,0.185529,0.867815,0.520254,0.488929,0.447223,0.682776,0.567048,0.441808,0.433663,0.452175,0.525266,0.072149,0.450439,0.087990,0.818026,0.346636,0.912769,0.255758,0.205989,0.643169,0.096050,0.064700,0.613720,0.466884,0.876124,0.942220,0.572624,0.418794,0.274703,0.353321,0.662867,0.661278,0.823981
SYN_BIGPN_0317,0,1,1,1,0.221640,0.489644,0.546572,0.394159,0.808053,0.163541,0.150284,0.607097,0.174686,0.561003,0.863597,0.228175,0.399625,0.611336,0.071880,0.660651,0.661310,0.259771,0.848399,0.252855,0.513529,0.743415,0.701293,0.382168,0.224377,0.297671,0.232561,0.740907,0.483450,0.629459,0.126170,0.261461,0.895751,0.266836,0.927519,0.464492,0.690214,0.338637,0.253002,0.067395,0.814658,0.837797,0.160112,0.059611,0.624261,0.533293,0.626714,0.747686,0.226203,0.346600,0.476595,0.912679,0.690798,0.254586,0.638863,0.622170,0.886180,0.245821,0.341503,0.115171,0.653880,0.927625,0.288594,0.064466,0.412298,0.398305,0.482013,0.354206,0.094069,0.201637,0.463878,0.819634,0.949866,0.063539,0.210926,0.499030,0.085424,0.064397,0.123773,0.936478,0.216846,0.949614,0.751145,0.315892,0.651423,0.232710,0.692828,0.622841,0.948547,0.285647,0.132353,0.180130,0.545226,0.853092,0.443235,0.687782,0.383203,0.483800,0.056224,0.097290,0.606076,0.374781,0.927650,0.417240,0.811084,0.584633,0.545386,0.436373,0.235866,0.933791,0.910775,0.155987,0.863430
SYN_BIGPN_0318,0,1,0,0,0.935547,0.530517,0.114618,0.373105,0.149751,0.895337,0.884855,0.588377,0.379699,0.918175,0.558726,0.877091,0.648120,0.754764,0.238046,0.413553,0.840027,0.120731,0.818510,0.175726,0.087488,0.773412,0.921389,0.311463,0.289642,0.948985,0.521335,0.212192,0.292363,0.355853,0.133653,0.605922,0.405428,0.600989,0.412054,0.332229,0.418484,0.932901,0.143096,0.638349,0.661841,0.202747,0.432558,0.432810,0.189713,0.064109,0.416000,0.203536,0.320301,0.403155,0.611009,0.091266,0.139406,0.585235,0.453752,0.932333,0.786486,0.835351,0.796343,0.811458,0.823356,0.220160,0.773273,0.944763,0.806102,0.677210,0.105422,0.184621,0.851743,0.767546,0.388853,0.064941,0.231121,0.146551,0.856731,0.880385,0.529647,0.315575,0.645460,0.388349,0.858471,0.120576,0.932668,0.899175,0.689292,0.425669,0.287355,0.757542,0.767282,0.652524,0.453652,0.159065,0.356383,0.145231,0.480259,0.720257,0.609575,0.875888,0.856306,0.837046,0.544058,0.914805,0.739660,0.369907,0.166621,0.780004,0.252000,0.455282,0.526559,0.487478,0.329264,0.916232,0.761591
SYN_BIGPN_0319,0,0,1,1,0.241258,0.220455,0.149810,0.186300,0.309654,0.780476,0.880534,0.263380,0.593097,0.887255,0.796383,0.297403,0.269701,0.386120,0.375538,0.568233,0.252594,0.750229,0.722061,0.657586,0.422912,0.774008,0.135224,0.465925,0.777000,0.508250,0.241952,0.280828,0.599544,0.572796,0.439045,0.649520,0.269940,0.436524,0.316112,0.684771,0.201564,0.921636,0.148136,0.113631,0.519719,0.878820,0.915054,0.328887,0.677055,0.826302,0.052500,0.317264,0.453019,0.638196,0.662244,0.478378,0.362240,0.498918,0.192694,0.324964,0.801008,0.729250,0.585838,0.115124,0.636868,0.228255,0.142131,0.473658,0.609391,0.314325,0.860049,0.301273,0.347889,0.600509,0.631020,0.474143,0.259219,0.283193,0.835124,0.135620,0.641672,0.154245,0.184816,0.534096,0.222069,0.610336,0.657215,0.881868,0.630422,0.813077,0.868539,0.300177,0.370497,0.938961,0.886165,0.344068,0.767393,0.891709,0.150208,0.479163,0.898540,0.578316,0.796046,0.288029,0.708794,0.684002,0.823220,0.843692,0.827960,0.456670,0.359152,0.529961,0.247379,0.520595,0.914739,0.098618,0.234203
SYN_BIGPN_0320,0,0,1,0,0.220192,0.743953,0.577836,0.708509,0.415888,0.229151,0.298081,0.653187,0.604131,0.914242,0.384652,0.113670,0.705226,0.455443,0.362882,0.074183,0.257534,0.532547,0.356022,0.052520,0.080835,0.140546,0.697018,0.210591,0.717455,0.050956,0.874778,0.285555,0.886211,0.428762,0.173973,0.534231,0.308685,0.712536,0.257935,0.782711,0.773975,0.103743,0.937086,0.762238,0.709158,0.299400,0.436629,0.399219,0.173736,0.315098,0.057212,0.148110,0.386847,0.235338,0.912970,0.651176,0.311613,0.502990,0.317255,0.743539,0.754962,0.150598,0.272616,0.211328,0.900508,0.073782,0.590189,0.455433,0.870540,0.718469,0.354343,0.274202,0.897430,0.258945,0.552998,0.638461,0.478072,0.505579,0.138166,0.674898,0.855601,0.656947,0.771780,0.559470,0.736391,0.407948,0.661301,0.394086,0.674523,0.308322,0.724947,0.910848,0.949191,0.055578,0.131853,0.087753,0.552925,0.686549,0.574370,0.249885,0.677708,0.125314,0.918907,0.303583,0.913636,0.887805,0.590153,0.128089,0.554221,0.241838,0.122142,0.600319,0.871772,0.208769,0.196264,0.428855,0.277439
SYN_BIGPN_0321,0,0,0,1,0.517146,0.813604,0.091053,0.771260,0.700065,0.175082,0.945239,0.844850,0.675261,0.752746,0.108575,0.901816,0.610733,0.846659,0.444231,0.094254,0.360520,0.345172,0.663909,0.781859,0.224084,0.064123,0.155383,0.656438,0.358811,0.938281,0.094564,0.098163,0.618484,0.802413,0.658882,0.711979,0.287744,0.807438,0.447755,0.604028,0.361127,0.924468,0.921666,0.187844,0.373488,0.347485,0.386530,0.471837,0.632544,0.526218,0.485682,0.195620,0.793305,0.674793,0.455174,0.638517,0.836331,0.371791,0.067697,0.613114,0.077734,0.861243,0.753993,0.197505,0.249161,0.514452,0.217164,0.629855,0.373374,0.385487,0.899050,0.195541,0.847560,0.795739,0.753478,0.249719,0.418186,0.559133,0.265639,0.754122,0.278228,0.781917,0.703122,0.289686,0.645041,0.185688,0.444188,0.384145,0.596781,0.894764,0.589736,0.085105,0.449036,0.736322,0.073260,0.501952,0.318638,0.462001,0.948096,0.628259,0.077399,0.244333,0.756663,0.460727,0.301011,0.546186,0.851365,0.092515,0.716829,0.562870,0.581357,0.635863,0.290431,0.221656,0.563532,0.482078,0.933098
SYN_BIGPN_0322,1,1,1,0,0.051529,0.764940,0.487835,0.898452,0.064240,0.059798,0.940571,0.552164,0.264009,0.079159,0.450276,0.398094,0.156958,0.863331,0.142625,0.084039,0.343131,0.141123,0.367630,0.351586,0.057382,0.755344,0.646070,0.628356,0.653940,0.637929,0.783701,0.243910,0.591977,0.144226,0.584848,0.080105,0.501634,0.611727,0.647797,0.270773,0.218676,0.097875,0.868293,0.882160,0.211522,0.091514,0.149742,0.195473,0.329385,0.922498,0.868010,0.381829,0.433637,0.476790,0.837686,0.471731,0.869898,0.572959,0.492537,0.653687,0.780125,0.828023,0.521938,0.600284,0.875384,0.703572,0.335405,0.659476,0.357901,0.806679,0.192682,0.441324,0.583969,0.352677,0.818830,0.321511,0.106701,0.061895,0.912371,0.674867,0.273214,0.865508,0.572006,0.328218,0.426628,0.729673,0.500460,0.486415,0.705219,0.090267,0.746027,0.432007,0.636644,0.135476,0.387566,0.256236,0.369059,0.708235,0.441007,0.272233,0.904256,0.639498,0.767160,0.884690,0.892094,0.081885,0.892319,0.101897,0.836527,0.500835,0.318375,0.639906,0.716189,0.614254,0.467527,0.722400,0.379862
SYN_BIGPN_0323,0,0,1,0,0.504401,0.132460,0.690980,0.612939,0.697869,0.575344,0.911886,0.655762,0.335999,0.058119,0.103792,0.564026,0.437015,0.620123,0.231967,0.199598,0.261166,0.875403,0.698779,0.524430,0.719350,0.170924,0.394643,0.208474,0.650056,0.693117,0.096860,0.186099,0.641801,0.550900,0.509094,0.559607,0.261238,0.876478,0.358384,0.230355,0.121852,0.540717,0.346564,0.464455,0.219381,0.934255,0.072593,0.720927,0.206162,0.754452,0.287553,0.074364,0.912423,0.427002,0.458060,0.936030,0.501576,0.474738,0.180091,0.644230,0.414453,0.187983,0.183146,0.409617,0.237774,0.802769,0.193739,0.315693,0.214445,0.276467,0.087540,0.811601,0.627356,0.421771,0.791830,0.119077,0.404832,0.088831,0.132391,0.460216,0.510484,0.557481,0.290760,0.542826,0.058643,0.233934,0.315058,0.215044,0.605626,0.725016,0.235492,0.533152,0.780316,0.610295,0.297021,0.492223,0.366587,0.367785,0.771949,0.261034,0.813359,0.234358,0.485512,0.101677,0.456512,0.104521,0.211087,0.081303,0.325654,0.579740,0.368001,0.764647,0.841140,0.716509,0.376124,0.514831,0.521239
SYN_BIGPN_0324,1,0,1,1,0.918243,0.540683,0.781270,0.636478,0.202517,0.401198,0.789046,0.109051,0.939192,0.800783,0.703719,0.102509,0.109258,0.512766,0.258055,0.947499,0.929107,0.091078,0.571532,0.358493,0.864548,0.882860,0.879327,0.561557,0.685315,0.726893,0.686764,0.831753,0.674386,0.327626,0.461388,0.203376,0.569876,0.406223,0.251944,0.736164,0.439065,0.209778,0.901864,0.725625,0.341612,0.297184,0.948651,0.909454,0.364791,0.620997,0.208603,0.889451,0.389672,0.533106,0.731573,0.281838,0.724887,0.595310,0.920364,0.070192,0.349221,0.485079,0.187740,0.541544,0.769898,0.136940,0.874461,0.060687,0.061315,0.200710,0.172096,0.772085,0.487838,0.877761,0.437392,0.393271,0.731181,0.946390,0.423621,0.126185,0.105648,0.911291,0.373271,0.685286,0.909559,0.112967,0.434227,0.586514,0.655402,0.157922,0.285559,0.277066,0.841649,0.522027,0.149915,0.248830,0.539227,0.733013,0.723762,0.904733,0.813328,0.454169,0.771909,0.679713,0.336537,0.234429,0.339423,0.721322,0.513163,0.425625,0.907509,0.419646,0.432524,0.375216,0.935244,0.504311,0.483170
SYN_BIGPN_0325,0,1,1,1,0.732178,0.132314,0.894514,0.080962,0.450233,0.213738,0.151720,0.579625,0.740502,0.764115,0.381153,0.556131,0.372680,0.112573,0.456592,0.368358,0.612300,0.398270,0.402285,0.872268,0.638257,0.931483,0.880408,0.640438,0.541535,0.324500,0.672270,0.368705,0.845492,0.684919,0.949427,0.356052,0.318950,0.249506,0.082162,0.062070,0.571678,0.163166,0.636549,0.504792,0.443504,0.766050,0.185761,0.685213,0.219333,0.575176,0.379020,0.947535,0.706607,0.569072,0.393502,0.531854,0.754114,0.841532,0.771862,0.633420,0.120719,0.517884,0.477046,0.234085,0.302712,0.666648,0.658577,0.618386,0.769624,0.834803,0.094219,0.648438,0.541431,0.795204,0.591154,0.362040,0.357687,0.215123,0.226730,0.361900,0.270985,0.785436,0.684954,0.554516,0.430496,0.229015,0.901241,0.679578,0.355311,0.640094,0.376074,0.084728,0.803227,0.314839,0.493630,0.217896,0.569916,0.246719,0.288955,0.378173,0.911979,0.918754,0.722733,0.080500,0.258520,0.856193,0.117751,0.366637,0.316401,0.926863,0.433889,0.070534,0.841132,0.566166,0.662158,0.067990,0.601526
SYN_BIGPN_0326,1,1,1,0,0.433901,0.326042,0.597901,0.739443,0.058034,0.849054,0.361440,0.823046,0.252162,0.633724,0.205179,0.948470,0.254159,0.559393,0.867526,0.688902,0.874376,0.918508,0.652089,0.336004,0.938030,0.089484,0.859084,0.818747,0.299242,0.306414,0.099343,0.356871,0.319107,0.741853,0.927570,0.366119,0.726326,0.810774,0.523213,0.702051,0.944706,0.758866,0.639576,0.166502,0.071448,0.924926,0.821581,0.739776,0.308559,0.690830,0.532097,0.348451,0.098832,0.668082,0.775853,0.192548,0.832845,0.936584,0.789443,0.781780,0.204197,0.840420,0.931127,0.688137,0.411328,0.456842,0.567524,0.361913,0.230130,0.371140,0.652630,0.697328,0.056061,0.838882,0.803719,0.412919,0.480727,0.230708,0.235082,0.120098,0.241918,0.559934,0.784433,0.273476,0.356081,0.683316,0.373807,0.903920,0.072157,0.538037,0.448471,0.337132,0.138714,0.499224,0.121321,0.687970,0.865937,0.282904,0.643599,0.701650,0.537723,0.367814,0.246313,0.056695,0.763358,0.057802,0.291429,0.341789,0.256654,0.231102,0.452608,0.930832,0.421252,0.547316,0.278850,0.565900,0.200028
SYN_BIGPN_0327,0,1,0,0,0.253485,0.539359,0.625113,0.762371,0.920150,0.900558,0.270586,0.399885,0.260575,0.720047,0.923390,0.545350,0.314633,0.671892,0.707354,0.785336,0.640284,0.449018,0.480242,0.932384,0.788188,0.749971,0.829939,0.145014,0.383605,0.307197,0.929559,0.530442,0.937855,0.269696,0.314027,0.316281,0.891431,0.416487,0.813230,0.669567,0.510321,0.787018,0.466806,0.163943,0.733114,0.110610,0.384283,0.596828,0.526221,0.290150,0.462677,0.166687,0.639276,0.794471,0.081453,0.471746,0.280873,0.889879,0.407635,0.768451,0.106897,0.476068,0.526594,0.424381,0.689419,0.576417,0.664041,0.267774,0.082708,0.583668,0.799517,0.223594,0.790286,0.820594,0.591548,0.425711,0.214832,0.297037,0.563399,0.221875,0.427324,0.885311,0.126301,0.242882,0.194512,0.661860,0.728778,0.852325,0.056878,0.575595,0.289349,0.640521,0.711833,0.696563,0.836535,0.744499,0.486639,0.848845,0.379097,0.375726,0.356093,0.198689,0.717805,0.175318,0.199469,0.138206,0.882434,0.783412,0.716277,0.150349,0.234617,0.278313,0.863094,0.311479,0.095651,0.834280,0.158055
SYN_BIGPN_0328,0,1,1,0,0.843316,0.211692,0.159866,0.346406,0.179173,0.737584,0.778310,0.912404,0.389848,0.921793,0.866374,0.592965,0.856281,0.507565,0.799444,0.389224,0.404030,0.383836,0.452164,0.502704,0.521997,0.374775,0.515194,0.065052,0.445928,0.240661,0.072344,0.195531,0.676660,0.518585,0.064259,0.905257,0.378694,0.768713,0.367838,0.868247,0.137594,0.458846,0.655025,0.274560,0.829676,0.605801,0.680561,0.098151,0.110240,0.145697,0.337009,0.361041,0.531066,0.672605,0.865652,0.069894,0.619234,0.949092,0.762218,0.105157,0.350576,0.421319,0.481270,0.432470,0.640080,0.229183,0.797197,0.278775,0.753291,0.235479,0.498915,0.083949,0.617298,0.760296,0.593339,0.450161,0.781162,0.364903,0.589362,0.112401,0.794458,0.261531,0.797784,0.282809,0.844520,0.314775,0.122323,0.237928,0.310005,0.409729,0.546166,0.823045,0.831672,0.516384,0.755647,0.806283,0.844365,0.248315,0.505626,0.458315,0.918026,0.728867,0.890472,0.631837,0.655970,0.273595,0.116933,0.372437,0.117943,0.735042,0.547237,0.865834,0.629816,0.526611,0.206777,0.786639,0.552220
SYN_BIGPN_0329,0,1,1,1,0.606301,0.793755,0.661917,0.228066,0.557270,0.739054,0.574307,0.558678,0.333483,0.570889,0.736034,0.601620,0.509501,0.624524,0.345159,0.071646,0.835221,0.502094,0.918224,0.846178,0.338718,0.460289,0.620664,0.562891,0.584496,0.472422,0.056592,0.503433,0.204959,0.544157,0.518944,0.402781,0.055025,0.696199,0.836938,0.874635,0.773695,0.780742,0.542143,0.459159,0.296458,0.531435,0.899491,0.343340,0.109640,0.903622,0.518557,0.518404,0.912901,0.589380,0.692492,0.728079,0.255411,0.202249,0.150491,0.728803,0.358550,0.598386,0.663957,0.367405,0.506323,0.513503,0.497783,0.329045,0.122646,0.665353,0.129095,0.465604,0.251286,0.142336,0.590019,0.369651,0.431970,0.702437,0.166014,0.102273,0.748865,0.605008,0.525891,0.106120,0.432620,0.163001,0.629402,0.317657,0.153149,0.235373,0.771602,0.575523,0.651503,0.853979,0.307907,0.138459,0.875437,0.693377,0.092521,0.326051,0.833030,0.754130,0.113588,0.503164,0.880589,0.283397,0.204478,0.373715,0.312725,0.777549,0.207740,0.671087,0.051692,0.886517,0.918474,0.497627,0.199613
SYN_BIGPN_0330,0,1,0,0,0.146928,0.534599,0.459448,0.214637,0.640953,0.134207,0.765099,0.429149,0.550050,0.845113,0.249910,0.770012,0.477126,0.257335,0.353971,0.855333,0.074332,0.411037,0.368257,0.083110,0.178484,0.304357,0.318366,0.440381,0.765456,0.698859,0.148885,0.170976,0.529022,0.807262,0.858738,0.527326,0.927498,0.734174,0.800506,0.598981,0.223440,0.881896,0.749249,0.912175,0.384901,0.640751,0.120109,0.210480,0.324254,0.099928,0.403746,0.587814,0.669992,0.267492,0.553454,0.461093,0.183489,0.132941,0.663305,0.506487,0.617810,0.692638,0.715139,0.823028,0.578798,0.832751,0.937077,0.564159,0.195111,0.355234,0.618861,0.453947,0.411646,0.723873,0.574251,0.503356,0.853525,0.413990,0.383339,0.804599,0.784531,0.832724,0.124007,0.393655,0.572510,0.249883,0.608071,0.377545,0.771910,0.436941,0.808945,0.352973,0.909205,0.737840,0.248113,0.932197,0.206196,0.591970,0.220865,0.062047,0.631832,0.264332,0.265995,0.406111,0.361226,0.701008,0.320451,0.155828,0.189317,0.277392,0.069538,0.122008,0.924868,0.505318,0.424484,0.867100,0.767951
SYN_BIGPN_0331,1,1,1,0,0.835825,0.847222,0.177211,0.230663,0.882091,0.497776,0.521610,0.106628,0.307747,0.280889,0.180972,0.277722,0.162314,0.887618,0.332570,0.697325,0.453492,0.165226,0.904776,0.289133,0.825326,0.843213,0.818655,0.298420,0.196285,0.440485,0.941066,0.295140,0.270534,0.653643,0.869405,0.443728,0.537033,0.428189,0.410881,0.120991,0.761677,0.887492,0.317188,0.202779,0.748731,0.765845,0.525274,0.813535,0.328624,0.834833,0.247907,0.853902,0.388818,0.374396,0.071548,0.815980,0.838478,0.286633,0.587593,0.053481,0.362985,0.464169,0.151160,0.079644,0.591433,0.111139,0.281045,0.327312,0.931959,0.503286,0.468089,0.341007,0.396021,0.294889,0.129314,0.397754,0.714281,0.355969,0.762871,0.058878,0.203432,0.485878,0.077574,0.866643,0.580318,0.729479,0.565526,0.593513,0.872272,0.346726,0.135405,0.652160,0.121273,0.927055,0.129131,0.915770,0.284106,0.108059,0.341727,0.677199,0.545486,0.399160,0.194597,0.097839,0.403792,0.253648,0.113745,0.881026,0.374237,0.284856,0.810539,0.599495,0.918423,0.217678,0.477938,0.063041,0.280408
SYN_BIGPN_0332,0,1,1,0,0.106641,0.418030,0.641165,0.335654,0.078237,0.614486,0.281717,0.106507,0.737882,0.312825,0.321571,0.106613,0.640331,0.310394,0.145129,0.134821,0.560259,0.152427,0.127485,0.451423,0.833590,0.636469,0.711660,0.910612,0.592180,0.890285,0.694029,0.170724,0.415516,0.838727,0.128787,0.224901,0.212879,0.390579,0.504397,0.688920,0.259936,0.346314,0.644335,0.625547,0.795798,0.536497,0.513965,0.175728,0.679149,0.753038,0.780280,0.286691,0.315688,0.549091,0.510453,0.212719,0.580267,0.909626,0.226057,0.655450,0.788110,0.462495,0.822757,0.424682,0.169168,0.240879,0.138276,0.167675,0.807178,0.098684,0.655432,0.077237,0.603312,0.395807,0.300363,0.325906,0.327718,0.490575,0.865015,0.197862,0.709344,0.934275,0.214985,0.508561,0.221091,0.889160,0.445120,0.477815,0.401725,0.820628,0.403273,0.625148,0.321125,0.852521,0.407159,0.552006,0.446767,0.386961,0.270236,0.615400,0.568093,0.653190,0.349901,0.510677,0.697633,0.539212,0.061402,0.336509,0.463858,0.178639,0.097997,0.295734,0.847852,0.736760,0.595735,0.439230,0.859135
SYN_BIGPN_0333,0,1,1,1,0.795788,0.094535,0.113592,0.467948,0.146436,0.213854,0.731342,0.459827,0.554008,0.672366,0.485056,0.233871,0.280607,0.322380,0.590586,0.936681,0.243503,0.193743,0.937928,0.449617,0.460706,0.121666,0.110434,0.245429,0.825787,0.419303,0.102842,0.494978,0.251663,0.254633,0.946718,0.882575,0.528018,0.843254,0.247421,0.607018,0.905449,0.884496,0.295118,0.486539,0.413099,0.096108,0.707554,0.400729,0.079387,0.581047,0.255112,0.940754,0.509791,0.698439,0.606007,0.648740,0.608142,0.258426,0.898174,0.867095,0.397433,0.123312,0.378484,0.142629,0.052436,0.943948,0.261059,0.860329,0.427602,0.187815,0.741095,0.113989,0.885923,0.651433,0.691386,0.321370,0.874670,0.060862,0.099856,0.405868,0.870063,0.704425,0.811499,0.297811,0.219072,0.769039,0.091929,0.200914,0.767853,0.772009,0.573299,0.634289,0.901542,0.888963,0.765850,0.789700,0.852065,0.572190,0.106297,0.893939,0.492981,0.248313,0.225568,0.793850,0.362218,0.583062,0.603797,0.836868,0.670421,0.815367,0.310036,0.774685,0.770994,0.751470,0.205342,0.687982,0.584983
SYN_BIGPN_0334,1,0,1,1,0.618840,0.474991,0.884883,0.509352,0.475879,0.601758,0.262625,0.423068,0.342086,0.422047,0.550529,0.746849,0.512131,0.514468,0.357209,0.125976,0.600142,0.624923,0.348805,0.124402,0.156596,0.373118,0.524219,0.082383,0.750231,0.707183,0.770037,0.278899,0.199637,0.755000,0.831765,0.732114,0.935276,0.692174,0.755595,0.589893,0.618141,0.652072,0.724322,0.542325,0.631886,0.142767,0.121021,0.509673,0.615358,0.432298,0.448772,0.434817,0.411544,0.664606,0.292727,0.372744,0.585051,0.941522,0.861755,0.119610,0.713483,0.366912,0.210543,0.131566,0.887666,0.861061,0.098572,0.327189,0.823573,0.508537,0.297449,0.728574,0.782431,0.119844,0.619490,0.449922,0.402654,0.810686,0.317914,0.331637,0.072991,0.083631,0.510853,0.587255,0.452859,0.350340,0.429120,0.639239,0.683783,0.401692,0.058624,0.120146,0.223584,0.803926,0.408213,0.529794,0.840088,0.053158,0.762321,0.878022,0.467734,0.512423,0.519035,0.085528,0.563181,0.755118,0.297238,0.771507,0.306207,0.796625,0.638115,0.545897,0.417990,0.580221,0.456540,0.347851,0.398110
SYN_BIGPN_0335,1,0,0,0,0.402540,0.154453,0.457183,0.660397,0.675026,0.789499,0.150892,0.160355,0.555881,0.328053,0.286245,0.332323,0.749558,0.288363,0.718801,0.705310,0.911028,0.532108,0.415998,0.707896,0.720828,0.496963,0.584634,0.442517,0.262270,0.573511,0.830359,0.709421,0.219749,0.706981,0.683953,0.850263,0.376931,0.658972,0.841820,0.520538,0.493370,0.171423,0.735468,0.724641,0.854542,0.518497,0.173994,0.730544,0.863160,0.462570,0.390341,0.719843,0.768930,0.409673,0.398511,0.582324,0.791050,0.591158,0.191729,0.876775,0.777189,0.880505,0.304164,0.052475,0.128563,0.356407,0.743593,0.867557,0.433248,0.508551,0.184755,0.341052,0.474908,0.063614,0.440812,0.480075,0.054871,0.861629,0.835810,0.207690,0.647718,0.711903,0.897327,0.623665,0.424482,0.918822,0.359905,0.189876,0.319393,0.848358,0.719511,0.527524,0.949782,0.540173,0.849463,0.116923,0.227717,0.051870,0.716371,0.261388,0.570875,0.699446,0.079135,0.725631,0.558406,0.107737,0.841185,0.433261,0.642093,0.890811,0.467319,0.517437,0.466541,0.405921,0.277071,0.619355,0.935050
SYN_BIGPN_0336,1,0,0,1,0.475476,0.102016,0.565987,0.788664,0.900508,0.883407,0.698047,0.795657,0.076082,0.627096,0.844272,0.290657,0.466239,0.914999,0.139581,0.123471,0.884248,0.509217,0.558447,0.834169,0.140402,0.342397,0.461202,0.816318,0.574985,0.349439,0.839011,0.715915,0.126773,0.269082,0.905751,0.415400,0.109920,0.378648,0.881868,0.611211,0.940355,0.624815,0.338527,0.263012,0.584345,0.080483,0.205059,0.286635,0.055110,0.277947,0.697457,0.624542,0.343647,0.802969,0.564359,0.166131,0.630041,0.230439,0.932397,0.156355,0.338705,0.882581,0.209244,0.482816,0.473485,0.685980,0.280460,0.575536,0.614382,0.894994,0.162503,0.716083,0.306247,0.533096,0.830586,0.796756,0.354282,0.588835,0.332902,0.370131,0.610161,0.351467,0.128350,0.933563,0.290561,0.930251,0.669425,0.781595,0.701624,0.085082,0.094495,0.629799,0.843816,0.607031,0.510348,0.088372,0.675626,0.282761,0.513357,0.565915,0.280945,0.633640,0.561232,0.560752,0.127884,0.310729,0.719178,0.741048,0.210863,0.816312,0.896406,0.803865,0.710060,0.416078,0.930634,0.830821,0.900615
SYN_BIGPN_0337,0,1,0,0,0.618253,0.085981,0.902915,0.815301,0.393228,0.478460,0.848809,0.869468,0.814246,0.650277,0.368555,0.286510,0.820694,0.934031,0.723674,0.821921,0.407278,0.069246,0.415045,0.157941,0.202616,0.156001,0.187281,0.142528,0.099517,0.761654,0.618669,0.824255,0.886620,0.924144,0.891521,0.656971,0.894854,0.310994,0.704870,0.421020,0.223225,0.933677,0.552598,0.669006,0.182453,0.383656,0.419639,0.089770,0.277907,0.921259,0.552128,0.753967,0.431228,0.519860,0.863869,0.449602,0.559840,0.464348,0.474507,0.719453,0.617331,0.400760,0.644526,0.215234,0.949943,0.741957,0.562488,0.200842,0.851523,0.524456,0.839703,0.509475,0.776278,0.614321,0.261377,0.870201,0.082456,0.070751,0.914630,0.200448,0.393367,0.366267,0.367827,0.469032,0.250553,0.818420,0.936631,0.748416,0.105121,0.424656,0.482258,0.866087,0.589830,0.472777,0.938013,0.428023,0.558911,0.057725,0.791653,0.673369,0.766651,0.464241,0.898693,0.926288,0.569633,0.287015,0.720661,0.078895,0.130763,0.250858,0.816864,0.434544,0.500818,0.415865,0.866702,0.904863,0.179386
SYN_BIGPN_0338,1,1,1,1,0.375398,0.744686,0.229006,0.178419,0.154487,0.698244,0.720139,0.114194,0.555161,0.844645,0.880007,0.404140,0.201639,0.542456,0.198635,0.317045,0.717457,0.204283,0.841515,0.843831,0.656735,0.171648,0.562659,0.866416,0.168297,0.218199,0.929861,0.459352,0.842427,0.723201,0.214651,0.575585,0.475980,0.352853,0.517458,0.442993,0.424466,0.266594,0.311869,0.420723,0.488698,0.768689,0.260777,0.444375,0.536868,0.128702,0.913761,0.423177,0.225911,0.385878,0.273396,0.780192,0.489372,0.713361,0.921797,0.520386,0.081424,0.272274,0.790211,0.182604,0.629781,0.798321,0.430021,0.498755,0.577189,0.866578,0.198642,0.818717,0.842764,0.645434,0.151206,0.357424,0.262082,0.319560,0.263973,0.160729,0.747965,0.076178,0.135745,0.581036,0.759169,0.475065,0.550732,0.184184,0.895329,0.485229,0.768973,0.223762,0.714575,0.092367,0.360062,0.815824,0.376419,0.846616,0.581423,0.093280,0.843991,0.735180,0.776454,0.159220,0.850226,0.061424,0.527077,0.106275,0.611033,0.251072,0.643217,0.131154,0.178017,0.479733,0.343087,0.723795,0.618048
SYN_BIGPN_0339,0,1,1,0,0.220279,0.862971,0.930446,0.436749,0.911693,0.654231,0.922788,0.755596,0.774350,0.252946,0.939467,0.238567,0.939004,0.516256,0.292403,0.619060,0.657712,0.935995,0.584178,0.942240,0.111797,0.763082,0.542543,0.586433,0.899230,0.624648,0.916464,0.212148,0.639744,0.822443,0.860296,0.685513,0.745273,0.123860,0.514851,0.866144,0.855037,0.094032,0.561557,0.558520,0.895143,0.273455,0.867806,0.346657,0.642996,0.846661,0.773534,0.130498,0.509870,0.650042,0.413926,0.697548,0.063205,0.383858,0.159917,0.258034,0.575349,0.508179,0.827857,0.345567,0.679978,0.262492,0.589455,0.076560,0.421596,0.672285,0.399279,0.831524,0.847404,0.082932,0.833092,0.534078,0.085608,0.529330,0.535927,0.781282,0.817376,0.402908,0.376810,0.586203,0.800504,0.806960,0.090860,0.385859,0.318041,0.850543,0.364222,0.876890,0.412967,0.478617,0.884353,0.116633,0.313236,0.406972,0.116837,0.473605,0.723495,0.174064,0.316572,0.159796,0.490408,0.095517,0.374893,0.140420,0.302534,0.278955,0.712091,0.212491,0.074165,0.599050,0.595781,0.055815,0.066062
SYN_BIGPN_0340,0,0,0,1,0.735119,0.405624,0.505233,0.894947,0.657607,0.527225,0.703347,0.493832,0.871682,0.081588,0.721843,0.258620,0.874549,0.479413,0.697162,0.138251,0.119711,0.443422,0.608557,0.939826,0.352370,0.356393,0.860708,0.191539,0.872016,0.812970,0.600153,0.473049,0.818866,0.202494,0.225223,0.092849,0.345098,0.437478,0.084714,0.510303,0.081777,0.532938,0.090804,0.592555,0.124059,0.727337,0.348259,0.112993,0.194032,0.483184,0.545663,0.349677,0.071427,0.614018,0.900136,0.085824,0.139107,0.567053,0.781358,0.092420,0.688173,0.177878,0.229717,0.515951,0.413939,0.615379,0.789794,0.224963,0.522410,0.554069,0.712286,0.208795,0.814254,0.759872,0.807331,0.643731,0.127924,0.135279,0.446553,0.300232,0.895826,0.704892,0.127997,0.811505,0.535963,0.303006,0.154498,0.598878,0.206396,0.626697,0.146492,0.571714,0.330464,0.551205,0.137188,0.679580,0.431969,0.163482,0.416026,0.841849,0.106957,0.695308,0.069323,0.082553,0.857976,0.405397,0.391476,0.911385,0.354366,0.338978,0.940124,0.296471,0.371491,0.490229,0.665217,0.945324,0.789292
SYN_BIGPN_0341,0,1,1,0,0.570914,0.532364,0.849882,0.436093,0.905050,0.258950,0.401605,0.256727,0.594551,0.552976,0.943735,0.395599,0.135105,0.770446,0.907674,0.457893,0.339344,0.608354,0.178428,0.054242,0.751484,0.376882,0.726158,0.949746,0.216567,0.715434,0.276954,0.819126,0.547645,0.480736,0.898830,0.760491,0.054900,0.747321,0.637174,0.216917,0.396227,0.589431,0.888568,0.541086,0.306759,0.105158,0.852031,0.630246,0.223156,0.610333,0.572836,0.639083,0.457317,0.176033,0.348509,0.125076,0.788311,0.113624,0.541840,0.380603,0.120052,0.720350,0.838452,0.500366,0.491685,0.792513,0.581142,0.929467,0.714998,0.082887,0.401295,0.934556,0.778947,0.754611,0.190817,0.483338,0.749629,0.190697,0.626939,0.431739,0.266133,0.666716,0.181855,0.889168,0.507921,0.103823,0.084312,0.080549,0.378580,0.919167,0.739478,0.456586,0.159881,0.851580,0.723824,0.545188,0.621905,0.874504,0.913934,0.122384,0.288808,0.088745,0.874374,0.854779,0.641633,0.476449,0.712672,0.665869,0.498798,0.225789,0.240400,0.355901,0.169661,0.890971,0.605271,0.768555,0.477621
SYN_BIGPN_0342,1,0,1,0,0.078032,0.685012,0.394437,0.247572,0.481003,0.653517,0.700796,0.638063,0.737075,0.414594,0.300764,0.105917,0.575896,0.704920,0.526360,0.109947,0.695743,0.655144,0.794249,0.519654,0.497762,0.763519,0.548296,0.719822,0.289691,0.684744,0.584119,0.322064,0.677614,0.431918,0.315532,0.387103,0.119863,0.606341,0.653182,0.235580,0.402009,0.508960,0.364982,0.227294,0.291809,0.807951,0.624633,0.881567,0.247660,0.584731,0.495489,0.737261,0.820067,0.871319,0.886954,0.518056,0.459681,0.303318,0.422578,0.105073,0.291009,0.711122,0.824591,0.715425,0.602466,0.214167,0.514715,0.447201,0.542200,0.710027,0.223065,0.508430,0.379721,0.260677,0.609987,0.344245,0.944210,0.497304,0.784775,0.500049,0.415484,0.388689,0.290593,0.357383,0.757118,0.546933,0.701010,0.313559,0.147399,0.789187,0.131626,0.834481,0.868006,0.091129,0.356588,0.102842,0.671994,0.694849,0.239799,0.642541,0.455843,0.872142,0.223986,0.949306,0.715720,0.884172,0.202100,0.351891,0.454502,0.648652,0.337581,0.188931,0.855714,0.318274,0.631405,0.306719,0.121826
SYN_BIGPN_0343,1,0,1,1,0.603048,0.592459,0.329124,0.517942,0.134277,0.133943,0.201340,0.800207,0.433928,0.706413,0.722733,0.442183,0.864400,0.938085,0.087164,0.736886,0.843101,0.939318,0.056365,0.818335,0.907031,0.761101,0.808971,0.080407,0.215461,0.349013,0.772191,0.470486,0.523188,0.180074,0.337450,0.062034,0.687959,0.745790,0.891396,0.502925,0.437690,0.742925,0.637158,0.053758,0.413598,0.628204,0.273300,0.754170,0.524134,0.105668,0.397603,0.383768,0.760591,0.326053,0.549629,0.188874,0.686906,0.558077,0.135624,0.119548,0.102261,0.146369,0.748260,0.232427,0.331413,0.906170,0.117180,0.124739,0.720425,0.204355,0.589879,0.807163,0.580787,0.327753,0.119441,0.069674,0.913292,0.191328,0.754368,0.581780,0.427511,0.059498,0.743656,0.391004,0.535959,0.072848,0.678011,0.618292,0.124954,0.429830,0.081981,0.121302,0.841407,0.835933,0.264940,0.648127,0.239113,0.299597,0.295325,0.641750,0.823968,0.748085,0.350158,0.866004,0.126386,0.795362,0.498299,0.090663,0.501338,0.063393,0.935515,0.084653,0.441712,0.802000,0.781487,0.464221,0.377206
SYN_BIGPN_0344,1,0,0,0,0.687991,0.189210,0.165912,0.084028,0.908099,0.765452,0.896735,0.457246,0.399586,0.233420,0.644519,0.350148,0.810291,0.647084,0.213328,0.591149,0.258548,0.264164,0.158195,0.106132,0.180392,0.274023,0.539835,0.231533,0.618096,0.690417,0.409439,0.784085,0.050599,0.660099,0.229014,0.701759,0.136983,0.577888,0.185403,0.920161,0.847641,0.818963,0.138820,0.329782,0.370650,0.231900,0.641656,0.899886,0.912630,0.637778,0.844976,0.273911,0.618998,0.202077,0.688353,0.433668,0.069105,0.624256,0.517718,0.499820,0.552720,0.242442,0.614277,0.577154,0.652356,0.677626,0.345184,0.947507,0.499891,0.208339,0.703717,0.444742,0.892035,0.264886,0.434900,0.440761,0.087516,0.881653,0.709645,0.366044,0.866881,0.822524,0.930769,0.614857,0.126075,0.913401,0.516198,0.539069,0.083065,0.819064,0.433339,0.880138,0.657688,0.659958,0.490558,0.904179,0.903337,0.079972,0.605997,0.330087,0.339507,0.729713,0.622832,0.600876,0.603653,0.885286,0.069866,0.352956,0.285363,0.147793,0.116324,0.826993,0.075762,0.057264,0.724191,0.156292,0.072766
SYN_BIGPN_0345,0,0,1,1,0.194343,0.152043,0.141557,0.300413,0.937821,0.361914,0.405305,0.639972,0.188610,0.150366,0.894880,0.470988,0.424123,0.420147,0.125735,0.804102,0.557589,0.299463,0.705081,0.434954,0.195528,0.270565,0.737027,0.696449,0.484773,0.535537,0.507193,0.946534,0.340377,0.774790,0.853848,0.460591,0.725752,0.754259,0.866996,0.562189,0.433227,0.197749,0.576170,0.666356,0.597954,0.358798,0.521671,0.328794,0.100745,0.482304,0.888351,0.188720,0.943312,0.725083,0.617231,0.177269,0.817461,0.121797,0.333932,0.418990,0.165179,0.371658,0.681421,0.379990,0.219687,0.458130,0.154636,0.516208,0.441749,0.780009,0.686826,0.494105,0.240290,0.162323,0.865254,0.372170,0.254197,0.383403,0.934916,0.603816,0.223778,0.556336,0.429707,0.482304,0.105687,0.271172,0.714748,0.157960,0.251517,0.916256,0.783229,0.899870,0.486059,0.873990,0.564452,0.572237,0.469571,0.740868,0.053460,0.629414,0.468803,0.081274,0.059559,0.572224,0.776837,0.196806,0.694933,0.690047,0.718304,0.937095,0.583187,0.212058,0.548484,0.712284,0.665925,0.899301,0.348273
SYN_BIGPN_0346,0,1,0,1,0.691639,0.230770,0.436270,0.187663,0.364730,0.754730,0.299748,0.853658,0.619279,0.297326,0.322865,0.682707,0.199912,0.059103,0.855986,0.701113,0.673277,0.939747,0.297272,0.103858,0.227153,0.099020,0.110950,0.345363,0.606697,0.141864,0.689468,0.388809,0.167939,0.773437,0.053722,0.679072,0.541328,0.410901,0.602783,0.704268,0.188729,0.577625,0.179874,0.133625,0.413753,0.464871,0.268634,0.812191,0.204797,0.143899,0.541724,0.838649,0.563271,0.172978,0.146313,0.749706,0.191666,0.131781,0.322424,0.145888,0.621998,0.522135,0.613684,0.301133,0.183328,0.346978,0.472021,0.815807,0.231975,0.637363,0.471740,0.282495,0.153468,0.941993,0.865349,0.208585,0.422113,0.297874,0.232654,0.797761,0.895089,0.335677,0.105330,0.571507,0.282114,0.183841,0.526479,0.315766,0.098735,0.294174,0.711567,0.561146,0.666882,0.795949,0.693571,0.781269,0.420004,0.140012,0.141316,0.655294,0.455316,0.681298,0.325697,0.297394,0.124212,0.634323,0.435142,0.806764,0.209757,0.293961,0.671251,0.808948,0.648247,0.827571,0.605933,0.239258,0.659353
SYN_BIGPN_0347,1,1,0,0,0.654692,0.311067,0.172210,0.869997,0.611645,0.775036,0.394671,0.921223,0.518627,0.662657,0.438508,0.808677,0.247196,0.487751,0.162232,0.397599,0.179057,0.140372,0.535506,0.675184,0.947429,0.764025,0.703962,0.880155,0.923670,0.270820,0.404292,0.579743,0.532527,0.450319,0.728683,0.734235,0.697068,0.925853,0.593820,0.721740,0.759725,0.055018,0.796688,0.650062,0.877021,0.904459,0.676511,0.472908,0.419833,0.826057,0.670934,0.365280,0.122676,0.107530,0.293242,0.318935,0.529088,0.826337,0.133818,0.523505,0.340542,0.823159,0.574811,0.114783,0.760199,0.407615,0.211070,0.926574,0.429656,0.790996,0.854864,0.238943,0.093319,0.500084,0.810173,0.243758,0.062588,0.410121,0.691110,0.207494,0.277996,0.795957,0.072392,0.363819,0.946917,0.361641,0.483950,0.567574,0.154554,0.482364,0.724719,0.188193,0.107954,0.125023,0.601115,0.896793,0.220486,0.173926,0.653143,0.434628,0.540748,0.608749,0.933336,0.482879,0.123781,0.361253,0.820639,0.389640,0.475141,0.059872,0.925204,0.839946,0.870484,0.661441,0.513374,0.114191,0.177967
SYN_BIGPN_0348,1,1,0,0,0.693297,0.875204,0.793524,0.723465,0.187895,0.897102,0.117043,0.686353,0.194108,0.307338,0.185568,0.734583,0.314675,0.252806,0.175458,0.393699,0.087192,0.752116,0.721543,0.779181,0.932727,0.949614,0.329580,0.055544,0.863499,0.933634,0.349603,0.359966,0.106578,0.773703,0.238031,0.792856,0.174406,0.667821,0.565554,0.658951,0.084667,0.380021,0.593060,0.418553,0.263229,0.198776,0.596723,0.441277,0.468517,0.485803,0.357987,0.545315,0.623909,0.239040,0.313670,0.641250,0.649451,0.184241,0.241337,0.601563,0.566158,0.316874,0.911101,0.158643,0.336972,0.821202,0.940786,0.284526,0.110094,0.781246,0.061092,0.650559,0.632203,0.190951,0.281425,0.821402,0.681088,0.227630,0.910359,0.658009,0.098511,0.891822,0.742476,0.825932,0.278759,0.556066,0.589940,0.668673,0.536730,0.067563,0.259257,0.677563,0.807688,0.934852,0.800503,0.740948,0.785187,0.415918,0.660507,0.847780,0.064076,0.065063,0.644496,0.894683,0.689584,0.314680,0.167250,0.797372,0.098953,0.928715,0.260721,0.301729,0.254650,0.739530,0.825016,0.170811,0.265815
SYN_BIGPN_0349,1,1,0,0,0.614336,0.092727,0.653870,0.526808,0.483913,0.935247,0.840413,0.451359,0.894167,0.701032,0.161412,0.854622,0.419527,0.654082,0.292535,0.394315,0.372213,0.087155,0.227086,0.160585,0.866975,0.321054,0.413478,0.144526,0.622371,0.358860,0.183452,0.165029,0.251838,0.348305,0.781884,0.250761,0.413885,0.056660,0.895015,0.212443,0.550713,0.558660,0.570784,0.214713,0.852161,0.826873,0.073808,0.226036,0.673613,0.165709,0.729442,0.240388,0.616443,0.549655,0.505631,0.126613,0.756475,0.051810,0.316127,0.400926,0.424102,0.273215,0.142653,0.594990,0.320797,0.486412,0.099022,0.186357,0.646495,0.054808,0.309041,0.236939,0.411431,0.906272,0.628978,0.490517,0.435686,0.921371,0.569802,0.918968,0.947462,0.224795,0.148903,0.401183,0.304978,0.283645,0.693376,0.368942,0.799459,0.226233,0.417680,0.162043,0.853716,0.340674,0.828887,0.291170,0.629249,0.147935,0.053363,0.139315,0.442494,0.651024,0.678290,0.619743,0.605258,0.242136,0.126607,0.896749,0.679807,0.625816,0.591847,0.249099,0.866372,0.700281,0.531693,0.351866,0.364201
SYN_BIGPN_0350,0,1,1,1,0.337186,0.937806,0.871388,0.347204,0.430887,0.751941,0.787883,0.805825,0.808836,0.416201,0.148597,0.657958,0.068144,0.455359,0.116984,0.456373,0.094548,0.683798,0.899489,0.364444,0.251733,0.080919,0.844967,0.258130,0.939007,0.472575,0.537051,0.268492,0.448536,0.171976,0.388110,0.898658,0.492530,0.343113,0.153800,0.669963,0.772676,0.724618,0.293130,0.636807,0.837965,0.492266,0.740981,0.770698,0.636030,0.883188,0.694135,0.512276,0.916522,0.890701,0.656339,0.701513,0.884998,0.465663,0.863989,0.861938,0.871886,0.275810,0.875099,0.557201,0.835937,0.384647,0.356979,0.361226,0.300087,0.555280,0.511394,0.804175,0.126023,0.246514,0.894857,0.460163,0.890832,0.864034,0.946780,0.592057,0.935573,0.512518,0.704470,0.932409,0.403339,0.752746,0.641577,0.691234,0.333093,0.259349,0.564502,0.299486,0.329984,0.131249,0.708624,0.316795,0.874860,0.809484,0.691140,0.591664,0.630564,0.343363,0.859992,0.172331,0.871194,0.881800,0.290204,0.889576,0.310845,0.551260,0.360741,0.849509,0.841510,0.688924,0.105671,0.208050,0.664522
SYN_BIGPN_0351,1,1,1,0,0.709596,0.660997,0.222561,0.381711,0.142239,0.591780,0.182737,0.850108,0.256822,0.927076,0.480738,0.523559,0.635406,0.629500,0.568149,0.665951,0.370035,0.165285,0.481824,0.201468,0.314903,0.061202,0.163562,0.177784,0.785247,0.945040,0.675118,0.507612,0.943518,0.277257,0.204088,0.159726,0.130221,0.745580,0.359452,0.486544,0.759099,0.903964,0.769654,0.412632,0.134560,0.201336,0.791975,0.659474,0.413666,0.187747,0.766914,0.563132,0.637438,0.686895,0.182513,0.134978,0.157802,0.172173,0.403709,0.448114,0.222893,0.606009,0.053297,0.402321,0.807342,0.684710,0.465952,0.279120,0.724039,0.734232,0.415353,0.861128,0.262946,0.435508,0.458539,0.706791,0.801971,0.622954,0.610258,0.563001,0.658172,0.920368,0.548736,0.653052,0.765864,0.853309,0.074853,0.116846,0.813385,0.097115,0.710122,0.869467,0.901255,0.537219,0.280015,0.653592,0.883375,0.190108,0.312004,0.525803,0.848172,0.116324,0.337253,0.309658,0.761539,0.584030,0.414087,0.894212,0.443495,0.827558,0.276325,0.417286,0.349579,0.411421,0.783358,0.056889,0.895024
SYN_BIGPN_0352,1,0,1,1,0.344164,0.099017,0.225720,0.487553,0.427468,0.346928,0.419865,0.112725,0.606522,0.499399,0.747883,0.341109,0.209606,0.740446,0.346146,0.233139,0.437581,0.716531,0.323723,0.085366,0.545166,0.260294,0.694651,0.805716,0.652347,0.633155,0.301342,0.318672,0.365243,0.752650,0.380965,0.193459,0.206739,0.947182,0.905491,0.499418,0.856218,0.500499,0.114979,0.586097,0.161736,0.537557,0.294057,0.467634,0.623693,0.937702,0.669625,0.213852,0.182113,0.053256,0.179540,0.246220,0.811882,0.054430,0.575543,0.493824,0.163890,0.566080,0.410910,0.506172,0.430697,0.632823,0.919451,0.515330,0.876017,0.113222,0.558990,0.251576,0.715425,0.508617,0.793483,0.088614,0.273965,0.239969,0.547084,0.826314,0.285009,0.348553,0.821690,0.358720,0.868403,0.643719,0.121606,0.277672,0.224767,0.562066,0.346095,0.456649,0.229691,0.850951,0.645744,0.351881,0.552482,0.503630,0.784189,0.772991,0.563059,0.419783,0.130584,0.098993,0.594638,0.213659,0.903831,0.634259,0.729337,0.595669,0.440480,0.384204,0.437821,0.436513,0.827098,0.540845,0.424807
SYN_BIGPN_0353,0,1,1,0,0.602055,0.785853,0.766755,0.786772,0.304357,0.873522,0.171271,0.831921,0.593069,0.743681,0.523301,0.414917,0.801227,0.262048,0.589245,0.372542,0.306745,0.762534,0.407554,0.089601,0.366448,0.082804,0.531005,0.137752,0.082140,0.359593,0.683848,0.193713,0.740561,0.415743,0.702179,0.133897,0.225763,0.669995,0.135321,0.752122,0.917182,0.736403,0.415078,0.201626,0.125438,0.148505,0.508595,0.166403,0.917474,0.274721,0.602797,0.761664,0.637274,0.751972,0.310057,0.568619,0.458880,0.235123,0.329096,0.160009,0.896344,0.137999,0.423757,0.509435,0.486894,0.203988,0.667208,0.944150,0.065541,0.561869,0.190811,0.903537,0.386149,0.907559,0.728772,0.537772,0.830928,0.409702,0.889089,0.769356,0.497033,0.541115,0.564299,0.425834,0.520571,0.509825,0.532429,0.413928,0.090211,0.429757,0.881567,0.704411,0.148488,0.093772,0.134969,0.187421,0.668104,0.617483,0.613783,0.825223,0.740726,0.347766,0.106816,0.206779,0.393871,0.419116,0.444424,0.303487,0.153510,0.307607,0.949883,0.381084,0.764423,0.750962,0.335471,0.496287,0.919822
SYN_BIGPN_0354,0,0,1,1,0.354875,0.669208,0.835978,0.420824,0.331895,0.240395,0.327377,0.567595,0.904130,0.931258,0.644579,0.920621,0.779974,0.632721,0.179636,0.399784,0.278814,0.735075,0.452516,0.493167,0.374663,0.516836,0.340273,0.292473,0.259771,0.117686,0.822849,0.233983,0.538956,0.242881,0.070565,0.337421,0.674099,0.709432,0.935646,0.188317,0.360614,0.355418,0.782895,0.231211,0.237936,0.622557,0.948320,0.748555,0.918648,0.932433,0.548441,0.903866,0.808218,0.582850,0.565433,0.701129,0.839672,0.225265,0.864333,0.271566,0.312402,0.078162,0.350055,0.763117,0.269436,0.698259,0.105868,0.501719,0.353229,0.940775,0.129571,0.255228,0.097879,0.904811,0.635399,0.403084,0.079772,0.467271,0.903119,0.578637,0.598205,0.142065,0.908548,0.448948,0.351577,0.433717,0.294797,0.886763,0.175075,0.294514,0.559587,0.707939,0.610096,0.891374,0.863207,0.407925,0.750600,0.342325,0.737956,0.633473,0.183486,0.813087,0.474944,0.785354,0.492127,0.276319,0.279107,0.548259,0.160359,0.255191,0.515264,0.836044,0.347334,0.788762,0.058074,0.562196,0.718745
SYN_BIGPN_0355,0,0,1,0,0.768283,0.212049,0.447561,0.204380,0.861965,0.286105,0.305962,0.105022,0.681687,0.752076,0.724585,0.556749,0.124595,0.880290,0.740248,0.663914,0.388729,0.651400,0.151349,0.925447,0.235627,0.561279,0.350976,0.394699,0.178714,0.598147,0.562280,0.101994,0.177242,0.558953,0.421649,0.777241,0.062189,0.910115,0.454648,0.943531,0.298961,0.555505,0.748533,0.818222,0.499272,0.611146,0.389750,0.104320,0.067151,0.218459,0.608421,0.325961,0.070692,0.848311,0.711991,0.408732,0.330057,0.872242,0.840377,0.227076,0.923740,0.502629,0.359233,0.883828,0.573710,0.091351,0.292301,0.752642,0.571248,0.526491,0.313836,0.327544,0.179291,0.722554,0.505305,0.236333,0.871640,0.222006,0.522748,0.449532,0.206931,0.401040,0.704120,0.709952,0.147495,0.481885,0.429784,0.138374,0.051868,0.155184,0.503158,0.797624,0.232444,0.198521,0.528218,0.880158,0.606544,0.918715,0.175433,0.600534,0.060774,0.730875,0.236367,0.757708,0.539953,0.844183,0.937710,0.882638,0.461280,0.383943,0.805121,0.204720,0.442673,0.480793,0.623782,0.187116,0.835048
SYN_BIGPN_0356,1,1,0,1,0.315182,0.439602,0.551793,0.813966,0.723153,0.297628,0.192352,0.920004,0.286337,0.337279,0.292051,0.569511,0.318026,0.102329,0.109119,0.253281,0.224680,0.579268,0.148800,0.745793,0.813359,0.753298,0.693079,0.333150,0.926265,0.722355,0.164300,0.831976,0.781413,0.311723,0.853362,0.417920,0.783203,0.542969,0.368549,0.509782,0.078039,0.726271,0.229611,0.825945,0.241184,0.476105,0.361685,0.174055,0.764387,0.327084,0.211222,0.407985,0.647259,0.331857,0.582536,0.315176,0.830056,0.369853,0.795760,0.915786,0.513227,0.610724,0.217716,0.400732,0.845654,0.375711,0.242420,0.721643,0.946891,0.262893,0.429241,0.100208,0.491146,0.747515,0.066149,0.456380,0.378698,0.890418,0.451532,0.643771,0.458335,0.250686,0.307703,0.515243,0.640962,0.349602,0.794421,0.494853,0.322697,0.818227,0.357164,0.332853,0.843387,0.478337,0.442322,0.146071,0.073056,0.121023,0.268308,0.426219,0.652158,0.414889,0.572450,0.226030,0.534959,0.949354,0.361224,0.490416,0.917651,0.727053,0.285340,0.387311,0.277477,0.849597,0.557262,0.597720,0.738653
SYN_BIGPN_0357,1,1,1,1,0.591072,0.123458,0.187739,0.748999,0.783110,0.664002,0.660935,0.493730,0.072310,0.447683,0.554504,0.566945,0.051744,0.778043,0.940665,0.650982,0.569740,0.605995,0.315999,0.352793,0.604692,0.898539,0.117155,0.704936,0.605049,0.294193,0.647499,0.302079,0.095403,0.286354,0.672776,0.800915,0.295600,0.918010,0.070315,0.182200,0.801107,0.897274,0.736125,0.765027,0.395793,0.344130,0.397253,0.222742,0.416862,0.691285,0.057745,0.092652,0.099747,0.917313,0.754600,0.256682,0.182576,0.204273,0.155874,0.561877,0.802162,0.878694,0.255346,0.596729,0.744853,0.384225,0.349361,0.946369,0.808708,0.694814,0.630995,0.498921,0.829017,0.678070,0.924820,0.582725,0.826326,0.435532,0.530789,0.630128,0.737745,0.472964,0.696322,0.796344,0.051679,0.763632,0.407495,0.264235,0.341621,0.787954,0.895500,0.761302,0.500993,0.355238,0.164480,0.902604,0.379459,0.857717,0.874269,0.899067,0.849026,0.943445,0.922735,0.231188,0.427514,0.237140,0.855417,0.244730,0.873700,0.400462,0.889556,0.458839,0.286103,0.885091,0.707060,0.841838,0.690027
SYN_BIGPN_0358,0,1,0,0,0.271019,0.820761,0.639336,0.859021,0.780513,0.474273,0.894985,0.595395,0.276110,0.279098,0.573345,0.323914,0.290322,0.741982,0.928092,0.903767,0.525247,0.237118,0.910674,0.270165,0.196732,0.490389,0.109552,0.509275,0.531612,0.392754,0.188294,0.274984,0.441672,0.431485,0.401600,0.117309,0.490731,0.486562,0.077651,0.261530,0.886620,0.451966,0.448878,0.727889,0.075977,0.688553,0.852390,0.092366,0.530559,0.865968,0.337338,0.134990,0.690480,0.516077,0.249929,0.465287,0.258397,0.187725,0.940876,0.232518,0.706032,0.673523,0.194945,0.408214,0.702857,0.796966,0.308888,0.412326,0.632882,0.849434,0.319851,0.552541,0.698689,0.260142,0.678558,0.410847,0.888071,0.643929,0.241866,0.175971,0.281662,0.677987,0.813144,0.339593,0.875297,0.624934,0.228834,0.223551,0.120940,0.181686,0.361671,0.852580,0.880091,0.192709,0.363387,0.152579,0.800362,0.614440,0.859204,0.159721,0.176668,0.115059,0.115547,0.592330,0.705753,0.305382,0.878583,0.910182,0.753732,0.098744,0.285309,0.920471,0.423796,0.508660,0.585252,0.702714,0.272123
SYN_BIGPN_0359,1,1,0,1,0.079260,0.397177,0.635861,0.610375,0.565411,0.422673,0.468567,0.325389,0.288608,0.695547,0.333396,0.777225,0.383248,0.688416,0.348220,0.537642,0.678631,0.327837,0.492064,0.924869,0.256778,0.343561,0.575992,0.917364,0.361088,0.673877,0.660005,0.936607,0.203672,0.946169,0.569471,0.833607,0.104042,0.323393,0.821674,0.719633,0.353702,0.415177,0.805672,0.516096,0.350444,0.593285,0.124031,0.220528,0.463922,0.666636,0.470046,0.513769,0.447645,0.302510,0.119751,0.879086,0.642953,0.121545,0.431656,0.327573,0.119148,0.620888,0.540806,0.351992,0.573732,0.841761,0.525676,0.105393,0.425545,0.901759,0.175092,0.362634,0.510027,0.473322,0.629758,0.886467,0.387239,0.440784,0.401503,0.711425,0.888969,0.193765,0.714614,0.810313,0.057192,0.723374,0.166845,0.491811,0.528845,0.601875,0.576094,0.851334,0.604914,0.177976,0.067287,0.193243,0.931238,0.595030,0.174401,0.436159,0.358536,0.837855,0.775042,0.511213,0.875927,0.546604,0.219677,0.426892,0.177638,0.485384,0.093828,0.521921,0.308223,0.121179,0.193173,0.367719,0.715724
SYN_BIGPN_0360,0,1,1,1,0.293370,0.298503,0.407018,0.750526,0.447497,0.201983,0.678940,0.476813,0.904108,0.219496,0.571083,0.674353,0.395940,0.940390,0.546369,0.128749,0.437153,0.079003,0.073322,0.722774,0.588283,0.548199,0.537835,0.372034,0.785132,0.222483,0.328460,0.596262,0.751651,0.856416,0.052432,0.235218,0.825408,0.603973,0.762686,0.897857,0.530183,0.301851,0.340810,0.763693,0.069486,0.879794,0.737061,0.167790,0.563997,0.303718,0.582711,0.820933,0.242340,0.577842,0.734854,0.504855,0.900473,0.247819,0.884961,0.354768,0.587373,0.219125,0.329606,0.774373,0.702197,0.084717,0.683395,0.468751,0.539003,0.714845,0.479082,0.439837,0.942644,0.301760,0.639112,0.738439,0.298748,0.697275,0.499253,0.551799,0.196364,0.773808,0.063015,0.139461,0.476028,0.708690,0.916383,0.288584,0.782921,0.501080,0.521615,0.884672,0.947383,0.504984,0.091647,0.135048,0.349819,0.056135,0.075955,0.869031,0.535447,0.668641,0.154268,0.830707,0.169599,0.336471,0.294750,0.326743,0.298847,0.126001,0.595745,0.481192,0.630091,0.896758,0.755370,0.844318,0.876931
SYN_BIGPN_0361,1,1,0,1,0.907909,0.850562,0.939678,0.819424,0.102228,0.443522,0.246911,0.463285,0.826908,0.907316,0.091960,0.688311,0.115140,0.885772,0.904938,0.811636,0.535810,0.149081,0.358606,0.681198,0.832343,0.863825,0.869741,0.482707,0.109513,0.340967,0.525120,0.911018,0.820183,0.438821,0.122870,0.327538,0.628590,0.087956,0.795384,0.143099,0.769480,0.206684,0.232885,0.914971,0.550168,0.507910,0.439000,0.751303,0.648799,0.555496,0.479620,0.598333,0.799116,0.168215,0.461215,0.830944,0.291157,0.063294,0.714294,0.160278,0.722092,0.899962,0.859537,0.233100,0.798560,0.281065,0.359621,0.564694,0.611406,0.757984,0.205435,0.221187,0.882789,0.494742,0.823149,0.655925,0.732325,0.299825,0.596989,0.137170,0.638736,0.200022,0.511365,0.931184,0.453919,0.353366,0.071661,0.307854,0.106304,0.944253,0.643148,0.639369,0.671767,0.701022,0.360054,0.491506,0.367209,0.172031,0.509209,0.778528,0.517086,0.514072,0.265580,0.394038,0.377007,0.214735,0.563519,0.432694,0.098403,0.238061,0.255875,0.767088,0.489488,0.096095,0.609129,0.823408,0.104395
SYN_BIGPN_0362,0,0,0,1,0.489646,0.718031,0.558152,0.880275,0.250836,0.177101,0.785398,0.885180,0.266492,0.434335,0.648401,0.483734,0.829339,0.861230,0.342907,0.531990,0.208261,0.432172,0.421893,0.182665,0.297252,0.241962,0.053399,0.720647,0.568179,0.892682,0.373405,0.383367,0.641804,0.101973,0.165586,0.810734,0.164406,0.214325,0.765639,0.916588,0.405117,0.191838,0.900818,0.506647,0.852960,0.091965,0.108009,0.901769,0.695396,0.532533,0.092525,0.225906,0.520396,0.384376,0.447420,0.859630,0.753355,0.259911,0.774888,0.105759,0.494428,0.342789,0.631379,0.111006,0.711777,0.178691,0.842255,0.714099,0.270412,0.886926,0.748943,0.108576,0.155495,0.814233,0.577139,0.590122,0.173646,0.710092,0.488955,0.814791,0.709099,0.362579,0.133417,0.517146,0.327577,0.254611,0.387049,0.207473,0.818067,0.176345,0.764942,0.335696,0.854312,0.355285,0.500459,0.381523,0.875202,0.270781,0.289794,0.725267,0.349328,0.841573,0.815293,0.584540,0.415814,0.368755,0.898341,0.391497,0.788327,0.382120,0.345198,0.345666,0.055215,0.347816,0.229946,0.766747,0.800452
SYN_BIGPN_0363,1,0,1,1,0.460904,0.342274,0.339770,0.765545,0.451319,0.331262,0.719436,0.864152,0.774415,0.443290,0.178058,0.279920,0.601900,0.863567,0.607762,0.582083,0.564396,0.540588,0.317527,0.678111,0.447489,0.407074,0.061025,0.710358,0.918063,0.314960,0.438003,0.418304,0.917363,0.194068,0.864484,0.748062,0.152293,0.754457,0.729373,0.471365,0.935503,0.331529,0.231294,0.834907,0.915525,0.946848,0.682838,0.463603,0.102718,0.884724,0.874697,0.631291,0.655313,0.595799,0.884153,0.611999,0.535114,0.158563,0.292881,0.719752,0.924203,0.403881,0.197416,0.719197,0.362698,0.435168,0.398338,0.681723,0.450696,0.647148,0.552483,0.438394,0.516963,0.745012,0.206995,0.419596,0.656204,0.197913,0.387362,0.914223,0.461788,0.769719,0.650195,0.814494,0.705288,0.186722,0.079699,0.435066,0.624747,0.642910,0.521756,0.211815,0.836692,0.193816,0.414384,0.757145,0.736109,0.637351,0.099058,0.393253,0.352164,0.079107,0.301902,0.281005,0.252032,0.093245,0.717426,0.594861,0.548125,0.384877,0.403425,0.920965,0.563643,0.630118,0.804531,0.409117,0.752533
SYN_BIGPN_0364,0,1,1,0,0.548789,0.224496,0.534239,0.753009,0.815823,0.202748,0.831143,0.828683,0.755162,0.588091,0.055508,0.214328,0.744811,0.617899,0.941506,0.820268,0.543272,0.083309,0.228732,0.927565,0.783549,0.176913,0.169092,0.592352,0.684420,0.522838,0.564563,0.929520,0.362893,0.061427,0.090232,0.607464,0.336693,0.735337,0.415535,0.312951,0.336830,0.665194,0.490349,0.243628,0.902185,0.362545,0.135790,0.905685,0.243962,0.538527,0.318194,0.070036,0.641265,0.451829,0.880521,0.453861,0.752075,0.610024,0.210295,0.296217,0.601648,0.801085,0.487501,0.495936,0.571720,0.681949,0.353660,0.924064,0.127901,0.488388,0.526294,0.194599,0.361000,0.284565,0.818362,0.878702,0.535691,0.331733,0.510684,0.533283,0.811952,0.281506,0.846484,0.134532,0.120863,0.315032,0.228528,0.664561,0.272302,0.220874,0.440924,0.699159,0.565549,0.074700,0.428431,0.145274,0.134914,0.410571,0.209263,0.877716,0.186639,0.226683,0.928445,0.566335,0.394372,0.939290,0.905310,0.578509,0.388285,0.889773,0.148096,0.642573,0.205237,0.563739,0.219676,0.245209,0.684431
SYN_BIGPN_0365,0,0,0,0,0.692280,0.509392,0.422340,0.843262,0.773462,0.863171,0.881095,0.931168,0.744182,0.566842,0.234531,0.358300,0.598276,0.739604,0.312954,0.107746,0.437934,0.881913,0.084990,0.114041,0.713160,0.619163,0.921497,0.457626,0.340158,0.586837,0.656964,0.208320,0.542172,0.647744,0.306894,0.643529,0.255437,0.116416,0.587234,0.924101,0.476615,0.191017,0.508323,0.735766,0.421771,0.395357,0.564463,0.358603,0.259980,0.416625,0.624302,0.205711,0.676339,0.849971,0.514442,0.646073,0.226271,0.358628,0.701451,0.171478,0.450285,0.593453,0.508820,0.196101,0.053407,0.946374,0.731686,0.422037,0.541222,0.333937,0.371424,0.506669,0.353435,0.579204,0.429598,0.669316,0.861517,0.374430,0.762116,0.457985,0.219941,0.427254,0.726799,0.100850,0.651156,0.554985,0.417169,0.415621,0.104503,0.545009,0.597627,0.414507,0.368373,0.201052,0.553184,0.135958,0.710958,0.881554,0.669182,0.375858,0.486641,0.090023,0.524957,0.846079,0.133362,0.839614,0.666176,0.120811,0.892729,0.650971,0.377190,0.925228,0.137106,0.583762,0.414591,0.821658,0.187493
SYN_BIGPN_0366,1,0,1,0,0.334267,0.590201,0.735960,0.724007,0.529619,0.223527,0.392531,0.426283,0.170759,0.076992,0.212088,0.948047,0.196903,0.760624,0.756610,0.234021,0.103040,0.247342,0.388337,0.085076,0.888871,0.753716,0.256595,0.830744,0.840087,0.426426,0.099991,0.398599,0.344403,0.922908,0.379579,0.839719,0.612826,0.783852,0.129798,0.870949,0.187412,0.636459,0.537765,0.710983,0.332621,0.595206,0.767118,0.277564,0.709916,0.289879,0.875532,0.056431,0.695440,0.350844,0.170465,0.589896,0.712327,0.425225,0.468452,0.501907,0.308953,0.131747,0.920911,0.230063,0.057788,0.764441,0.430504,0.715331,0.358808,0.325134,0.129261,0.096509,0.722559,0.429466,0.815732,0.558952,0.263272,0.922920,0.435248,0.620446,0.417250,0.781500,0.063891,0.562194,0.665604,0.757211,0.301314,0.581778,0.873207,0.463407,0.646909,0.296798,0.314670,0.698624,0.817408,0.117546,0.095998,0.569832,0.259344,0.385739,0.844873,0.900471,0.450945,0.334448,0.781262,0.061263,0.720294,0.585059,0.137760,0.839677,0.533314,0.091622,0.570896,0.416202,0.923495,0.812243,0.531686
SYN_BIGPN_0367,1,0,0,0,0.703634,0.086296,0.479473,0.191408,0.937296,0.555827,0.388010,0.202116,0.475449,0.291176,0.478276,0.790210,0.621884,0.881648,0.425415,0.616823,0.143356,0.936645,0.789965,0.138132,0.886813,0.767858,0.650436,0.116438,0.347572,0.101926,0.362708,0.296031,0.472067,0.836950,0.348893,0.486866,0.688859,0.832956,0.792600,0.919879,0.132187,0.218818,0.335047,0.614984,0.551211,0.620994,0.856771,0.750512,0.638798,0.253881,0.246167,0.816862,0.545955,0.589620,0.435591,0.310823,0.447262,0.491295,0.556899,0.731414,0.890216,0.567103,0.382810,0.545026,0.315543,0.674492,0.445333,0.064014,0.656672,0.365273,0.502941,0.424235,0.850061,0.717972,0.928774,0.509660,0.903436,0.352572,0.900910,0.701151,0.374021,0.807347,0.198199,0.075045,0.653764,0.790806,0.246336,0.244491,0.091832,0.935116,0.230271,0.523156,0.639221,0.640147,0.331665,0.260335,0.703026,0.777722,0.864885,0.310123,0.060456,0.723236,0.627989,0.354871,0.061832,0.183229,0.836449,0.154217,0.770564,0.559765,0.388504,0.478785,0.302990,0.199321,0.800460,0.799749,0.237271
SYN_BIGPN_0368,0,1,0,0,0.508292,0.183157,0.488616,0.368566,0.900958,0.178955,0.934553,0.432490,0.504124,0.914441,0.169805,0.450833,0.519106,0.744250,0.897563,0.817171,0.944413,0.788690,0.558096,0.933170,0.838098,0.422850,0.151640,0.754615,0.359658,0.863254,0.450302,0.070252,0.561465,0.679679,0.434076,0.797124,0.062508,0.156603,0.626906,0.809555,0.254097,0.764361,0.521101,0.923049,0.898029,0.414946,0.900728,0.495594,0.681045,0.889506,0.053477,0.295507,0.677649,0.523609,0.939590,0.649673,0.267791,0.823586,0.924891,0.778193,0.252105,0.868397,0.536170,0.450759,0.525724,0.494381,0.261472,0.867760,0.339064,0.500178,0.118948,0.332560,0.711401,0.678771,0.518456,0.602378,0.097303,0.600321,0.112841,0.621317,0.947145,0.601131,0.196270,0.767596,0.325304,0.786486,0.213445,0.662789,0.491829,0.282480,0.382046,0.095546,0.536270,0.187455,0.108163,0.614158,0.300864,0.186225,0.306458,0.882933,0.220796,0.379766,0.162228,0.419754,0.334667,0.332920,0.789955,0.305563,0.921857,0.389559,0.467131,0.578730,0.931691,0.453637,0.353047,0.501503,0.230686
SYN_BIGPN_0369,0,0,1,1,0.920769,0.127081,0.356982,0.815500,0.929492,0.124190,0.768336,0.086205,0.282173,0.394621,0.055413,0.896892,0.569341,0.332784,0.588842,0.448210,0.458386,0.053625,0.364697,0.104612,0.068274,0.352002,0.669743,0.595277,0.935471,0.411185,0.216916,0.505427,0.722218,0.869392,0.931282,0.100448,0.556202,0.385364,0.115833,0.324632,0.126199,0.178765,0.681401,0.656107,0.486710,0.704238,0.127471,0.878089,0.890949,0.119059,0.442330,0.541076,0.271971,0.605831,0.932409,0.487123,0.826261,0.132463,0.660192,0.352402,0.795859,0.894701,0.473750,0.261792,0.607371,0.269892,0.268190,0.830356,0.678666,0.216039,0.267675,0.705736,0.276768,0.470236,0.872832,0.767670,0.251232,0.749710,0.506053,0.518134,0.892938,0.389355,0.821544,0.714389,0.628011,0.383361,0.783569,0.268064,0.226089,0.823792,0.229284,0.286486,0.160515,0.456342,0.221247,0.758957,0.660512,0.810577,0.635500,0.102490,0.933812,0.221491,0.453200,0.056170,0.494319,0.096837,0.458517,0.778523,0.471289,0.271739,0.840183,0.213535,0.758084,0.332623,0.453071,0.297800,0.808476
SYN_BIGPN_0370,0,1,0,1,0.756922,0.419173,0.187218,0.083806,0.274296,0.631104,0.414107,0.368138,0.158900,0.220272,0.568038,0.187506,0.868409,0.637210,0.703069,0.851954,0.677397,0.139322,0.240717,0.772406,0.698544,0.073851,0.904154,0.943233,0.599476,0.862593,0.369650,0.721484,0.288063,0.310460,0.285215,0.761686,0.430159,0.076845,0.300168,0.129281,0.465641,0.898406,0.617622,0.841693,0.240662,0.886168,0.615495,0.162946,0.334367,0.332577,0.259160,0.399425,0.120730,0.330448,0.781288,0.528688,0.329173,0.455119,0.194277,0.897210,0.835084,0.766471,0.548642,0.600726,0.244316,0.470192,0.709225,0.365341,0.221776,0.336222,0.265682,0.652703,0.925643,0.795187,0.157714,0.711468,0.710362,0.593980,0.584148,0.284801,0.555772,0.464484,0.466819,0.292061,0.474257,0.160702,0.399621,0.583545,0.318914,0.230723,0.280859,0.572336,0.930647,0.220419,0.752453,0.796685,0.606378,0.550007,0.262133,0.390817,0.221238,0.517937,0.530264,0.879094,0.687115,0.684094,0.392005,0.821079,0.897200,0.567815,0.129710,0.283632,0.352961,0.796288,0.707950,0.313334,0.305004
SYN_BIGPN_0371,0,1,1,0,0.155150,0.124960,0.091238,0.543563,0.534443,0.699517,0.396060,0.137413,0.447456,0.533742,0.351915,0.817090,0.587880,0.582051,0.147904,0.874755,0.116276,0.677785,0.156155,0.828335,0.731206,0.421627,0.593302,0.899198,0.113307,0.688926,0.514368,0.605631,0.746843,0.259402,0.256816,0.928174,0.200442,0.072469,0.172225,0.621599,0.714738,0.419252,0.546305,0.266597,0.262733,0.720757,0.765776,0.810166,0.212000,0.064999,0.252596,0.870206,0.869660,0.431669,0.841682,0.113754,0.657063,0.856196,0.744758,0.393056,0.198452,0.881510,0.414524,0.099250,0.129622,0.645800,0.858876,0.812953,0.548509,0.626608,0.446776,0.870542,0.808171,0.420673,0.113593,0.947130,0.744727,0.526210,0.162488,0.822075,0.631672,0.947448,0.196860,0.572285,0.508287,0.296607,0.109172,0.305338,0.936501,0.901691,0.078530,0.808059,0.693377,0.561245,0.204589,0.193451,0.157884,0.093295,0.205211,0.102790,0.463457,0.321579,0.681612,0.217027,0.845439,0.700605,0.165459,0.789125,0.365642,0.106625,0.358758,0.879642,0.280737,0.936867,0.089602,0.870997,0.204206
SYN_BIGPN_0372,0,0,1,0,0.280590,0.536357,0.770862,0.825775,0.377129,0.060791,0.883615,0.275106,0.173477,0.341938,0.927126,0.244653,0.680873,0.580618,0.231385,0.225616,0.683504,0.078372,0.836872,0.798918,0.326558,0.287744,0.456131,0.486913,0.713491,0.783044,0.057102,0.282031,0.646571,0.575322,0.156065,0.797795,0.551587,0.416719,0.690667,0.752822,0.240299,0.782815,0.226934,0.095095,0.226088,0.074625,0.749101,0.212146,0.274495,0.160592,0.555245,0.284212,0.789766,0.103294,0.274416,0.148842,0.271635,0.657783,0.279009,0.662545,0.699279,0.839261,0.382644,0.525120,0.422490,0.198195,0.654255,0.615952,0.686992,0.315734,0.413229,0.886703,0.365489,0.656301,0.331882,0.132232,0.937251,0.893327,0.164881,0.928048,0.059672,0.162578,0.628688,0.725180,0.637325,0.791580,0.606345,0.136162,0.726006,0.675024,0.329666,0.811823,0.319481,0.393505,0.179701,0.374186,0.412232,0.138192,0.831218,0.694676,0.786872,0.369906,0.816130,0.164573,0.065318,0.355413,0.910657,0.839480,0.570184,0.173021,0.231987,0.137351,0.600089,0.257814,0.790368,0.539379,0.739865
SYN_BIGPN_0373,0,0,1,1,0.217198,0.262543,0.168957,0.590347,0.634734,0.291926,0.201911,0.327440,0.568278,0.130744,0.086700,0.080252,0.784752,0.234505,0.207261,0.397451,0.441346,0.891857,0.908916,0.660933,0.525509,0.479626,0.289140,0.890975,0.629750,0.370896,0.118083,0.648502,0.143988,0.860205,0.705692,0.452323,0.206147,0.781714,0.171114,0.510256,0.379490,0.421106,0.065251,0.469410,0.821467,0.672490,0.715235,0.316483,0.776661,0.751493,0.305950,0.575581,0.864099,0.053743,0.360085,0.619134,0.510070,0.788590,0.692601,0.068397,0.200039,0.405051,0.912933,0.500370,0.738392,0.224648,0.538833,0.122623,0.217784,0.372835,0.680677,0.126557,0.223606,0.684940,0.298227,0.503020,0.642776,0.884244,0.673788,0.227125,0.157122,0.054163,0.594022,0.598683,0.551743,0.482628,0.249930,0.474348,0.532438,0.372634,0.935885,0.200906,0.260501,0.364553,0.817613,0.328121,0.343766,0.602157,0.271094,0.892435,0.054362,0.100078,0.204024,0.212258,0.252812,0.635178,0.628836,0.903088,0.462087,0.773494,0.906640,0.110935,0.941840,0.599774,0.539880,0.333259,0.495561
SYN_BIGPN_0374,1,0,0,1,0.156578,0.175889,0.691119,0.404537,0.198324,0.927762,0.496315,0.875870,0.242346,0.408877,0.829964,0.295765,0.948768,0.746135,0.582952,0.394881,0.852687,0.400483,0.187114,0.827203,0.208404,0.636373,0.114911,0.698835,0.831918,0.707208,0.518612,0.183992,0.787931,0.853233,0.948043,0.879341,0.145554,0.310184,0.538968,0.526164,0.836774,0.860465,0.786139,0.610082,0.290782,0.150108,0.193966,0.128561,0.790894,0.831674,0.821996,0.718675,0.288028,0.205602,0.774554,0.897959,0.889231,0.476617,0.605278,0.605710,0.786547,0.743654,0.451158,0.206251,0.349878,0.872482,0.234767,0.093720,0.494021,0.876287,0.926253,0.807226,0.745245,0.377953,0.375071,0.591193,0.310822,0.562735,0.624397,0.612540,0.616694,0.148715,0.653637,0.179178,0.852669,0.495543,0.669797,0.538829,0.784425,0.426936,0.484250,0.321494,0.535671,0.769962,0.092803,0.418184,0.481478,0.847200,0.312209,0.289752,0.206231,0.740984,0.504390,0.519452,0.440776,0.327275,0.195850,0.311329,0.719102,0.200866,0.761903,0.701631,0.444013,0.393181,0.607141,0.573643,0.334146
SYN_BIGPN_0375,0,0,1,0,0.231917,0.852790,0.489511,0.916642,0.203428,0.712898,0.463157,0.122473,0.155152,0.727160,0.252092,0.296966,0.131734,0.105010,0.570055,0.382258,0.645114,0.827980,0.155840,0.415632,0.895736,0.643826,0.444542,0.292356,0.469219,0.653371,0.142928,0.873102,0.540913,0.156951,0.508682,0.312281,0.050272,0.518425,0.115700,0.237414,0.326664,0.336797,0.853151,0.236527,0.373395,0.115374,0.546462,0.225147,0.645072,0.663591,0.946417,0.852584,0.574074,0.377351,0.757870,0.098374,0.475997,0.531645,0.107378,0.829664,0.355286,0.738168,0.537088,0.767532,0.235665,0.511084,0.625559,0.615151,0.389992,0.591266,0.680260,0.640583,0.081976,0.177743,0.884310,0.616117,0.583498,0.418369,0.522600,0.545124,0.750359,0.623531,0.584849,0.288367,0.841347,0.137090,0.795207,0.057813,0.931024,0.313761,0.670809,0.555273,0.713199,0.713201,0.401372,0.451423,0.278249,0.661586,0.277814,0.574335,0.427013,0.859089,0.332859,0.512465,0.055360,0.104599,0.324790,0.094378,0.368171,0.084941,0.619513,0.756609,0.108803,0.828910,0.277149,0.827417,0.607966
SYN_BIGPN_0376,0,1,1,1,0.357062,0.944082,0.865209,0.829261,0.466978,0.441757,0.882152,0.532228,0.682655,0.077692,0.285049,0.429404,0.753065,0.306935,0.353695,0.868285,0.658034,0.595160,0.360424,0.705175,0.513803,0.224259,0.579026,0.746151,0.517041,0.732098,0.359758,0.918163,0.239263,0.052698,0.703261,0.130584,0.912889,0.764445,0.758273,0.934095,0.585705,0.642980,0.276335,0.281096,0.824153,0.572181,0.204030,0.696128,0.080548,0.136805,0.779177,0.214935,0.375070,0.365818,0.865775,0.864934,0.637374,0.842015,0.769672,0.055598,0.845109,0.124352,0.462675,0.528753,0.367251,0.628954,0.384276,0.690996,0.939774,0.615472,0.081943,0.408304,0.851198,0.494534,0.547200,0.531867,0.308268,0.669504,0.944904,0.239257,0.403828,0.060000,0.784494,0.315575,0.171165,0.685202,0.835614,0.876783,0.929860,0.252950,0.493277,0.072126,0.754090,0.687677,0.811935,0.175671,0.868724,0.681904,0.229658,0.810762,0.306249,0.709782,0.211302,0.294913,0.339360,0.782968,0.246666,0.336122,0.804853,0.450590,0.316119,0.507838,0.931248,0.808841,0.123857,0.444079,0.599766
SYN_BIGPN_0377,0,0,1,0,0.775869,0.498052,0.358679,0.886227,0.791394,0.870103,0.300530,0.074981,0.694582,0.862804,0.835970,0.224870,0.500034,0.511344,0.704785,0.261702,0.536446,0.802709,0.243769,0.457075,0.631734,0.472656,0.103604,0.387622,0.857850,0.372691,0.162785,0.896614,0.097142,0.798830,0.289607,0.470000,0.772421,0.354982,0.547654,0.335225,0.078118,0.737003,0.511266,0.907976,0.670704,0.370937,0.492139,0.870037,0.281331,0.456963,0.279395,0.280197,0.784526,0.301361,0.906666,0.784457,0.462325,0.696761,0.441385,0.091883,0.607111,0.893692,0.425336,0.354869,0.192645,0.477584,0.306192,0.331554,0.707600,0.069165,0.384159,0.222877,0.676859,0.611204,0.798411,0.530652,0.188239,0.430142,0.151407,0.345773,0.101792,0.811678,0.896563,0.207886,0.222622,0.887064,0.430544,0.252657,0.206519,0.815507,0.695257,0.112838,0.335422,0.377868,0.305054,0.929636,0.817293,0.238649,0.194153,0.611477,0.639590,0.354654,0.277489,0.543091,0.175251,0.335930,0.054945,0.641202,0.291905,0.258891,0.807394,0.393452,0.727114,0.791671,0.320138,0.483160,0.207432
SYN_BIGPN_0378,0,0,0,1,0.516140,0.301025,0.076318,0.683014,0.869740,0.655075,0.577105,0.764134,0.519982,0.789707,0.374147,0.313933,0.564250,0.545436,0.866555,0.149184,0.756803,0.584269,0.854448,0.529389,0.129049,0.053089,0.338783,0.120386,0.835260,0.098298,0.326267,0.119554,0.851991,0.772545,0.630019,0.940138,0.496806,0.923236,0.073651,0.488181,0.358200,0.784898,0.140700,0.083739,0.640211,0.595176,0.113939,0.521120,0.908965,0.538597,0.159668,0.678123,0.468819,0.348096,0.721117,0.916775,0.349740,0.105071,0.663102,0.883087,0.122814,0.378696,0.644676,0.546305,0.591668,0.654611,0.067100,0.352120,0.609391,0.636846,0.945246,0.652790,0.744972,0.221423,0.138678,0.445151,0.082555,0.419662,0.192733,0.533280,0.416772,0.729768,0.421060,0.188710,0.783753,0.668148,0.741228,0.274461,0.378793,0.175718,0.065076,0.530978,0.599510,0.576123,0.644748,0.544307,0.443672,0.058685,0.202071,0.866784,0.362635,0.183639,0.642155,0.286202,0.166313,0.623666,0.340718,0.534754,0.628950,0.873978,0.388159,0.847301,0.115364,0.243862,0.910323,0.712111,0.651916
SYN_BIGPN_0379,0,1,0,0,0.517813,0.629073,0.677080,0.663188,0.922302,0.479233,0.620868,0.734686,0.272007,0.213035,0.679291,0.471992,0.898133,0.094968,0.238282,0.389014,0.538170,0.189090,0.595237,0.757770,0.560954,0.233948,0.161150,0.361417,0.670221,0.631120,0.145310,0.618225,0.601048,0.875425,0.633176,0.623330,0.383054,0.545446,0.152830,0.614129,0.650589,0.233045,0.187227,0.750543,0.555493,0.859142,0.289294,0.456147,0.132226,0.534041,0.058788,0.699966,0.438032,0.742950,0.942989,0.532274,0.135150,0.715477,0.408862,0.313650,0.183495,0.584306,0.423403,0.612565,0.182717,0.857063,0.726991,0.161726,0.762683,0.791813,0.451668,0.602210,0.380709,0.588755,0.860359,0.897844,0.820798,0.301032,0.147787,0.435453,0.290214,0.937597,0.742349,0.436856,0.433791,0.112606,0.366365,0.712808,0.339473,0.536441,0.129251,0.319930,0.944682,0.130846,0.084768,0.135342,0.309076,0.635782,0.927111,0.426395,0.470678,0.260678,0.741834,0.332064,0.305992,0.238609,0.119355,0.667418,0.169470,0.403653,0.145875,0.413750,0.818780,0.843292,0.561560,0.288172,0.247106
SYN_BIGPN_0380,1,0,0,1,0.367360,0.318698,0.709011,0.115604,0.157408,0.052615,0.805209,0.737560,0.129904,0.317387,0.264089,0.581174,0.111979,0.367963,0.645955,0.886880,0.150423,0.270738,0.774378,0.415384,0.372176,0.098196,0.249771,0.296850,0.337692,0.531751,0.187538,0.780973,0.625290,0.607291,0.850416,0.433019,0.305146,0.672719,0.843492,0.936884,0.539478,0.838291,0.890748,0.295498,0.874754,0.602145,0.488451,0.418141,0.524206,0.309090,0.445612,0.907244,0.480911,0.250838,0.529051,0.884966,0.097941,0.773462,0.414892,0.384635,0.690011,0.861971,0.844846,0.762276,0.872561,0.097647,0.555885,0.572999,0.933505,0.289117,0.204080,0.893977,0.676147,0.585112,0.279470,0.554372,0.377283,0.926711,0.843294,0.210363,0.857312,0.435427,0.091290,0.519810,0.186278,0.475968,0.881971,0.717395,0.689871,0.684167,0.109974,0.218777,0.712786,0.572396,0.215537,0.538331,0.892790,0.568015,0.537824,0.128453,0.244519,0.079855,0.105786,0.531279,0.674223,0.558021,0.346090,0.892786,0.932709,0.105531,0.929833,0.633605,0.253020,0.699186,0.551957,0.791685,0.536008
SYN_BIGPN_0381,1,1,0,1,0.676782,0.591888,0.490968,0.079177,0.752549,0.600734,0.635491,0.604602,0.126457,0.858754,0.071172,0.771814,0.717749,0.539742,0.484547,0.435887,0.780502,0.932658,0.534617,0.309506,0.425128,0.792109,0.573394,0.102089,0.379142,0.657916,0.153127,0.737915,0.444346,0.213236,0.861667,0.906322,0.749485,0.087963,0.674108,0.608211,0.384227,0.327138,0.159368,0.892250,0.510312,0.790642,0.683213,0.544833,0.292641,0.574005,0.434262,0.290722,0.508335,0.626716,0.248334,0.163449,0.053778,0.763090,0.088836,0.502168,0.381667,0.196083,0.057336,0.223918,0.230416,0.837686,0.565212,0.309277,0.827689,0.389277,0.141934,0.591694,0.644499,0.728824,0.589893,0.748497,0.227242,0.183938,0.352157,0.617916,0.130284,0.186770,0.426548,0.417128,0.119287,0.104118,0.159659,0.445553,0.676012,0.607536,0.358044,0.294946,0.814612,0.340686,0.177566,0.144231,0.669941,0.188808,0.268086,0.781473,0.936636,0.629815,0.331580,0.594898,0.297021,0.141039,0.246618,0.526351,0.370339,0.278077,0.075289,0.187054,0.838141,0.394121,0.314318,0.571450,0.497961
SYN_BIGPN_0382,1,1,1,1,0.388894,0.830288,0.657828,0.824356,0.783175,0.561322,0.685052,0.704509,0.641033,0.300948,0.812804,0.141101,0.881382,0.736238,0.130709,0.208828,0.802125,0.493720,0.519494,0.891548,0.109256,0.877377,0.719692,0.476952,0.895849,0.284321,0.170480,0.613722,0.705926,0.662279,0.266051,0.223901,0.829101,0.578724,0.313729,0.340004,0.050111,0.078176,0.499095,0.089482,0.631743,0.844714,0.203783,0.815549,0.154871,0.340100,0.593840,0.141080,0.612890,0.244341,0.386155,0.840016,0.209087,0.298342,0.057328,0.604510,0.931879,0.908363,0.208736,0.392417,0.591349,0.410340,0.838614,0.244692,0.759273,0.632544,0.824431,0.687160,0.373551,0.788865,0.498971,0.790921,0.835337,0.459878,0.106535,0.706768,0.850623,0.745107,0.819880,0.888692,0.616482,0.597334,0.756867,0.669594,0.760658,0.438225,0.061948,0.397786,0.667297,0.106864,0.658219,0.468539,0.101537,0.380465,0.675335,0.381961,0.716369,0.436140,0.206503,0.664244,0.759073,0.532298,0.734673,0.660308,0.600494,0.894292,0.948289,0.785109,0.630470,0.638500,0.171840,0.687750,0.781816
SYN_BIGPN_0383,0,1,0,1,0.376883,0.937065,0.309687,0.841904,0.442435,0.380025,0.827194,0.619259,0.902084,0.669684,0.539868,0.828974,0.662315,0.519746,0.575134,0.810961,0.460252,0.330201,0.456803,0.690825,0.112863,0.687292,0.522258,0.317676,0.150705,0.632155,0.153247,0.141999,0.328790,0.808420,0.456839,0.741916,0.879809,0.451628,0.776593,0.869882,0.467170,0.293066,0.553768,0.949305,0.494990,0.686652,0.946446,0.223098,0.260988,0.288436,0.331125,0.263651,0.720403,0.666316,0.182496,0.146282,0.682243,0.928649,0.397230,0.923814,0.267321,0.796882,0.653874,0.826205,0.129816,0.780188,0.867890,0.069319,0.713972,0.383940,0.585941,0.776062,0.754272,0.248089,0.637340,0.739950,0.119332,0.160126,0.342517,0.227803,0.906360,0.200788,0.086026,0.434049,0.742416,0.859756,0.879772,0.517731,0.252482,0.927286,0.911126,0.324796,0.457766,0.384156,0.764718,0.486147,0.367370,0.209756,0.848467,0.630938,0.256742,0.447459,0.086496,0.448987,0.658171,0.051417,0.672792,0.282126,0.354960,0.607810,0.544004,0.800117,0.561721,0.226917,0.513378,0.675692,0.068462
SYN_BIGPN_0384,1,0,1,1,0.892830,0.127024,0.825562,0.695998,0.752948,0.413196,0.252509,0.812868,0.320294,0.161594,0.662659,0.738891,0.753989,0.760520,0.829894,0.797865,0.870319,0.538826,0.679567,0.292826,0.416817,0.051437,0.221457,0.553194,0.667016,0.617739,0.311047,0.166969,0.489723,0.531057,0.357287,0.491539,0.381004,0.081991,0.064590,0.432701,0.845239,0.617148,0.333412,0.370102,0.709791,0.855423,0.417849,0.918670,0.933491,0.774404,0.611299,0.484044,0.936019,0.775427,0.796928,0.772122,0.705610,0.252164,0.500727,0.141626,0.697485,0.869287,0.717953,0.548773,0.555965,0.301686,0.569901,0.438429,0.492688,0.252459,0.826886,0.856539,0.302316,0.852991,0.084935,0.627156,0.664850,0.667358,0.478246,0.633310,0.310984,0.200837,0.284554,0.246414,0.200302,0.871999,0.845898,0.082126,0.789595,0.890230,0.456431,0.805276,0.324763,0.381456,0.778981,0.108280,0.350629,0.813682,0.652983,0.536396,0.316557,0.202108,0.067358,0.318503,0.351553,0.883422,0.594181,0.437444,0.493823,0.359323,0.723689,0.059632,0.292628,0.804054,0.601788,0.396992,0.281912
SYN_BIGPN_0385,1,1,0,0,0.225844,0.854120,0.580947,0.101926,0.915167,0.593900,0.081305,0.836496,0.390610,0.234010,0.132742,0.667905,0.933669,0.423738,0.054663,0.587416,0.144550,0.770428,0.154447,0.247026,0.346599,0.832225,0.879452,0.215264,0.585660,0.106859,0.303231,0.447431,0.564358,0.487715,0.872863,0.934290,0.090829,0.702546,0.683619,0.343503,0.270520,0.338937,0.303016,0.464122,0.625889,0.069265,0.695176,0.714012,0.111342,0.308016,0.284772,0.251641,0.563489,0.108318,0.574296,0.332892,0.086462,0.233475,0.891871,0.561574,0.379806,0.396682,0.489133,0.111065,0.728608,0.589350,0.431701,0.209557,0.196795,0.055334,0.307452,0.596106,0.565680,0.588154,0.194830,0.226979,0.830999,0.388046,0.828092,0.718692,0.927330,0.305671,0.391735,0.489798,0.421879,0.322047,0.813398,0.838775,0.494387,0.069101,0.815080,0.673067,0.742326,0.224609,0.531225,0.863602,0.138719,0.255053,0.732646,0.491535,0.885329,0.411551,0.891238,0.636177,0.839819,0.772238,0.886103,0.063702,0.843882,0.188959,0.270598,0.838009,0.815205,0.726231,0.707170,0.720493,0.077880
SYN_BIGPN_0386,0,0,0,1,0.299359,0.378466,0.659665,0.063060,0.699878,0.897370,0.356350,0.519419,0.490731,0.200212,0.229895,0.208542,0.116919,0.618149,0.306085,0.495107,0.226201,0.664789,0.190304,0.557199,0.475745,0.856717,0.342232,0.114727,0.739339,0.285208,0.501344,0.845134,0.811261,0.415045,0.536101,0.754258,0.872330,0.360657,0.818845,0.086948,0.709085,0.150510,0.101062,0.203375,0.582956,0.150437,0.681014,0.460738,0.543717,0.352023,0.436463,0.653509,0.411123,0.476955,0.489337,0.401601,0.696448,0.724764,0.866784,0.851881,0.082018,0.681863,0.934160,0.061157,0.054383,0.806539,0.824008,0.826054,0.610910,0.135775,0.607450,0.809481,0.749792,0.515911,0.556598,0.936589,0.340783,0.174933,0.724426,0.247547,0.897269,0.263415,0.791921,0.165502,0.761585,0.298539,0.590840,0.815129,0.594615,0.462878,0.229572,0.288189,0.636329,0.337864,0.639563,0.500551,0.543735,0.655439,0.562148,0.161748,0.881787,0.357840,0.771702,0.064695,0.593716,0.693839,0.368287,0.462119,0.848291,0.935747,0.313852,0.515986,0.069014,0.840007,0.304052,0.845497,0.590654
SYN_BIGPN_0387,0,1,0,0,0.056464,0.828257,0.879182,0.485883,0.224166,0.773567,0.221642,0.583302,0.422058,0.202357,0.618708,0.576125,0.772126,0.677807,0.415130,0.891994,0.140004,0.146181,0.529793,0.154912,0.334349,0.081722,0.641945,0.209338,0.328557,0.517703,0.747555,0.881519,0.799201,0.685280,0.786454,0.299028,0.482572,0.463990,0.097775,0.176738,0.405803,0.752210,0.940837,0.218225,0.687342,0.880636,0.647063,0.423885,0.678000,0.165805,0.625497,0.789853,0.652456,0.461006,0.177662,0.641026,0.702080,0.084493,0.138200,0.577023,0.224177,0.720576,0.321529,0.659113,0.305262,0.904064,0.256217,0.634232,0.658175,0.571285,0.296394,0.708529,0.810619,0.107221,0.687198,0.744423,0.649965,0.580096,0.738360,0.391694,0.638098,0.739071,0.791940,0.456075,0.234443,0.120794,0.831647,0.377552,0.603596,0.426920,0.796151,0.254554,0.293111,0.260086,0.262594,0.232692,0.703455,0.067166,0.266947,0.377788,0.668520,0.611125,0.373373,0.403876,0.325941,0.408667,0.077559,0.630527,0.272760,0.195055,0.701436,0.788717,0.805595,0.688144,0.387365,0.494798,0.945458
SYN_BIGPN_0388,0,1,1,0,0.183173,0.640060,0.169276,0.922158,0.066008,0.913261,0.553756,0.850588,0.690202,0.143906,0.691119,0.126479,0.166316,0.336558,0.739852,0.827128,0.282634,0.188762,0.774737,0.595767,0.652255,0.549315,0.697531,0.512671,0.372218,0.949830,0.530542,0.944668,0.738936,0.463519,0.070241,0.252169,0.861933,0.489313,0.537743,0.911714,0.836453,0.307377,0.206375,0.416320,0.209628,0.112062,0.540935,0.935423,0.730783,0.551890,0.484878,0.381034,0.204637,0.242913,0.400610,0.456381,0.757322,0.825368,0.755571,0.917454,0.143132,0.910526,0.925102,0.267203,0.921538,0.112568,0.057526,0.921675,0.284376,0.470197,0.209468,0.903649,0.215850,0.196161,0.589413,0.160070,0.217141,0.367025,0.205754,0.577907,0.404046,0.563568,0.152195,0.343824,0.823953,0.870507,0.221724,0.467395,0.764719,0.636088,0.794782,0.584865,0.111773,0.899151,0.191538,0.226824,0.117310,0.854534,0.840554,0.579597,0.317670,0.108743,0.746163,0.685899,0.647875,0.131943,0.583487,0.680064,0.195143,0.681083,0.586152,0.471077,0.322670,0.853350,0.578786,0.770622,0.323559
SYN_BIGPN_0389,1,1,1,1,0.590423,0.949931,0.315842,0.493061,0.771428,0.174556,0.229466,0.109374,0.094486,0.690712,0.080712,0.886555,0.781084,0.515734,0.278281,0.137867,0.482104,0.286988,0.923012,0.769247,0.779582,0.734542,0.207708,0.234858,0.368800,0.784039,0.799957,0.289334,0.471856,0.082431,0.790524,0.427787,0.152164,0.183811,0.735613,0.690732,0.149932,0.137977,0.351656,0.863169,0.448382,0.061249,0.583082,0.238286,0.228832,0.220759,0.787671,0.496283,0.395365,0.844307,0.691326,0.081724,0.185844,0.694445,0.178932,0.481016,0.166390,0.101336,0.687078,0.191934,0.219895,0.494292,0.087157,0.378650,0.272502,0.193171,0.811445,0.398300,0.639096,0.480642,0.434340,0.401844,0.872493,0.694178,0.726625,0.101748,0.826939,0.466335,0.496609,0.378593,0.671786,0.056523,0.206156,0.369936,0.605918,0.801458,0.827038,0.427236,0.492540,0.205226,0.402695,0.861326,0.315088,0.098890,0.441569,0.813858,0.188624,0.213938,0.268504,0.266297,0.595841,0.526195,0.179572,0.616872,0.746699,0.392717,0.188011,0.685865,0.795980,0.243897,0.742507,0.726713,0.709808
SYN_BIGPN_0390,1,1,0,0,0.283862,0.115031,0.314405,0.810761,0.402449,0.655423,0.083627,0.212215,0.509777,0.298794,0.902522,0.302060,0.490491,0.881126,0.377088,0.871950,0.289129,0.376230,0.205453,0.292228,0.143321,0.342472,0.171750,0.913026,0.805124,0.135158,0.676966,0.271256,0.603054,0.865589,0.819778,0.242288,0.475134,0.502940,0.268235,0.074335,0.404986,0.232125,0.319675,0.310238,0.674625,0.605678,0.700845,0.389646,0.832545,0.399044,0.663855,0.263513,0.903538,0.675749,0.725435,0.215015,0.437788,0.937076,0.336383,0.354150,0.206805,0.212826,0.238028,0.103951,0.612872,0.253801,0.897953,0.501866,0.125984,0.664150,0.119778,0.399229,0.357928,0.102584,0.091468,0.166164,0.357468,0.226562,0.463072,0.428930,0.256043,0.106311,0.403704,0.178893,0.832091,0.730045,0.939574,0.783302,0.290606,0.713810,0.866135,0.836543,0.225446,0.385717,0.666468,0.863145,0.839230,0.073430,0.800775,0.932931,0.416770,0.471188,0.072902,0.705168,0.867954,0.478751,0.115204,0.127167,0.801289,0.857881,0.117836,0.423293,0.752009,0.685339,0.116901,0.846629,0.704399
SYN_BIGPN_0391,0,1,1,1,0.607398,0.675821,0.524597,0.298997,0.922472,0.484851,0.664262,0.588351,0.928098,0.121844,0.471701,0.310987,0.360122,0.304762,0.237868,0.125454,0.183836,0.427939,0.208334,0.123490,0.441246,0.524243,0.509098,0.400230,0.838012,0.165632,0.831755,0.221681,0.500996,0.396020,0.149559,0.248519,0.586238,0.109297,0.186460,0.287845,0.790366,0.107002,0.085155,0.672271,0.301156,0.378964,0.765351,0.193738,0.175555,0.675942,0.466485,0.730323,0.710397,0.364193,0.172119,0.692782,0.091643,0.098681,0.207182,0.253957,0.753264,0.052618,0.752735,0.416658,0.168605,0.629061,0.231133,0.630337,0.720943,0.646389,0.401490,0.258808,0.411795,0.445658,0.668307,0.506947,0.347363,0.742986,0.102226,0.126106,0.636525,0.249825,0.615391,0.209952,0.160173,0.612841,0.109178,0.491241,0.289350,0.081876,0.134267,0.502661,0.716824,0.636496,0.478875,0.630027,0.882626,0.659986,0.728713,0.839580,0.426746,0.211479,0.680534,0.520983,0.504126,0.800282,0.859255,0.208689,0.642636,0.333883,0.902692,0.902809,0.864759,0.569080,0.391336,0.379535,0.906667
SYN_BIGPN_0392,0,1,0,1,0.697258,0.543045,0.394154,0.377105,0.522283,0.282629,0.521634,0.269581,0.609633,0.572560,0.117805,0.066147,0.314243,0.735869,0.948868,0.593710,0.607946,0.889269,0.873949,0.479479,0.299008,0.105720,0.602376,0.838075,0.110788,0.470205,0.567284,0.772552,0.191134,0.796835,0.062064,0.339914,0.777416,0.500174,0.905093,0.170332,0.521272,0.260521,0.818703,0.145203,0.476736,0.515260,0.125549,0.071873,0.508301,0.076584,0.317386,0.084552,0.284551,0.534900,0.355592,0.079959,0.104833,0.158194,0.911685,0.135310,0.614175,0.096488,0.489846,0.619784,0.574094,0.422565,0.734156,0.802198,0.451641,0.712451,0.667604,0.607103,0.062900,0.281897,0.870375,0.805122,0.226100,0.056230,0.257908,0.545418,0.944894,0.564732,0.433908,0.631783,0.119264,0.511670,0.394223,0.125475,0.871450,0.362448,0.571702,0.388505,0.072515,0.254760,0.890756,0.773013,0.390692,0.554040,0.330117,0.105736,0.229778,0.520928,0.212721,0.556930,0.534916,0.084095,0.884976,0.624589,0.305717,0.884208,0.264911,0.093712,0.762201,0.917035,0.875684,0.767426,0.857966
SYN_BIGPN_0393,0,0,1,1,0.245097,0.627524,0.796142,0.334278,0.782768,0.217650,0.154288,0.492981,0.766536,0.384770,0.293171,0.854503,0.436355,0.634087,0.852220,0.599707,0.548529,0.077436,0.717747,0.894578,0.765182,0.151827,0.472292,0.618018,0.177653,0.254906,0.373857,0.129654,0.704078,0.425703,0.375823,0.601308,0.494379,0.129880,0.124327,0.817573,0.738513,0.199330,0.742835,0.312372,0.121404,0.308182,0.308791,0.294496,0.432314,0.355822,0.660973,0.284971,0.500378,0.095024,0.451123,0.299303,0.792221,0.796697,0.811169,0.478341,0.836059,0.936189,0.661113,0.668429,0.565571,0.423765,0.583805,0.423182,0.699720,0.231404,0.692680,0.868389,0.309158,0.268272,0.188284,0.746131,0.643446,0.322494,0.077047,0.756841,0.750115,0.310159,0.809394,0.733261,0.776080,0.643675,0.286225,0.250751,0.880632,0.777250,0.440588,0.360633,0.165786,0.345832,0.674502,0.637516,0.806993,0.812095,0.265490,0.216796,0.462220,0.558078,0.622717,0.295046,0.601287,0.862065,0.657589,0.274768,0.394974,0.151861,0.792818,0.533895,0.165187,0.253116,0.243414,0.092255,0.709103
SYN_BIGPN_0394,1,0,1,0,0.547593,0.394098,0.237158,0.189655,0.172695,0.085933,0.148297,0.624377,0.810387,0.929484,0.758468,0.088816,0.878339,0.918824,0.302783,0.404965,0.556583,0.556602,0.740576,0.391688,0.266667,0.053173,0.858201,0.869953,0.147084,0.856038,0.409773,0.186213,0.357836,0.683091,0.400629,0.825955,0.432895,0.229687,0.938625,0.313574,0.830775,0.204516,0.655877,0.800283,0.689597,0.859869,0.746032,0.321638,0.628901,0.883025,0.577000,0.314299,0.425453,0.501074,0.463143,0.308365,0.123954,0.861360,0.117386,0.673905,0.191072,0.557964,0.590749,0.526180,0.383248,0.141248,0.639886,0.563739,0.805000,0.836802,0.575046,0.136418,0.577857,0.386203,0.771608,0.407369,0.559906,0.904957,0.669573,0.550652,0.237319,0.314560,0.631970,0.366810,0.152652,0.868995,0.160308,0.136989,0.849204,0.406320,0.261424,0.303433,0.946774,0.670505,0.464407,0.810990,0.274693,0.104575,0.658546,0.497064,0.557264,0.551539,0.679817,0.847569,0.604249,0.114785,0.329653,0.487036,0.127297,0.678244,0.565106,0.547368,0.901332,0.102119,0.562974,0.297217,0.928507
SYN_BIGPN_0395,0,0,0,0,0.661681,0.729033,0.622326,0.536465,0.739554,0.851051,0.653264,0.478658,0.422264,0.871973,0.822732,0.561542,0.708971,0.164302,0.104152,0.428076,0.511827,0.127085,0.548519,0.889518,0.782566,0.895791,0.687005,0.940383,0.346424,0.564034,0.703072,0.835513,0.302902,0.331023,0.711305,0.158211,0.681317,0.383923,0.490260,0.292902,0.491728,0.879890,0.883598,0.723048,0.809581,0.182141,0.720608,0.094460,0.613239,0.313140,0.582541,0.398213,0.303500,0.372223,0.797098,0.695244,0.899766,0.721486,0.102389,0.646530,0.866017,0.568849,0.793198,0.631045,0.314608,0.921513,0.489904,0.197454,0.542330,0.198094,0.360296,0.356036,0.479683,0.265116,0.531233,0.059376,0.731640,0.559070,0.724251,0.453764,0.285173,0.794440,0.632235,0.320832,0.253008,0.422146,0.262657,0.117462,0.244935,0.131043,0.159253,0.809501,0.127106,0.305096,0.690076,0.615159,0.148676,0.226921,0.565239,0.886257,0.822495,0.580621,0.549787,0.629381,0.752859,0.461338,0.246737,0.182060,0.611066,0.247034,0.581273,0.873551,0.188413,0.688310,0.846340,0.217439,0.839501
SYN_BIGPN_0396,1,0,0,1,0.201501,0.326349,0.615991,0.454318,0.439037,0.134314,0.832229,0.158732,0.052235,0.747715,0.337409,0.618939,0.402445,0.239014,0.520676,0.109960,0.948576,0.182513,0.450905,0.405901,0.619578,0.938497,0.753796,0.764624,0.311042,0.783541,0.579269,0.050617,0.924654,0.918487,0.357694,0.334780,0.159714,0.483266,0.597574,0.360103,0.479081,0.136632,0.557588,0.685661,0.597324,0.847036,0.763537,0.108397,0.453537,0.382406,0.724179,0.678633,0.881638,0.429340,0.366967,0.707270,0.758948,0.686543,0.771305,0.704212,0.223266,0.817688,0.558802,0.590627,0.245903,0.709208,0.138059,0.813938,0.170321,0.098692,0.082939,0.574199,0.429313,0.459787,0.526355,0.941218,0.354762,0.551813,0.707369,0.807787,0.515973,0.122674,0.550506,0.668621,0.452251,0.447617,0.610785,0.507125,0.843299,0.392409,0.440417,0.233787,0.761031,0.947067,0.695099,0.644490,0.629139,0.734566,0.406190,0.457023,0.356691,0.355241,0.607687,0.406469,0.636560,0.466703,0.666218,0.721731,0.443494,0.228200,0.650574,0.467056,0.539623,0.517066,0.144437,0.286532,0.568206
SYN_BIGPN_0397,0,1,0,1,0.643163,0.197447,0.453155,0.301480,0.872258,0.682218,0.863919,0.395353,0.725513,0.116925,0.692222,0.765817,0.516168,0.170776,0.717241,0.090723,0.332841,0.495263,0.376817,0.328734,0.606054,0.611930,0.571197,0.097259,0.147478,0.497371,0.934911,0.931153,0.720895,0.668656,0.549223,0.365805,0.053476,0.403881,0.316364,0.234807,0.305147,0.717059,0.429605,0.549926,0.154693,0.591698,0.696579,0.338293,0.933742,0.322073,0.439698,0.913635,0.640071,0.127754,0.863424,0.288448,0.836302,0.586832,0.874591,0.796264,0.281585,0.465514,0.630703,0.543857,0.730536,0.319443,0.088554,0.684104,0.582218,0.205964,0.885695,0.749469,0.425161,0.762642,0.715590,0.093526,0.304969,0.153966,0.705135,0.198054,0.509429,0.827397,0.361473,0.718522,0.100992,0.862329,0.937546,0.926898,0.129063,0.914629,0.686988,0.690405,0.837894,0.868552,0.065779,0.128067,0.634389,0.942124,0.571008,0.490930,0.661122,0.874333,0.585804,0.355699,0.590013,0.396808,0.105638,0.578054,0.759489,0.751371,0.441173,0.889884,0.295884,0.706236,0.367375,0.567866,0.944141
SYN_BIGPN_0398,0,1,0,0,0.416530,0.399651,0.357791,0.914563,0.806662,0.767204,0.591708,0.269402,0.533892,0.521956,0.782734,0.160461,0.885086,0.158849,0.424318,0.201754,0.168411,0.241453,0.878068,0.145140,0.919043,0.537823,0.916180,0.110164,0.685110,0.850075,0.818496,0.113675,0.449636,0.519425,0.370761,0.306907,0.738451,0.732051,0.461142,0.231121,0.362687,0.694697,0.102512,0.785328,0.127824,0.435755,0.326115,0.604729,0.761482,0.731295,0.309413,0.790506,0.686996,0.820562,0.358520,0.541548,0.351572,0.878875,0.897651,0.900415,0.184033,0.899452,0.868421,0.087657,0.132124,0.710265,0.689764,0.535554,0.907810,0.402589,0.065024,0.774527,0.400205,0.195359,0.104975,0.638002,0.050071,0.512163,0.888453,0.077314,0.480736,0.089702,0.170098,0.489239,0.217575,0.061422,0.093905,0.136427,0.118295,0.278697,0.780427,0.233752,0.207562,0.864845,0.749730,0.525863,0.461793,0.347794,0.702797,0.902174,0.130908,0.857151,0.933057,0.391702,0.284740,0.107039,0.220308,0.220452,0.061284,0.051598,0.548526,0.492466,0.938153,0.162889,0.083106,0.079361,0.922234
SYN_BIGPN_0399,0,1,1,0,0.610783,0.287410,0.263277,0.365587,0.933420,0.875399,0.539006,0.645416,0.695601,0.209690,0.619030,0.577308,0.709326,0.834535,0.179741,0.366649,0.427772,0.486196,0.733747,0.336599,0.368236,0.282308,0.856610,0.128762,0.184211,0.383424,0.757952,0.926127,0.568278,0.682754,0.761712,0.483662,0.082945,0.625803,0.232080,0.656814,0.687836,0.849463,0.580980,0.249108,0.721586,0.838057,0.799361,0.460758,0.417637,0.615010,0.829503,0.735545,0.059590,0.841469,0.664966,0.892591,0.200295,0.214143,0.278925,0.498495,0.145246,0.883867,0.440683,0.370110,0.947378,0.700357,0.842386,0.773775,0.304509,0.766887,0.056624,0.560135,0.180874,0.938822,0.930797,0.069729,0.541928,0.180678,0.920250,0.480558,0.201841,0.102501,0.869568,0.494558,0.694779,0.599576,0.363346,0.389212,0.592223,0.587303,0.822661,0.508875,0.216322,0.434220,0.293353,0.737832,0.486782,0.495693,0.660496,0.816253,0.689032,0.891009,0.471432,0.532032,0.854963,0.541646,0.052614,0.917731,0.209550,0.274625,0.323458,0.858493,0.725903,0.137954,0.843511,0.412319,0.412683
SYN_BIGPN_0400,0,0,1,1,0.722835,0.070794,0.737113,0.921598,0.054597,0.631365,0.758435,0.257089,0.684568,0.489028,0.131256,0.082061,0.895001,0.662253,0.282928,0.837450,0.056330,0.188098,0.413471,0.666915,0.288537,0.544328,0.916112,0.453258,0.138512,0.713951,0.363208,0.493258,0.466467,0.865748,0.477803,0.592936,0.168424,0.492850,0.478960,0.924739,0.177575,0.554536,0.899603,0.419528,0.453714,0.837986,0.565256,0.288203,0.373273,0.913893,0.564184,0.429334,0.408835,0.426794,0.572684,0.604053,0.343654,0.830177,0.530859,0.532687,0.213423,0.462911,0.938505,0.183843,0.121909,0.200847,0.068795,0.636705,0.938186,0.214181,0.579537,0.597166,0.568222,0.650750,0.384443,0.308321,0.449080,0.558728,0.636487,0.136830,0.747922,0.727758,0.658237,0.156955,0.831019,0.680198,0.789458,0.849095,0.104698,0.386478,0.921215,0.269873,0.396163,0.887018,0.168187,0.614020,0.471529,0.693363,0.750624,0.670515,0.420478,0.536169,0.533148,0.897713,0.681258,0.331273,0.305141,0.698253,0.444442,0.849809,0.258418,0.545341,0.692056,0.430067,0.703888,0.197130,0.600124
SYN_BIGPN_0401,1,1,0,1,0.798745,0.457018,0.404662,0.373957,0.280745,0.538815,0.259876,0.777891,0.666204,0.632861,0.222772,0.164647,0.163691,0.184070,0.633220,0.083205,0.648380,0.552708,0.406861,0.631083,0.943963,0.568042,0.692352,0.863663,0.341554,0.417541,0.744688,0.095460,0.754313,0.723853,0.101901,0.530648,0.409563,0.899914,0.689551,0.523994,0.527617,0.176624,0.079991,0.139176,0.350669,0.373923,0.121236,0.372838,0.219286,0.781290,0.297045,0.771747,0.675507,0.481319,0.302108,0.386704,0.586387,0.490631,0.330121,0.389845,0.131578,0.306249,0.744771,0.203811,0.064676,0.368838,0.647415,0.130571,0.629766,0.830034,0.866692,0.709866,0.275426,0.370335,0.473241,0.915868,0.227463,0.446626,0.883409,0.688312,0.134834,0.438516,0.240874,0.129048,0.724067,0.401771,0.361512,0.241953,0.919942,0.837975,0.869350,0.539866,0.440478,0.390377,0.327910,0.399875,0.427470,0.289607,0.423900,0.093183,0.708704,0.875057,0.106140,0.267965,0.198092,0.182968,0.797035,0.474262,0.487182,0.940124,0.489367,0.871736,0.834552,0.141002,0.560893,0.590909,0.179408
SYN_BIGPN_0402,0,0,1,1,0.798342,0.593871,0.843726,0.104198,0.846358,0.545289,0.051000,0.066948,0.299927,0.748893,0.673912,0.540473,0.497672,0.534084,0.117260,0.152218,0.922002,0.819903,0.881773,0.436801,0.421291,0.385521,0.139607,0.932473,0.796734,0.480963,0.894891,0.460611,0.342322,0.811845,0.576111,0.659906,0.737920,0.055746,0.752945,0.514178,0.475486,0.255815,0.599778,0.794304,0.343431,0.571577,0.293541,0.311912,0.486932,0.461712,0.317131,0.262757,0.112000,0.421120,0.700180,0.559113,0.194177,0.261196,0.321601,0.071327,0.426731,0.431383,0.771389,0.453308,0.570858,0.661467,0.874657,0.329807,0.257138,0.093818,0.327636,0.643360,0.467626,0.179250,0.873601,0.108937,0.851451,0.639032,0.650754,0.598316,0.185450,0.574360,0.876589,0.702773,0.245840,0.431195,0.052841,0.556453,0.082089,0.790526,0.756296,0.158559,0.897240,0.899854,0.941579,0.496741,0.771062,0.093270,0.135998,0.757596,0.140185,0.540138,0.223393,0.712699,0.386681,0.202288,0.541755,0.192303,0.697752,0.224916,0.502018,0.379305,0.161956,0.261802,0.286138,0.349315,0.277002
SYN_BIGPN_0403,1,1,1,0,0.284863,0.053403,0.629157,0.187495,0.524984,0.915729,0.714895,0.447916,0.920182,0.307595,0.818684,0.212376,0.707186,0.884005,0.852199,0.058594,0.281705,0.556782,0.360931,0.728064,0.547939,0.588445,0.367859,0.791222,0.778845,0.078558,0.392960,0.261714,0.248471,0.395975,0.398964,0.232525,0.207853,0.578137,0.688053,0.318022,0.228410,0.661080,0.909358,0.730608,0.698233,0.735489,0.702066,0.452131,0.676778,0.361804,0.614245,0.441907,0.730246,0.277656,0.523703,0.465918,0.888825,0.520245,0.340007,0.233553,0.710394,0.398162,0.498649,0.856095,0.440812,0.929856,0.659040,0.182198,0.628531,0.584230,0.405401,0.109139,0.182918,0.712905,0.729799,0.276746,0.213479,0.179786,0.301858,0.681183,0.637288,0.217566,0.292261,0.405226,0.525589,0.152213,0.835928,0.804803,0.108726,0.811775,0.667047,0.834899,0.613598,0.934584,0.155649,0.256197,0.534878,0.702771,0.822937,0.522675,0.151699,0.596208,0.225779,0.572731,0.253012,0.804605,0.889413,0.498309,0.086140,0.815855,0.927340,0.315699,0.143880,0.424481,0.695905,0.749224,0.404178
SYN_BIGPN_0404,0,0,1,0,0.240186,0.820163,0.588505,0.620216,0.345224,0.058445,0.132626,0.408138,0.165135,0.467998,0.417972,0.109212,0.696418,0.238482,0.274248,0.754712,0.421429,0.941805,0.831673,0.184380,0.530473,0.616375,0.790759,0.571132,0.318404,0.762118,0.225433,0.601106,0.655514,0.553528,0.323642,0.539773,0.327765,0.330474,0.570664,0.339035,0.808526,0.723965,0.486585,0.672353,0.252563,0.483852,0.275163,0.114012,0.247094,0.509480,0.696876,0.427195,0.185969,0.345393,0.732160,0.693454,0.940296,0.322877,0.389550,0.064898,0.605517,0.250819,0.560674,0.386455,0.701112,0.916353,0.945027,0.314296,0.138246,0.334982,0.396124,0.619811,0.938433,0.060321,0.136714,0.751296,0.498694,0.458114,0.186963,0.224570,0.312579,0.908746,0.621016,0.681696,0.369757,0.567134,0.720927,0.835662,0.158101,0.638517,0.885731,0.668737,0.921315,0.143559,0.527654,0.060044,0.318180,0.740681,0.813282,0.812919,0.753629,0.824636,0.352046,0.851243,0.298555,0.410439,0.625198,0.113938,0.906600,0.062009,0.451425,0.934929,0.221040,0.595100,0.065760,0.225293,0.116098
SYN_BIGPN_0405,1,0,0,1,0.401265,0.440664,0.348102,0.058003,0.053803,0.617866,0.300916,0.464461,0.518555,0.571399,0.421978,0.457273,0.484699,0.805113,0.883853,0.582898,0.905530,0.614802,0.761589,0.298727,0.813231,0.499960,0.417141,0.250749,0.771909,0.794753,0.772379,0.229823,0.769015,0.822941,0.176220,0.507491,0.530727,0.923541,0.057209,0.637000,0.534698,0.414798,0.418799,0.845949,0.674280,0.608334,0.553511,0.437239,0.803813,0.250597,0.324079,0.088293,0.266765,0.560863,0.743790,0.593716,0.555967,0.141270,0.317486,0.069485,0.222859,0.385339,0.183046,0.635072,0.194105,0.249786,0.946558,0.584289,0.840546,0.588024,0.218832,0.725497,0.106615,0.258643,0.852968,0.885620,0.342960,0.500853,0.493298,0.192528,0.739832,0.755768,0.398304,0.817594,0.584559,0.775682,0.857856,0.592633,0.868479,0.785361,0.413539,0.899622,0.908403,0.634523,0.873638,0.906574,0.097368,0.389836,0.469322,0.700364,0.712218,0.761698,0.578883,0.243906,0.059945,0.267500,0.617856,0.534103,0.609950,0.113301,0.823064,0.113368,0.108618,0.344591,0.258931,0.747741,0.169676
SYN_BIGPN_0406,0,0,1,0,0.836786,0.280304,0.306407,0.596073,0.324003,0.357099,0.773375,0.580576,0.191304,0.925657,0.534845,0.849590,0.388340,0.157331,0.083787,0.177812,0.836017,0.313127,0.426192,0.464277,0.408147,0.384953,0.338679,0.768051,0.655309,0.079668,0.480915,0.530620,0.243008,0.820290,0.478022,0.657004,0.940485,0.743189,0.113811,0.723196,0.449509,0.217009,0.647869,0.802277,0.423649,0.168452,0.734205,0.886183,0.090420,0.916371,0.158718,0.098924,0.646130,0.684843,0.762922,0.872771,0.788892,0.356664,0.924269,0.837604,0.830340,0.650754,0.665914,0.538804,0.614147,0.336638,0.246096,0.471180,0.420357,0.815388,0.154189,0.236412,0.376925,0.087104,0.159952,0.324053,0.456079,0.904197,0.941635,0.681047,0.655310,0.301747,0.357979,0.428735,0.428958,0.912099,0.089707,0.181623,0.390640,0.255086,0.062876,0.280217,0.545625,0.525427,0.304450,0.762170,0.570076,0.881059,0.638664,0.671261,0.308615,0.688787,0.261792,0.304850,0.193676,0.238955,0.614126,0.330511,0.481928,0.747130,0.547036,0.061810,0.775389,0.836502,0.249089,0.478855,0.367790
SYN_BIGPN_0407,1,0,1,1,0.283767,0.345781,0.157962,0.719638,0.479005,0.077054,0.734339,0.669300,0.632729,0.709377,0.151042,0.112018,0.795452,0.120691,0.236452,0.870752,0.764058,0.838843,0.397885,0.558518,0.357767,0.355619,0.119828,0.491186,0.108143,0.592042,0.747471,0.241338,0.490341,0.230621,0.326891,0.352612,0.389854,0.663659,0.716747,0.818492,0.350802,0.198181,0.203770,0.744894,0.802361,0.752747,0.466096,0.773620,0.577968,0.156038,0.468521,0.597015,0.139930,0.748775,0.329937,0.613576,0.651611,0.410242,0.104856,0.723943,0.880077,0.146438,0.313710,0.325617,0.250491,0.724560,0.884990,0.453279,0.700527,0.908603,0.086221,0.837441,0.286854,0.434252,0.090004,0.647995,0.917530,0.582044,0.249306,0.318010,0.891021,0.645300,0.833394,0.902391,0.546872,0.683717,0.153829,0.932022,0.527233,0.713114,0.709609,0.062032,0.076500,0.065364,0.516913,0.096583,0.214742,0.618237,0.184722,0.292974,0.630524,0.615591,0.297141,0.670859,0.706872,0.783724,0.440378,0.148049,0.522465,0.616898,0.200651,0.910460,0.676945,0.630581,0.448091,0.879962,0.943857
SYN_BIGPN_0408,1,1,1,1,0.614436,0.826911,0.715931,0.660561,0.315945,0.485288,0.463174,0.301135,0.313585,0.094426,0.590350,0.869149,0.300150,0.213313,0.119061,0.386758,0.696262,0.521842,0.673044,0.733078,0.118005,0.182748,0.271493,0.556124,0.570681,0.805909,0.414677,0.073022,0.093865,0.489715,0.354649,0.609321,0.723012,0.933202,0.575393,0.192056,0.054773,0.102567,0.778739,0.379161,0.099706,0.445437,0.947833,0.118321,0.257002,0.188117,0.823985,0.396284,0.770648,0.771764,0.944110,0.527601,0.697394,0.948568,0.589969,0.465097,0.194939,0.934983,0.589711,0.585939,0.516837,0.780298,0.396809,0.301300,0.277011,0.594258,0.782091,0.556535,0.206688,0.851411,0.556123,0.669197,0.819565,0.330768,0.676588,0.593148,0.378880,0.897091,0.249142,0.937262,0.817569,0.352343,0.887296,0.713319,0.077023,0.172599,0.234950,0.198148,0.312660,0.642836,0.446874,0.428955,0.181267,0.735635,0.780752,0.427307,0.782622,0.308515,0.217391,0.732946,0.885493,0.291557,0.553058,0.380104,0.655937,0.621118,0.476663,0.939141,0.621599,0.738084,0.703169,0.910807,0.631005
SYN_BIGPN_0409,0,0,0,1,0.388540,0.812443,0.278953,0.105140,0.110070,0.727761,0.909725,0.801334,0.076693,0.663576,0.057352,0.447159,0.364139,0.277495,0.833455,0.918922,0.775427,0.401085,0.866138,0.857120,0.282435,0.051663,0.746972,0.382762,0.849783,0.571763,0.285980,0.104424,0.319220,0.392188,0.099128,0.496857,0.711405,0.117995,0.110708,0.818344,0.584438,0.824134,0.477941,0.076855,0.186770,0.135050,0.747107,0.762738,0.186674,0.928093,0.493148,0.238008,0.357911,0.893755,0.368906,0.692504,0.738272,0.652469,0.936248,0.806656,0.839378,0.839681,0.647567,0.571893,0.242400,0.158774,0.943729,0.747747,0.746892,0.223174,0.056300,0.845058,0.610876,0.136690,0.217739,0.897815,0.363468,0.181608,0.330622,0.227483,0.681987,0.518780,0.084550,0.820897,0.745989,0.155757,0.329902,0.269293,0.894249,0.901123,0.579907,0.206348,0.320554,0.377708,0.568921,0.283562,0.871812,0.763079,0.791004,0.080577,0.524242,0.479865,0.489623,0.938779,0.214528,0.464511,0.454302,0.833604,0.788496,0.433378,0.291258,0.806512,0.312188,0.498679,0.845226,0.577154,0.647831
SYN_BIGPN_0410,1,0,0,0,0.501574,0.526981,0.412870,0.507294,0.358467,0.679438,0.517904,0.272519,0.469311,0.702006,0.551972,0.796952,0.886563,0.277469,0.887524,0.931532,0.499586,0.110671,0.549652,0.578802,0.257575,0.436917,0.424607,0.090281,0.748575,0.862852,0.214267,0.613418,0.426497,0.853357,0.301172,0.460366,0.926044,0.814634,0.501396,0.053305,0.411906,0.652678,0.228465,0.888683,0.889872,0.812910,0.124976,0.532594,0.168948,0.923754,0.351245,0.333089,0.144177,0.899763,0.169363,0.577246,0.602742,0.659802,0.797637,0.624375,0.815013,0.871147,0.070896,0.791918,0.343144,0.221566,0.592155,0.613600,0.920109,0.825451,0.105866,0.312362,0.284326,0.649984,0.556326,0.163988,0.668072,0.388801,0.332435,0.803676,0.490170,0.894586,0.751154,0.085926,0.062426,0.638746,0.867506,0.424543,0.645461,0.192109,0.528193,0.939648,0.101704,0.286167,0.812613,0.404089,0.732267,0.396856,0.051928,0.113607,0.662251,0.117533,0.949503,0.860379,0.163070,0.415254,0.488662,0.193316,0.283738,0.194112,0.837549,0.756496,0.939488,0.679295,0.422228,0.111052,0.173725
SYN_BIGPN_0411,0,1,1,1,0.378547,0.882961,0.818441,0.493684,0.233397,0.837944,0.313299,0.496215,0.564439,0.135042,0.176996,0.087232,0.793097,0.129243,0.527307,0.480270,0.850998,0.905306,0.753067,0.143886,0.586353,0.590284,0.316000,0.267841,0.221771,0.841701,0.119460,0.481355,0.478818,0.634021,0.920816,0.203868,0.894411,0.432136,0.454814,0.503039,0.547349,0.420541,0.526198,0.125935,0.764179,0.530939,0.142687,0.929148,0.884649,0.723932,0.813192,0.779469,0.159878,0.391877,0.346383,0.171735,0.310435,0.595291,0.704709,0.741963,0.216691,0.600247,0.552333,0.628954,0.639100,0.664934,0.439691,0.595750,0.174230,0.426246,0.114098,0.725284,0.607488,0.909344,0.893825,0.691776,0.448769,0.918909,0.576163,0.539942,0.828660,0.178254,0.269633,0.727268,0.466905,0.260590,0.286364,0.558037,0.174384,0.850325,0.531168,0.567526,0.373596,0.880616,0.223371,0.622867,0.151061,0.809810,0.629454,0.389226,0.897192,0.096840,0.724827,0.095084,0.414119,0.242499,0.872016,0.207371,0.239639,0.105691,0.592115,0.450064,0.188069,0.160518,0.516334,0.809189,0.900121
SYN_BIGPN_0412,1,0,0,1,0.655403,0.591492,0.211008,0.250333,0.340849,0.118573,0.100897,0.176714,0.513238,0.229643,0.898740,0.842180,0.949385,0.813554,0.443056,0.613922,0.320644,0.141323,0.686193,0.091951,0.661498,0.368435,0.524152,0.383144,0.245887,0.721266,0.797160,0.434355,0.215384,0.732017,0.263646,0.183411,0.351308,0.517386,0.543901,0.450938,0.220865,0.562402,0.551301,0.271239,0.907434,0.250952,0.640916,0.887473,0.505206,0.128790,0.096564,0.395460,0.923906,0.943304,0.642029,0.242011,0.134913,0.241609,0.811853,0.912133,0.785111,0.502285,0.427819,0.570150,0.050100,0.698707,0.402778,0.312171,0.396216,0.508530,0.293363,0.527263,0.667083,0.397308,0.402747,0.633607,0.277463,0.164469,0.920808,0.236461,0.697487,0.748339,0.752150,0.860345,0.353428,0.737595,0.230401,0.129469,0.302115,0.371209,0.573526,0.417800,0.623323,0.836465,0.281829,0.667395,0.105292,0.389055,0.242964,0.615357,0.928454,0.188422,0.207349,0.814082,0.052190,0.822426,0.629404,0.120190,0.054505,0.459839,0.389732,0.715581,0.482227,0.544721,0.649839,0.388836,0.619357
SYN_BIGPN_0413,0,1,0,1,0.678599,0.539265,0.910416,0.186779,0.435804,0.395301,0.122809,0.655847,0.838397,0.169238,0.575127,0.916565,0.345821,0.630016,0.098492,0.127874,0.784100,0.555208,0.110807,0.911046,0.409667,0.117171,0.107327,0.370084,0.886418,0.721257,0.252028,0.582787,0.313445,0.808107,0.123587,0.736450,0.169014,0.718591,0.516879,0.535592,0.749889,0.840998,0.814463,0.632034,0.945372,0.147027,0.743093,0.498125,0.213577,0.840303,0.515391,0.437632,0.853762,0.830668,0.337974,0.684983,0.253992,0.170842,0.327834,0.136319,0.168809,0.109002,0.514155,0.904684,0.287267,0.935914,0.200378,0.465246,0.947405,0.385799,0.201695,0.624148,0.353121,0.452344,0.865252,0.683542,0.669756,0.341990,0.405365,0.387994,0.411580,0.351645,0.466155,0.231839,0.384162,0.244928,0.506838,0.452072,0.339891,0.345882,0.923633,0.884704,0.093661,0.690580,0.464125,0.403421,0.351882,0.281582,0.890528,0.238024,0.889882,0.168435,0.799823,0.508645,0.280108,0.923760,0.500765,0.690527,0.247775,0.937663,0.890658,0.404758,0.546664,0.643109,0.478832,0.129396,0.130224
SYN_BIGPN_0414,0,0,0,0,0.647840,0.643458,0.487943,0.372162,0.212043,0.121453,0.176336,0.661059,0.882248,0.373717,0.153922,0.330653,0.344693,0.146760,0.134406,0.192082,0.260599,0.671872,0.299178,0.456178,0.249655,0.258050,0.452816,0.886275,0.371519,0.059601,0.583108,0.135291,0.445307,0.678328,0.757783,0.827797,0.825510,0.214806,0.633604,0.130399,0.944355,0.331073,0.355764,0.466629,0.337860,0.591391,0.737651,0.848451,0.509428,0.501394,0.511547,0.127946,0.811531,0.146686,0.581609,0.877881,0.635537,0.741826,0.246521,0.525890,0.123044,0.781055,0.808871,0.671124,0.530336,0.213011,0.538334,0.054316,0.547180,0.382342,0.861730,0.785268,0.935333,0.569064,0.396871,0.584435,0.141689,0.318426,0.310512,0.231263,0.686700,0.114720,0.202472,0.890854,0.472053,0.832907,0.199731,0.567112,0.873715,0.439951,0.413943,0.134924,0.508942,0.172678,0.829323,0.612729,0.319170,0.878802,0.381122,0.472182,0.928847,0.248063,0.935481,0.528635,0.519823,0.820917,0.376670,0.836818,0.638122,0.086198,0.661803,0.159003,0.949487,0.758423,0.160598,0.925839,0.220806
SYN_BIGPN_0415,0,1,0,0,0.396271,0.538356,0.485040,0.149154,0.087312,0.782821,0.576284,0.581316,0.177920,0.471606,0.762861,0.359177,0.830860,0.408342,0.376608,0.934076,0.786031,0.763663,0.850622,0.716024,0.473649,0.439847,0.151186,0.616986,0.628210,0.699112,0.528020,0.386495,0.607429,0.281729,0.634907,0.477921,0.735786,0.131592,0.356626,0.670974,0.579183,0.738814,0.300807,0.250632,0.466371,0.239356,0.820125,0.847154,0.586623,0.338813,0.066932,0.297410,0.198702,0.274552,0.897354,0.624419,0.616454,0.087954,0.639436,0.671589,0.128976,0.637425,0.810565,0.759971,0.390236,0.598174,0.699799,0.505488,0.836728,0.868097,0.445218,0.650178,0.637387,0.695435,0.852658,0.511607,0.444806,0.644289,0.203835,0.329249,0.537634,0.188347,0.145419,0.635053,0.246194,0.336021,0.903802,0.303473,0.053683,0.255572,0.375683,0.404081,0.186911,0.733079,0.466664,0.689902,0.590381,0.231749,0.774132,0.817031,0.297956,0.907944,0.830722,0.543034,0.800454,0.818693,0.368083,0.918971,0.064767,0.781543,0.293208,0.261449,0.782388,0.902086,0.549159,0.504621,0.544464
SYN_BIGPN_0416,1,1,0,0,0.059711,0.348384,0.858289,0.741752,0.247454,0.696595,0.154121,0.119465,0.303820,0.560167,0.220647,0.728373,0.360142,0.633569,0.928856,0.633097,0.342364,0.120346,0.936506,0.744489,0.202277,0.273107,0.321124,0.644258,0.331196,0.511489,0.859553,0.514812,0.082313,0.675344,0.277713,0.330326,0.517039,0.222287,0.557551,0.915828,0.526896,0.831474,0.054751,0.657969,0.274923,0.058201,0.221852,0.390202,0.488448,0.292124,0.635327,0.721101,0.872385,0.107290,0.808688,0.085412,0.373315,0.199965,0.073177,0.630892,0.305343,0.095734,0.599276,0.601436,0.456194,0.598851,0.400503,0.322685,0.358004,0.720527,0.511392,0.772794,0.266723,0.125786,0.138286,0.498603,0.839956,0.408516,0.505699,0.484649,0.812787,0.106955,0.577813,0.244786,0.492179,0.460193,0.223366,0.891330,0.732790,0.494569,0.617035,0.516604,0.515984,0.171132,0.271085,0.062816,0.846296,0.476223,0.870809,0.556348,0.164713,0.678585,0.141774,0.677986,0.277933,0.594047,0.943362,0.664216,0.351809,0.483604,0.802319,0.215593,0.325546,0.585014,0.320008,0.643202,0.928693
SYN_BIGPN_0417,1,1,0,0,0.772987,0.766255,0.082661,0.273196,0.472414,0.165954,0.127092,0.142191,0.832582,0.212735,0.349963,0.736648,0.193435,0.653679,0.366853,0.138607,0.131284,0.635858,0.189199,0.567035,0.667798,0.801283,0.356475,0.384370,0.908745,0.727348,0.788407,0.412850,0.465933,0.716934,0.211820,0.157723,0.721377,0.545341,0.603653,0.673336,0.864534,0.748332,0.710770,0.321566,0.514297,0.490010,0.765608,0.464122,0.175075,0.170860,0.741620,0.228514,0.874241,0.351971,0.110843,0.625688,0.698233,0.497235,0.845804,0.394700,0.487639,0.743060,0.393745,0.732627,0.130700,0.510090,0.168122,0.122091,0.682423,0.764016,0.707823,0.132864,0.262897,0.232973,0.150512,0.496834,0.716419,0.857958,0.466569,0.630063,0.774980,0.801507,0.228463,0.709210,0.492006,0.949532,0.087741,0.481867,0.788811,0.755541,0.925928,0.909008,0.658108,0.855570,0.195010,0.860062,0.629340,0.372712,0.101791,0.298883,0.317197,0.374009,0.731889,0.386717,0.569776,0.331094,0.391677,0.764015,0.563778,0.818875,0.713553,0.903245,0.224471,0.764459,0.612786,0.192145,0.926756
SYN_BIGPN_0418,1,1,1,1,0.201931,0.660704,0.852737,0.758862,0.137337,0.103781,0.788540,0.592825,0.913211,0.485503,0.900214,0.503603,0.524904,0.852858,0.303490,0.428975,0.095166,0.532831,0.305854,0.184113,0.131085,0.738021,0.102976,0.932839,0.207626,0.255505,0.437040,0.095297,0.247003,0.744879,0.379510,0.478461,0.788223,0.556266,0.575601,0.360468,0.707053,0.750536,0.126616,0.858299,0.234771,0.674014,0.853875,0.282789,0.743624,0.632319,0.257424,0.581946,0.311504,0.758527,0.097110,0.325643,0.578119,0.225767,0.160771,0.111095,0.075266,0.643603,0.374210,0.764940,0.928092,0.456011,0.434211,0.458712,0.232537,0.147438,0.623902,0.378506,0.820150,0.729171,0.740995,0.721189,0.199315,0.746399,0.221637,0.407125,0.080852,0.887735,0.465847,0.696638,0.442245,0.112828,0.667987,0.051912,0.528359,0.755351,0.053721,0.424702,0.910721,0.706805,0.135100,0.813996,0.850410,0.359751,0.424707,0.701000,0.840206,0.362982,0.209624,0.697281,0.428358,0.585600,0.124033,0.720735,0.777682,0.849829,0.830946,0.706558,0.826066,0.671975,0.656698,0.126584,0.467210
SYN_BIGPN_0419,0,1,0,1,0.716998,0.603180,0.316232,0.315435,0.536985,0.144118,0.194413,0.264631,0.821870,0.087931,0.142468,0.244378,0.367187,0.696692,0.486958,0.207186,0.918274,0.353774,0.054508,0.900829,0.092497,0.812155,0.910777,0.119721,0.721628,0.318004,0.090873,0.597492,0.233018,0.286029,0.617436,0.121386,0.092473,0.681113,0.102275,0.760354,0.084440,0.096231,0.055038,0.179106,0.527612,0.294909,0.231138,0.434631,0.700792,0.263709,0.632195,0.416971,0.364217,0.805417,0.775621,0.546327,0.231763,0.847925,0.503852,0.735305,0.176636,0.298390,0.851474,0.690536,0.576759,0.676516,0.076104,0.783870,0.101633,0.883803,0.284550,0.890230,0.929110,0.484286,0.822094,0.226398,0.660236,0.587316,0.883161,0.758646,0.702354,0.633825,0.568010,0.157291,0.339316,0.760742,0.861813,0.871273,0.943813,0.561156,0.636333,0.625328,0.855738,0.480571,0.790688,0.132149,0.638697,0.190380,0.324100,0.759202,0.858625,0.514678,0.240970,0.667561,0.132145,0.728233,0.748308,0.815244,0.762221,0.315651,0.055360,0.354744,0.052540,0.366881,0.419604,0.110452,0.211698
SYN_BIGPN_0420,0,0,1,1,0.369922,0.222925,0.868191,0.709819,0.865317,0.243084,0.123041,0.279377,0.280204,0.563789,0.560461,0.449522,0.562999,0.544660,0.485587,0.813353,0.181193,0.660195,0.373232,0.597644,0.761693,0.060594,0.557026,0.206495,0.357892,0.317333,0.822035,0.540612,0.546612,0.606322,0.885998,0.493593,0.362347,0.190518,0.742508,0.293035,0.087246,0.761941,0.277523,0.583191,0.194321,0.449301,0.362315,0.839193,0.297390,0.309628,0.649251,0.730257,0.180263,0.519349,0.131551,0.501785,0.475867,0.558201,0.839607,0.835879,0.238806,0.657033,0.125536,0.076563,0.137181,0.825654,0.621090,0.660555,0.591659,0.518173,0.090572,0.131436,0.882675,0.613446,0.081149,0.614959,0.511290,0.720276,0.638660,0.080362,0.881793,0.828178,0.822555,0.712731,0.560767,0.370524,0.814996,0.362786,0.248952,0.522065,0.596851,0.274482,0.657412,0.195809,0.453548,0.124780,0.078541,0.797463,0.201996,0.430472,0.620243,0.057344,0.098133,0.836129,0.285726,0.290801,0.497208,0.669837,0.167697,0.949806,0.711550,0.276769,0.669713,0.648597,0.730105,0.319241,0.302640
SYN_BIGPN_0421,1,0,0,0,0.372287,0.158885,0.505197,0.344500,0.386736,0.465037,0.715822,0.745889,0.534919,0.676037,0.651991,0.607633,0.547921,0.577175,0.697572,0.646774,0.136960,0.897440,0.328738,0.884622,0.433915,0.154079,0.629672,0.100749,0.366765,0.930066,0.863565,0.817173,0.543909,0.241739,0.635305,0.164838,0.212281,0.701446,0.291906,0.831437,0.627503,0.269339,0.533246,0.345023,0.298238,0.552418,0.461693,0.753409,0.708908,0.156597,0.156824,0.633510,0.839849,0.674788,0.641543,0.199419,0.864035,0.424900,0.402219,0.503368,0.187259,0.287001,0.501474,0.379210,0.061637,0.279253,0.224678,0.809256,0.753594,0.330410,0.935948,0.581258,0.844825,0.934324,0.646080,0.882100,0.156119,0.258814,0.882664,0.896005,0.613312,0.646985,0.307487,0.050150,0.720350,0.793074,0.694594,0.573963,0.452087,0.589503,0.060289,0.074013,0.836517,0.631248,0.774619,0.716240,0.460772,0.287831,0.497647,0.685981,0.385732,0.943024,0.433686,0.617213,0.446540,0.540332,0.389683,0.293631,0.445644,0.365231,0.340412,0.265187,0.288357,0.463811,0.805858,0.456936,0.092367
SYN_BIGPN_0422,0,0,1,1,0.867445,0.553630,0.132394,0.163874,0.214897,0.173761,0.785811,0.513083,0.657788,0.884683,0.659297,0.722510,0.453993,0.652709,0.481534,0.827099,0.348469,0.387326,0.606531,0.674979,0.294808,0.628758,0.378253,0.176795,0.795960,0.715203,0.671829,0.912076,0.525570,0.489173,0.650866,0.585125,0.275720,0.457435,0.719255,0.209054,0.814133,0.140666,0.730874,0.220662,0.432622,0.376304,0.382583,0.203262,0.676379,0.459021,0.399102,0.721129,0.863541,0.848210,0.444441,0.541400,0.532215,0.199480,0.497351,0.832367,0.791510,0.467618,0.725832,0.831003,0.182913,0.225544,0.663448,0.228958,0.584562,0.366188,0.344914,0.326317,0.438748,0.528496,0.528188,0.600720,0.737609,0.174353,0.401884,0.225856,0.087250,0.101755,0.214510,0.262213,0.393643,0.502708,0.348847,0.669706,0.456692,0.151521,0.588913,0.663288,0.661395,0.685410,0.599856,0.625711,0.775404,0.438534,0.608485,0.906940,0.906798,0.333771,0.561499,0.244102,0.733016,0.816063,0.290586,0.124993,0.664637,0.058385,0.809987,0.672123,0.434070,0.119710,0.143003,0.230216,0.437254
SYN_BIGPN_0423,1,1,1,1,0.771885,0.412648,0.398996,0.827174,0.795912,0.209968,0.197213,0.267774,0.265896,0.070809,0.724629,0.223141,0.552572,0.893569,0.797085,0.919811,0.904524,0.418824,0.677869,0.072050,0.695703,0.224045,0.687807,0.359451,0.939677,0.656047,0.407673,0.164397,0.821425,0.528904,0.307503,0.805566,0.259828,0.842479,0.230691,0.343436,0.206715,0.654468,0.280615,0.110817,0.752463,0.310607,0.245828,0.075832,0.834411,0.792151,0.789280,0.488365,0.893387,0.763466,0.915201,0.884014,0.622751,0.251026,0.693741,0.839958,0.235937,0.727050,0.292399,0.931111,0.637700,0.642623,0.240601,0.923125,0.723436,0.531235,0.674113,0.924509,0.921582,0.826289,0.345540,0.194031,0.192887,0.573863,0.636227,0.729932,0.849583,0.742706,0.394382,0.473542,0.280827,0.639403,0.856475,0.073782,0.237950,0.520074,0.577257,0.386848,0.507027,0.422311,0.260510,0.193582,0.433748,0.538759,0.664371,0.173633,0.408650,0.744201,0.503266,0.342250,0.886066,0.385130,0.050059,0.440480,0.110098,0.930103,0.408830,0.560883,0.268257,0.393378,0.843476,0.171347,0.610210
SYN_BIGPN_0424,0,0,0,1,0.056379,0.574991,0.223318,0.831160,0.586074,0.133991,0.543451,0.822652,0.733091,0.576148,0.366110,0.675862,0.367383,0.273527,0.916994,0.837357,0.165748,0.736364,0.945958,0.554335,0.339451,0.580002,0.937497,0.068744,0.375038,0.329620,0.753532,0.235770,0.365115,0.320044,0.065262,0.691981,0.931206,0.353396,0.761487,0.501443,0.741019,0.761082,0.904268,0.507007,0.486895,0.556556,0.940255,0.242774,0.288604,0.540539,0.113546,0.914578,0.912756,0.217714,0.290262,0.166794,0.808599,0.318540,0.355938,0.376679,0.570096,0.504621,0.438943,0.487770,0.118927,0.717438,0.583057,0.639780,0.640801,0.745328,0.464050,0.888794,0.839473,0.303191,0.415300,0.632785,0.106810,0.451769,0.925716,0.453818,0.265187,0.523639,0.626620,0.604186,0.676460,0.759821,0.949200,0.174412,0.724824,0.372784,0.131906,0.547214,0.873111,0.500764,0.249577,0.403957,0.141302,0.749332,0.380126,0.329799,0.303835,0.704753,0.931259,0.422724,0.922279,0.857613,0.935333,0.886780,0.587299,0.231430,0.257408,0.178748,0.582586,0.713536,0.122184,0.521880,0.335688
SYN_BIGPN_0425,1,1,0,1,0.895784,0.760157,0.901416,0.641106,0.833143,0.347270,0.178831,0.164777,0.171803,0.630035,0.523157,0.592384,0.685577,0.636650,0.859365,0.872534,0.285921,0.193511,0.302565,0.558199,0.857907,0.386193,0.574656,0.559531,0.910759,0.631960,0.409395,0.429944,0.599468,0.917230,0.774998,0.570573,0.846989,0.527902,0.772599,0.810616,0.876320,0.275673,0.155752,0.125061,0.569138,0.735105,0.053934,0.593979,0.378593,0.768412,0.230498,0.095104,0.924426,0.190112,0.597508,0.542672,0.759075,0.584139,0.084734,0.492898,0.669057,0.591945,0.508312,0.457120,0.248504,0.425383,0.629557,0.491050,0.860963,0.051581,0.525423,0.467923,0.473596,0.320368,0.839570,0.730671,0.146721,0.098780,0.293763,0.887884,0.374212,0.539441,0.138629,0.237879,0.890632,0.702777,0.873453,0.084596,0.455195,0.890784,0.060880,0.677531,0.834954,0.526946,0.433320,0.901428,0.803704,0.672054,0.568071,0.714042,0.597884,0.396756,0.111195,0.221270,0.691260,0.754494,0.062499,0.411308,0.625485,0.663084,0.935246,0.109623,0.308961,0.760126,0.500344,0.846701,0.766465
SYN_BIGPN_0426,1,1,0,0,0.401608,0.099112,0.876996,0.761015,0.496864,0.498617,0.437976,0.667545,0.437407,0.446075,0.261793,0.743884,0.766282,0.557178,0.060011,0.167609,0.404052,0.456272,0.719726,0.706173,0.260763,0.180686,0.806486,0.529793,0.311399,0.538162,0.558335,0.662960,0.078631,0.185376,0.444336,0.528285,0.314529,0.086832,0.109722,0.565059,0.472539,0.571795,0.306815,0.631143,0.256330,0.676391,0.738457,0.940325,0.145364,0.353525,0.515669,0.058561,0.328311,0.161311,0.835921,0.942317,0.611837,0.609533,0.439257,0.417662,0.394950,0.211891,0.530354,0.942278,0.570564,0.354879,0.485452,0.610008,0.193034,0.779946,0.844163,0.356732,0.773347,0.884330,0.628281,0.367270,0.116687,0.327936,0.173200,0.928917,0.596326,0.798315,0.216873,0.251560,0.828661,0.365185,0.468633,0.190344,0.208257,0.239444,0.449580,0.287131,0.612950,0.100917,0.219752,0.553949,0.746568,0.069969,0.451058,0.505771,0.148288,0.213450,0.747504,0.288182,0.752815,0.632376,0.666976,0.280349,0.859278,0.199578,0.213769,0.585875,0.135127,0.112046,0.638685,0.327941,0.292319
SYN_BIGPN_0427,0,0,0,1,0.720599,0.487137,0.682692,0.747872,0.196518,0.454595,0.928884,0.804355,0.176337,0.329900,0.757265,0.852943,0.255784,0.376972,0.164477,0.703280,0.369212,0.673389,0.443443,0.291900,0.660029,0.911279,0.239126,0.924164,0.731164,0.549195,0.133653,0.390773,0.230276,0.562410,0.364572,0.415379,0.544536,0.105114,0.752502,0.214855,0.663482,0.157113,0.538766,0.877608,0.504856,0.174448,0.822077,0.377724,0.278955,0.646933,0.166228,0.437506,0.541281,0.525477,0.566150,0.926611,0.832520,0.779449,0.696761,0.455439,0.495221,0.463368,0.725183,0.276730,0.351944,0.315478,0.925630,0.301494,0.375901,0.764390,0.414509,0.464121,0.307669,0.612178,0.095112,0.478706,0.814627,0.244607,0.228729,0.494403,0.328977,0.859743,0.635528,0.181200,0.242443,0.443022,0.226986,0.860180,0.851543,0.217972,0.886289,0.479136,0.054892,0.449846,0.832528,0.744514,0.121934,0.297232,0.600203,0.780836,0.356292,0.490785,0.855507,0.867760,0.110000,0.879325,0.491167,0.240141,0.591978,0.588750,0.353422,0.556434,0.847659,0.503830,0.256455,0.081895,0.649400
SYN_BIGPN_0428,1,0,0,1,0.594673,0.369881,0.862391,0.849371,0.442421,0.801006,0.131569,0.792611,0.535816,0.929262,0.366627,0.096085,0.164042,0.865470,0.365925,0.424122,0.726690,0.565002,0.652616,0.578152,0.655842,0.403929,0.078360,0.613710,0.129943,0.649163,0.139010,0.163638,0.368352,0.903074,0.666945,0.275136,0.282544,0.425923,0.144995,0.752680,0.217579,0.311357,0.536694,0.856234,0.407546,0.489572,0.349758,0.552359,0.130759,0.157001,0.768105,0.944465,0.071640,0.448363,0.251741,0.427111,0.133778,0.832027,0.285356,0.144707,0.868715,0.688974,0.210532,0.589622,0.300133,0.696842,0.639715,0.585850,0.561966,0.838958,0.864504,0.235570,0.373825,0.239869,0.522922,0.202020,0.124480,0.587848,0.119561,0.381503,0.268661,0.666601,0.346811,0.463359,0.620770,0.710014,0.769806,0.357659,0.494729,0.423971,0.080572,0.895566,0.441192,0.757379,0.467847,0.427958,0.305947,0.853389,0.084369,0.913575,0.699920,0.585505,0.634989,0.654610,0.157109,0.348443,0.816397,0.929307,0.835108,0.604901,0.852088,0.676364,0.680306,0.793024,0.175553,0.199412,0.519964
SYN_BIGPN_0429,0,1,1,1,0.913773,0.509063,0.225806,0.190652,0.211055,0.907477,0.266944,0.146394,0.666369,0.780850,0.532434,0.921490,0.663971,0.130474,0.137194,0.114234,0.290233,0.393401,0.326434,0.646207,0.180653,0.760865,0.835020,0.873619,0.724109,0.838115,0.598980,0.742113,0.059331,0.329665,0.715716,0.586444,0.175805,0.906015,0.566108,0.569202,0.771119,0.185934,0.550427,0.373831,0.646587,0.403276,0.410991,0.566970,0.216005,0.237244,0.808426,0.093381,0.108258,0.740462,0.279114,0.855165,0.375194,0.862830,0.402388,0.127426,0.939382,0.650475,0.090886,0.504596,0.232866,0.256930,0.902323,0.299178,0.409159,0.266583,0.523034,0.433474,0.135100,0.625812,0.169090,0.263200,0.535252,0.389755,0.446483,0.517948,0.498555,0.833459,0.245485,0.498136,0.474808,0.939073,0.241554,0.201302,0.473727,0.657242,0.625128,0.622888,0.868150,0.925602,0.874321,0.565990,0.763581,0.869300,0.436472,0.866151,0.384791,0.285534,0.695649,0.810864,0.082653,0.460116,0.557422,0.629702,0.531680,0.524720,0.170814,0.573345,0.510727,0.769601,0.457154,0.467698,0.628884
SYN_BIGPN_0430,0,1,0,0,0.082479,0.707989,0.558492,0.742177,0.384510,0.508887,0.551688,0.332530,0.597556,0.471852,0.099594,0.367327,0.910795,0.868145,0.807607,0.734137,0.744041,0.277195,0.618706,0.303463,0.235223,0.933021,0.092457,0.543255,0.870150,0.729901,0.786892,0.683688,0.504852,0.639393,0.588696,0.873351,0.621374,0.407207,0.810290,0.126653,0.115053,0.127292,0.810146,0.729380,0.523617,0.243720,0.399933,0.803614,0.404799,0.236945,0.849555,0.551199,0.590815,0.408771,0.935983,0.255110,0.836407,0.868444,0.231447,0.434652,0.750636,0.802342,0.392119,0.646000,0.948819,0.741929,0.375388,0.326069,0.304870,0.552502,0.122778,0.408134,0.497254,0.069551,0.223811,0.395783,0.201343,0.241923,0.755726,0.250996,0.454570,0.595161,0.356844,0.432588,0.570543,0.638679,0.474652,0.107061,0.648537,0.238588,0.158905,0.548819,0.375067,0.612145,0.770394,0.432772,0.732724,0.754987,0.078748,0.186582,0.224908,0.824603,0.721783,0.290145,0.899094,0.668874,0.795499,0.156714,0.620238,0.949028,0.718866,0.354512,0.708523,0.050574,0.261473,0.506470,0.252462
SYN_BIGPN_0431,0,0,0,0,0.588879,0.276907,0.488754,0.238152,0.722777,0.934522,0.321349,0.702708,0.435263,0.720770,0.844463,0.384265,0.940777,0.588597,0.442676,0.546134,0.690819,0.603762,0.629680,0.337636,0.264994,0.591302,0.705521,0.794255,0.315699,0.467027,0.567090,0.939008,0.258302,0.172829,0.342873,0.117704,0.636160,0.239024,0.340699,0.596385,0.356275,0.526134,0.233051,0.666100,0.917283,0.669338,0.868586,0.081994,0.234504,0.541442,0.836171,0.390798,0.374901,0.314775,0.273367,0.462176,0.910647,0.506743,0.357929,0.792186,0.371748,0.111162,0.340201,0.336476,0.809319,0.561710,0.198221,0.222279,0.325124,0.295146,0.268931,0.349510,0.869729,0.500480,0.129160,0.398744,0.204884,0.733021,0.250510,0.237519,0.905791,0.209632,0.686567,0.647617,0.285282,0.601770,0.275862,0.768660,0.237531,0.426544,0.631956,0.935353,0.524617,0.183739,0.621121,0.211534,0.902318,0.088088,0.348077,0.538855,0.665340,0.672510,0.283381,0.130301,0.301199,0.244264,0.830296,0.458651,0.643938,0.626108,0.596199,0.065363,0.871026,0.217514,0.605223,0.739859,0.089684
SYN_BIGPN_0432,1,0,1,1,0.484354,0.177243,0.610732,0.509776,0.061729,0.081837,0.395897,0.558308,0.318195,0.470045,0.816530,0.246217,0.077966,0.300746,0.508600,0.258530,0.710113,0.863097,0.406248,0.932425,0.557445,0.199845,0.501269,0.226132,0.129161,0.434652,0.659749,0.108060,0.386579,0.843005,0.278486,0.820096,0.322783,0.660505,0.441170,0.672322,0.233457,0.370241,0.359322,0.353477,0.154207,0.122933,0.785300,0.546398,0.537356,0.794483,0.922416,0.191165,0.364521,0.369135,0.598944,0.116810,0.412191,0.559925,0.367346,0.903169,0.524589,0.887093,0.526984,0.766147,0.461782,0.926838,0.419460,0.238556,0.099636,0.944276,0.212424,0.238858,0.533469,0.856208,0.890245,0.770705,0.544705,0.106377,0.140094,0.474964,0.726398,0.279387,0.236722,0.594944,0.411894,0.709559,0.821292,0.453671,0.193909,0.107220,0.383615,0.387467,0.251366,0.674323,0.386825,0.881587,0.120634,0.239140,0.378517,0.747374,0.836391,0.773387,0.775536,0.948823,0.643637,0.085378,0.618397,0.611642,0.402416,0.868557,0.896009,0.912585,0.601256,0.879300,0.074355,0.731048,0.101349
SYN_BIGPN_0433,1,1,0,1,0.087883,0.222922,0.639697,0.284968,0.488127,0.641755,0.946917,0.076114,0.175948,0.244743,0.636658,0.818539,0.166378,0.847506,0.906640,0.449644,0.243303,0.053622,0.646166,0.363808,0.539547,0.729226,0.649112,0.259334,0.295215,0.625232,0.617903,0.427892,0.084000,0.172816,0.450846,0.430754,0.654770,0.942092,0.465523,0.511416,0.842165,0.828419,0.355873,0.594659,0.137318,0.521092,0.276197,0.389660,0.102768,0.274667,0.236777,0.937696,0.616182,0.493534,0.587699,0.572033,0.602417,0.622879,0.502254,0.844681,0.552367,0.637188,0.141202,0.488043,0.491139,0.888788,0.389645,0.058211,0.796816,0.604701,0.822298,0.165753,0.824512,0.399174,0.341788,0.656187,0.815666,0.625327,0.837690,0.539146,0.480965,0.396379,0.376378,0.656806,0.155814,0.856377,0.608980,0.511949,0.545014,0.340523,0.793567,0.535738,0.397854,0.218659,0.097794,0.659918,0.558137,0.449145,0.523180,0.199734,0.555387,0.143889,0.345805,0.736337,0.523074,0.863256,0.512920,0.898622,0.655299,0.330104,0.711386,0.212699,0.444803,0.082333,0.740380,0.571091,0.796185
SYN_BIGPN_0434,0,0,1,0,0.674250,0.761761,0.796405,0.453293,0.883564,0.059642,0.852453,0.155656,0.167671,0.232347,0.662039,0.590848,0.822392,0.100186,0.405557,0.344765,0.871546,0.242705,0.556711,0.179188,0.050812,0.452633,0.780466,0.115277,0.844597,0.894126,0.632451,0.729940,0.465030,0.192392,0.535861,0.911145,0.838980,0.505702,0.502021,0.572134,0.219967,0.774491,0.825313,0.419310,0.361822,0.597539,0.099756,0.890679,0.613799,0.392129,0.508971,0.055712,0.639028,0.459327,0.646425,0.756938,0.710142,0.831047,0.876557,0.919392,0.818187,0.442173,0.443473,0.394688,0.454283,0.323397,0.057059,0.136787,0.640730,0.364627,0.372600,0.767158,0.597734,0.656382,0.380285,0.821286,0.655232,0.744887,0.689611,0.450425,0.097135,0.521808,0.689558,0.113712,0.149353,0.639021,0.510896,0.521301,0.256749,0.116760,0.164712,0.685722,0.353445,0.418388,0.827234,0.873510,0.206150,0.908980,0.765275,0.349132,0.800393,0.633407,0.671004,0.885085,0.746140,0.910098,0.643782,0.383265,0.602131,0.732265,0.418658,0.095928,0.126716,0.179278,0.289856,0.426709,0.704279
SYN_BIGPN_0435,1,0,0,0,0.515493,0.392868,0.657470,0.487748,0.652546,0.772089,0.536596,0.707903,0.543908,0.240838,0.295056,0.092755,0.699645,0.539621,0.712130,0.079550,0.244905,0.507810,0.566328,0.256594,0.531347,0.573228,0.585016,0.144472,0.901815,0.815545,0.907569,0.225578,0.076205,0.760415,0.883852,0.376168,0.698030,0.576478,0.521250,0.372815,0.623857,0.760732,0.524311,0.641538,0.815923,0.062061,0.385812,0.526970,0.093263,0.253045,0.267084,0.259413,0.092874,0.200111,0.283782,0.646384,0.389255,0.522811,0.774300,0.089247,0.123635,0.841117,0.106879,0.733307,0.772752,0.883989,0.771448,0.874874,0.467004,0.608008,0.869283,0.312621,0.104914,0.861049,0.439693,0.155729,0.390011,0.688828,0.108562,0.777575,0.835742,0.574826,0.138539,0.748652,0.539882,0.255135,0.319267,0.504097,0.418947,0.848533,0.811999,0.215346,0.709839,0.300691,0.883237,0.467479,0.735729,0.871253,0.717860,0.352616,0.295243,0.060014,0.795760,0.234007,0.457523,0.269850,0.792818,0.277167,0.388696,0.278775,0.806561,0.347248,0.578385,0.821270,0.821649,0.607020,0.061545
SYN_BIGPN_0436,1,1,0,0,0.445532,0.172554,0.416020,0.379239,0.290946,0.452923,0.631256,0.117339,0.342905,0.867457,0.110615,0.943322,0.886832,0.636207,0.875755,0.939666,0.366341,0.861838,0.269679,0.173104,0.240433,0.681159,0.255607,0.343039,0.678634,0.654175,0.227252,0.512130,0.449210,0.201807,0.747957,0.427462,0.377039,0.905301,0.504205,0.653830,0.675298,0.374323,0.506653,0.705826,0.504866,0.448452,0.236051,0.831194,0.254538,0.463621,0.794584,0.211175,0.784273,0.129463,0.670908,0.366369,0.730879,0.076470,0.595477,0.408079,0.180121,0.076850,0.707442,0.074468,0.512646,0.534253,0.208621,0.823552,0.328747,0.601074,0.904244,0.799733,0.132910,0.345231,0.640619,0.443963,0.273465,0.630441,0.806159,0.080111,0.140558,0.423686,0.928731,0.812310,0.726034,0.645662,0.207299,0.491434,0.615690,0.361885,0.688680,0.206961,0.462162,0.693734,0.765267,0.836225,0.696208,0.306702,0.146318,0.537146,0.650589,0.148678,0.770979,0.241538,0.052298,0.683379,0.717564,0.913339,0.545854,0.872133,0.078234,0.341870,0.095761,0.341881,0.492276,0.102908,0.692749
SYN_BIGPN_0437,1,0,1,0,0.567713,0.617063,0.782773,0.567941,0.830470,0.116279,0.666234,0.061556,0.081584,0.208603,0.903575,0.104882,0.810717,0.695650,0.730508,0.678068,0.337947,0.776800,0.263194,0.717411,0.211692,0.271359,0.566365,0.153052,0.405337,0.275088,0.594620,0.678091,0.787753,0.802809,0.702362,0.609719,0.831645,0.635571,0.405345,0.206461,0.916017,0.682125,0.802737,0.745799,0.053310,0.831405,0.819128,0.732020,0.157515,0.877556,0.548122,0.080989,0.200443,0.853573,0.629872,0.370812,0.475429,0.877809,0.473521,0.663152,0.841878,0.161745,0.610056,0.283644,0.868713,0.236898,0.713013,0.363128,0.623593,0.559228,0.425201,0.694417,0.821518,0.303063,0.314653,0.544172,0.306122,0.894650,0.904845,0.376575,0.248297,0.109684,0.733944,0.406897,0.056004,0.846230,0.937957,0.841831,0.239667,0.370687,0.235610,0.079915,0.182060,0.565858,0.293671,0.851746,0.125254,0.640723,0.071794,0.570067,0.780854,0.639953,0.843588,0.626743,0.576775,0.759603,0.871496,0.250175,0.716927,0.555639,0.782469,0.130846,0.478014,0.760826,0.154980,0.857892,0.183207
SYN_BIGPN_0438,0,0,1,0,0.716687,0.693850,0.425288,0.856991,0.223384,0.399351,0.786150,0.824606,0.196814,0.516652,0.595673,0.880057,0.244236,0.308408,0.192316,0.155760,0.310681,0.863630,0.413566,0.125593,0.210879,0.102230,0.901799,0.435039,0.448036,0.758433,0.792066,0.092481,0.912317,0.945749,0.380049,0.282472,0.227673,0.450479,0.771688,0.672542,0.128792,0.529444,0.295415,0.229403,0.595922,0.147548,0.152403,0.267871,0.230576,0.931408,0.120089,0.473772,0.529366,0.223692,0.519826,0.341846,0.921899,0.484052,0.547516,0.604659,0.177793,0.475734,0.727340,0.863988,0.805486,0.545352,0.806254,0.412946,0.497632,0.306253,0.626050,0.398588,0.891139,0.489223,0.495424,0.104846,0.593765,0.462088,0.438338,0.126690,0.399674,0.171275,0.167262,0.222382,0.773814,0.261833,0.289323,0.906917,0.330962,0.901520,0.832450,0.240989,0.416486,0.820704,0.571244,0.895068,0.864412,0.653767,0.647886,0.554976,0.653774,0.118130,0.614752,0.344029,0.727538,0.696833,0.510218,0.499478,0.542624,0.497716,0.517811,0.636286,0.753838,0.508607,0.093356,0.911339,0.899004
SYN_BIGPN_0439,1,0,1,0,0.502235,0.152613,0.050826,0.535381,0.429667,0.550337,0.350268,0.890128,0.814518,0.676330,0.590025,0.713553,0.555562,0.668089,0.216326,0.528274,0.483324,0.243919,0.550728,0.466666,0.435355,0.483452,0.719395,0.259543,0.149348,0.700054,0.135787,0.463909,0.090835,0.235310,0.181476,0.730623,0.614469,0.153363,0.726613,0.217631,0.894354,0.734972,0.384451,0.106946,0.116322,0.431961,0.944765,0.589327,0.067127,0.076584,0.856167,0.922658,0.322996,0.224670,0.536037,0.225001,0.931350,0.946344,0.795793,0.770958,0.582938,0.482471,0.894290,0.128216,0.847476,0.543411,0.359577,0.736086,0.446784,0.617035,0.336273,0.215716,0.762544,0.106765,0.470835,0.773821,0.306254,0.201140,0.896254,0.231358,0.942202,0.350622,0.637944,0.707960,0.532844,0.587067,0.292141,0.737526,0.270511,0.718433,0.264190,0.913075,0.054691,0.246061,0.192809,0.763482,0.612016,0.654661,0.522612,0.567034,0.652376,0.756637,0.829481,0.664901,0.261773,0.877409,0.921296,0.909732,0.524616,0.479149,0.163616,0.278708,0.257248,0.915395,0.231460,0.138583,0.639722
SYN_BIGPN_0440,0,1,1,0,0.731461,0.481618,0.125957,0.552295,0.154238,0.185428,0.126880,0.138113,0.932665,0.898672,0.851797,0.099919,0.281605,0.054764,0.448246,0.084660,0.765345,0.388068,0.073482,0.898864,0.453234,0.452457,0.838031,0.890291,0.432392,0.619398,0.119109,0.515817,0.606581,0.949770,0.072653,0.711319,0.536655,0.369769,0.111429,0.447589,0.424242,0.724697,0.881292,0.742617,0.287437,0.308517,0.368747,0.249439,0.920871,0.805713,0.084042,0.922914,0.901111,0.910907,0.557724,0.320267,0.665459,0.740807,0.365707,0.319902,0.402884,0.918102,0.836884,0.102809,0.571524,0.364312,0.075514,0.582986,0.313841,0.845790,0.912641,0.346357,0.290538,0.912615,0.143984,0.519366,0.164213,0.091062,0.917145,0.912423,0.908586,0.746181,0.525838,0.171272,0.396878,0.188668,0.924341,0.673368,0.537152,0.332781,0.917715,0.148678,0.704647,0.339220,0.448011,0.515099,0.724333,0.272218,0.257887,0.847715,0.262425,0.511218,0.742672,0.115243,0.931336,0.178314,0.201729,0.637861,0.581666,0.402364,0.620542,0.712490,0.594755,0.484180,0.861411,0.193492,0.678102
SYN_BIGPN_0441,0,0,1,0,0.545465,0.844185,0.516980,0.230443,0.648080,0.342393,0.118981,0.405613,0.195989,0.745635,0.841584,0.350117,0.913737,0.870044,0.796327,0.315215,0.152836,0.219368,0.770762,0.456306,0.380890,0.168283,0.259243,0.321767,0.113019,0.154724,0.683027,0.372586,0.806159,0.599763,0.518648,0.595787,0.947753,0.465539,0.354030,0.424638,0.543859,0.744874,0.458388,0.544685,0.811674,0.634718,0.302631,0.470938,0.741339,0.250292,0.058346,0.887455,0.479743,0.300086,0.614867,0.691053,0.792377,0.152700,0.613998,0.481074,0.524748,0.176787,0.910219,0.747834,0.798053,0.197403,0.095991,0.634142,0.521481,0.409705,0.792798,0.806590,0.178566,0.601759,0.632636,0.271839,0.716474,0.249951,0.819733,0.424725,0.484447,0.554931,0.913962,0.060576,0.152196,0.601386,0.169560,0.699240,0.379461,0.585958,0.159342,0.187612,0.888131,0.360236,0.316150,0.824388,0.338728,0.483309,0.295092,0.209960,0.713262,0.335029,0.554461,0.453236,0.154064,0.406443,0.101171,0.868687,0.222472,0.262710,0.309710,0.274155,0.183007,0.096456,0.246177,0.289334,0.375888
SYN_BIGPN_0442,1,1,0,1,0.895111,0.866369,0.784258,0.897793,0.322054,0.325281,0.375921,0.719677,0.666492,0.350225,0.498091,0.221420,0.374990,0.155396,0.293892,0.407543,0.735533,0.404064,0.911687,0.577024,0.843918,0.186128,0.154492,0.315060,0.456317,0.873741,0.854700,0.152111,0.353699,0.754884,0.267539,0.403870,0.521337,0.234316,0.320035,0.681491,0.922038,0.706260,0.817350,0.088972,0.945580,0.834159,0.252655,0.071532,0.751708,0.857102,0.193658,0.403520,0.948680,0.297201,0.724728,0.188606,0.141017,0.593091,0.715464,0.399375,0.359349,0.179175,0.513757,0.451486,0.343040,0.270307,0.877585,0.063390,0.794090,0.836765,0.317667,0.751441,0.162933,0.252065,0.828478,0.770308,0.054969,0.517694,0.434151,0.678046,0.522411,0.581941,0.384978,0.835647,0.253168,0.120408,0.255456,0.218870,0.239649,0.852761,0.662438,0.565477,0.939588,0.076059,0.204212,0.750973,0.247363,0.419561,0.311642,0.220545,0.109007,0.398008,0.175507,0.611532,0.661941,0.509309,0.109283,0.758341,0.856799,0.091396,0.156199,0.333358,0.292840,0.232893,0.187277,0.941403,0.143297
SYN_BIGPN_0443,1,0,1,1,0.704557,0.087187,0.362340,0.824885,0.550600,0.490055,0.462007,0.183351,0.337865,0.394187,0.436324,0.335056,0.582242,0.692970,0.538723,0.925672,0.656833,0.120264,0.283218,0.613099,0.105132,0.142928,0.858174,0.933080,0.788347,0.361441,0.578286,0.747260,0.260347,0.892329,0.303215,0.169970,0.853851,0.942979,0.281885,0.573701,0.309762,0.816228,0.540556,0.876107,0.099118,0.375804,0.862748,0.278548,0.549026,0.499448,0.373735,0.126064,0.548056,0.699530,0.334858,0.542860,0.352319,0.736339,0.688710,0.229309,0.510896,0.596866,0.758688,0.065286,0.303438,0.444074,0.093435,0.240205,0.490205,0.419698,0.330626,0.781366,0.315199,0.090259,0.709393,0.124229,0.488217,0.805629,0.534137,0.815739,0.155155,0.094358,0.476745,0.609888,0.190606,0.082644,0.412832,0.428263,0.643341,0.662382,0.786329,0.536996,0.278101,0.549384,0.220835,0.315201,0.812547,0.239773,0.823995,0.643323,0.606230,0.943259,0.487723,0.263483,0.543597,0.110580,0.301602,0.584149,0.213781,0.597596,0.133466,0.113553,0.562817,0.754510,0.200876,0.419165,0.420980
SYN_BIGPN_0444,1,1,1,1,0.720054,0.794686,0.630377,0.890239,0.914712,0.557885,0.144518,0.078532,0.422255,0.324665,0.368402,0.237953,0.641978,0.219436,0.798197,0.559851,0.946183,0.583728,0.831135,0.886236,0.131743,0.470724,0.055311,0.644785,0.186748,0.788177,0.330360,0.784048,0.482405,0.944191,0.572235,0.736715,0.776934,0.463299,0.239548,0.362942,0.683444,0.932343,0.594750,0.876015,0.334972,0.695803,0.265415,0.853825,0.297382,0.899707,0.687862,0.659818,0.264565,0.386930,0.569130,0.715085,0.107425,0.114892,0.742679,0.440770,0.164172,0.512367,0.446321,0.331061,0.803572,0.712025,0.826386,0.373531,0.156772,0.451977,0.590721,0.161512,0.664770,0.270074,0.603627,0.516434,0.669769,0.218306,0.543159,0.478687,0.819806,0.888880,0.349597,0.246524,0.750928,0.485816,0.123430,0.561803,0.487208,0.542065,0.582156,0.347320,0.716932,0.198599,0.830681,0.375595,0.711302,0.384388,0.211354,0.601572,0.583076,0.415978,0.289373,0.906935,0.348321,0.787475,0.075257,0.090432,0.238009,0.535997,0.579416,0.838190,0.279781,0.764389,0.637080,0.168942,0.310776
SYN_BIGPN_0445,1,0,0,1,0.332954,0.824405,0.823027,0.726275,0.125475,0.314805,0.788959,0.254470,0.840228,0.311564,0.635644,0.682654,0.298342,0.906062,0.483293,0.262635,0.878189,0.107229,0.634579,0.108667,0.202948,0.858232,0.477700,0.453716,0.832203,0.394298,0.109026,0.617407,0.314290,0.777342,0.496598,0.463610,0.347557,0.298827,0.580957,0.213323,0.908664,0.716778,0.666652,0.894503,0.587349,0.343985,0.080025,0.428361,0.547595,0.884584,0.094441,0.456825,0.559753,0.491866,0.282585,0.537048,0.897017,0.642682,0.275554,0.652697,0.198905,0.720031,0.269859,0.626818,0.931662,0.789208,0.105837,0.832307,0.842176,0.286064,0.464138,0.725734,0.537401,0.453374,0.394613,0.938250,0.880066,0.217586,0.783211,0.896816,0.557558,0.818021,0.659138,0.835723,0.500148,0.804270,0.243119,0.649739,0.402632,0.066965,0.323700,0.870827,0.932062,0.517576,0.156364,0.863697,0.624797,0.283480,0.622820,0.591655,0.918872,0.431317,0.545083,0.455158,0.253715,0.207745,0.107732,0.328238,0.577992,0.877703,0.393255,0.575768,0.547195,0.309753,0.863079,0.494935,0.477623
SYN_BIGPN_0446,0,1,0,1,0.926776,0.696272,0.064162,0.643371,0.666162,0.731987,0.409892,0.819570,0.777551,0.368625,0.188643,0.490363,0.096333,0.384506,0.194410,0.904669,0.740123,0.136899,0.587537,0.138540,0.545772,0.319135,0.530306,0.763947,0.378988,0.911307,0.835712,0.568904,0.675669,0.734271,0.086826,0.764134,0.385334,0.756009,0.067636,0.902426,0.271927,0.684964,0.330517,0.866165,0.699669,0.761157,0.346156,0.173856,0.830445,0.461365,0.542124,0.116277,0.184693,0.536505,0.882971,0.783864,0.213899,0.327009,0.830258,0.459806,0.522456,0.426041,0.266079,0.459162,0.818412,0.373771,0.261169,0.605444,0.235752,0.201664,0.221877,0.853671,0.234846,0.323124,0.605616,0.660971,0.538934,0.792792,0.759676,0.796710,0.670575,0.440401,0.124767,0.654494,0.785905,0.518247,0.825091,0.675833,0.861426,0.519476,0.683907,0.241076,0.602048,0.635980,0.167412,0.606773,0.598256,0.469951,0.216840,0.655296,0.948904,0.081871,0.830697,0.765746,0.409534,0.820664,0.811375,0.181674,0.118340,0.643936,0.247434,0.438116,0.485459,0.130454,0.506367,0.099708,0.181140
SYN_BIGPN_0447,1,1,0,0,0.226782,0.589369,0.185446,0.326208,0.655329,0.378808,0.938625,0.828433,0.264253,0.430359,0.113034,0.587893,0.843050,0.863701,0.437152,0.708071,0.318980,0.903380,0.882438,0.728259,0.088404,0.270558,0.231568,0.798831,0.621630,0.229399,0.109371,0.223989,0.412461,0.691084,0.904567,0.267732,0.287708,0.916490,0.073016,0.243825,0.109402,0.939160,0.474348,0.294332,0.348564,0.939098,0.534013,0.335515,0.240553,0.298111,0.803409,0.293272,0.567838,0.298747,0.223185,0.639495,0.330775,0.838189,0.086713,0.943095,0.142352,0.261236,0.838362,0.392821,0.137079,0.785726,0.771866,0.418917,0.838189,0.252557,0.105005,0.200156,0.301537,0.712578,0.401910,0.687404,0.721077,0.294282,0.892100,0.424104,0.274546,0.839594,0.749939,0.823278,0.527757,0.052820,0.105944,0.232644,0.823567,0.785306,0.625180,0.054039,0.393557,0.934150,0.898947,0.340157,0.762388,0.593900,0.785484,0.605540,0.127506,0.484971,0.734891,0.091192,0.841987,0.294507,0.648506,0.413392,0.059713,0.226920,0.334538,0.240745,0.899840,0.071300,0.497863,0.226391,0.298756
SYN_BIGPN_0448,1,0,0,0,0.261764,0.553794,0.679504,0.363261,0.515016,0.729676,0.241687,0.163158,0.470085,0.843256,0.676951,0.193520,0.278459,0.664253,0.243528,0.083279,0.930797,0.896536,0.515988,0.582718,0.303910,0.437614,0.063574,0.763076,0.352820,0.848892,0.838263,0.882877,0.352882,0.425177,0.928625,0.566659,0.244580,0.591647,0.946020,0.662245,0.767285,0.821531,0.638496,0.261981,0.451438,0.339513,0.054968,0.409558,0.428398,0.277485,0.704238,0.226400,0.592445,0.153500,0.818215,0.934720,0.064047,0.237357,0.311836,0.566769,0.668248,0.724943,0.650936,0.297435,0.764414,0.132212,0.826336,0.673907,0.540179,0.232552,0.054621,0.167128,0.171831,0.855442,0.604854,0.681080,0.806161,0.304096,0.314174,0.288840,0.709912,0.533616,0.757227,0.861770,0.936133,0.571736,0.630305,0.492928,0.930037,0.685210,0.137222,0.511208,0.315145,0.262104,0.502922,0.855939,0.594323,0.716502,0.343017,0.359148,0.686216,0.865071,0.121337,0.806884,0.523195,0.163035,0.332191,0.921825,0.485601,0.716249,0.086716,0.698935,0.767839,0.740919,0.096038,0.289136,0.895557
SYN_BIGPN_0449,1,1,1,1,0.626027,0.794969,0.168064,0.752365,0.224677,0.385397,0.264418,0.090038,0.301808,0.850203,0.639678,0.592110,0.412000,0.826523,0.561857,0.191541,0.266237,0.780652,0.252184,0.526637,0.150037,0.522284,0.607569,0.521883,0.868111,0.786204,0.406155,0.283691,0.429113,0.642303,0.144705,0.853586,0.315055,0.594065,0.684553,0.246369,0.220514,0.822538,0.663856,0.653153,0.063237,0.222720,0.196168,0.706851,0.885767,0.113067,0.380627,0.067616,0.415065,0.108391,0.547820,0.253845,0.674185,0.089873,0.797809,0.373129,0.140836,0.185494,0.577744,0.499321,0.808427,0.536394,0.388160,0.517587,0.577624,0.589763,0.155582,0.331571,0.364934,0.133780,0.409767,0.430507,0.746230,0.169808,0.495867,0.385753,0.241084,0.343474,0.557365,0.649405,0.629327,0.902917,0.408943,0.858818,0.942125,0.421818,0.887752,0.082891,0.750697,0.116605,0.560318,0.243549,0.782492,0.674259,0.404471,0.820603,0.673034,0.797290,0.815086,0.139969,0.379165,0.827022,0.262576,0.093557,0.667421,0.633924,0.219240,0.568144,0.573580,0.149986,0.874263,0.170207,0.864059
SYN_BIGPN_0450,0,0,0,1,0.300913,0.859730,0.136159,0.171724,0.779452,0.173958,0.891861,0.052342,0.554863,0.236600,0.457291,0.055199,0.104781,0.612011,0.655780,0.161126,0.944656,0.549026,0.677885,0.296123,0.182213,0.585514,0.825447,0.508583,0.763806,0.682022,0.262122,0.539592,0.334247,0.082647,0.551368,0.527659,0.909512,0.837561,0.577776,0.473620,0.537450,0.203198,0.916676,0.407086,0.201316,0.409992,0.867762,0.068464,0.641089,0.376968,0.832774,0.146533,0.074278,0.498545,0.306497,0.676486,0.256062,0.650933,0.677121,0.807148,0.177923,0.277304,0.156140,0.932123,0.581410,0.078455,0.230766,0.713040,0.494940,0.907403,0.725262,0.342587,0.879141,0.127240,0.222100,0.295928,0.255440,0.644996,0.656785,0.175141,0.172401,0.767186,0.730312,0.521977,0.457709,0.339678,0.342305,0.385988,0.361882,0.424081,0.219213,0.615928,0.765272,0.236872,0.085581,0.132512,0.204829,0.185623,0.768564,0.248442,0.254914,0.113355,0.872853,0.432301,0.596952,0.856545,0.410850,0.532191,0.525411,0.706028,0.303310,0.181182,0.548613,0.882507,0.262784,0.272532,0.751391
SYN_BIGPN_0451,1,0,1,1,0.067906,0.908272,0.639120,0.422180,0.422377,0.627281,0.813938,0.243123,0.618915,0.322092,0.670375,0.294350,0.645009,0.788563,0.738401,0.616986,0.925298,0.399486,0.377882,0.920835,0.367138,0.677687,0.233941,0.765539,0.166334,0.832081,0.764856,0.610922,0.483682,0.111953,0.287933,0.826460,0.344884,0.672405,0.743436,0.935974,0.528374,0.148990,0.163989,0.138861,0.767061,0.494750,0.084291,0.553138,0.219553,0.429816,0.844222,0.241426,0.284426,0.735042,0.444336,0.599419,0.949422,0.487108,0.659366,0.847367,0.651868,0.778760,0.797031,0.902314,0.646959,0.631538,0.430715,0.495718,0.758417,0.760317,0.350971,0.664797,0.677263,0.178198,0.383141,0.724138,0.421424,0.591924,0.649954,0.533715,0.342557,0.589750,0.871027,0.174670,0.694447,0.612639,0.555914,0.725059,0.318130,0.466155,0.117886,0.125031,0.529296,0.794449,0.896252,0.195772,0.598437,0.780313,0.088645,0.160711,0.264729,0.157663,0.178787,0.631978,0.599703,0.616072,0.453411,0.650734,0.925117,0.050986,0.460654,0.743160,0.517537,0.591752,0.942746,0.856400,0.470455
SYN_BIGPN_0452,1,1,1,0,0.829283,0.833649,0.605434,0.789284,0.061569,0.607595,0.890463,0.353490,0.775042,0.664972,0.882115,0.677555,0.918474,0.480395,0.543315,0.426299,0.749505,0.713534,0.669239,0.121422,0.164445,0.613096,0.760372,0.375616,0.585115,0.942680,0.618420,0.620499,0.402166,0.357773,0.702758,0.454254,0.668585,0.549244,0.086096,0.141361,0.162453,0.688421,0.124146,0.110444,0.104769,0.218808,0.310828,0.273605,0.809079,0.111197,0.617157,0.912876,0.792620,0.113739,0.171579,0.091009,0.891377,0.263353,0.195136,0.810596,0.556528,0.279371,0.896748,0.200954,0.213357,0.803397,0.782998,0.484960,0.338106,0.539651,0.928534,0.175770,0.552031,0.450006,0.576061,0.267498,0.272344,0.636677,0.075510,0.069127,0.705636,0.608720,0.648432,0.279701,0.446368,0.410780,0.857948,0.796021,0.450053,0.791737,0.764825,0.448528,0.434339,0.724611,0.806302,0.333404,0.731972,0.905269,0.746339,0.691235,0.804422,0.840115,0.360222,0.569574,0.594857,0.224490,0.411208,0.432192,0.651278,0.829177,0.449109,0.050321,0.222002,0.744242,0.082670,0.197154,0.172148
SYN_BIGPN_0453,0,0,0,0,0.066626,0.643031,0.145425,0.880904,0.500305,0.946944,0.673425,0.303264,0.257136,0.364911,0.852660,0.327764,0.483854,0.640871,0.395472,0.696780,0.263242,0.087419,0.926114,0.159423,0.630151,0.608728,0.825231,0.911651,0.262762,0.592347,0.713512,0.254770,0.563301,0.734428,0.471319,0.895816,0.063753,0.402679,0.655316,0.266044,0.662187,0.477491,0.197351,0.782285,0.125492,0.381607,0.156590,0.283280,0.759999,0.908777,0.797781,0.505518,0.082357,0.445560,0.357824,0.765774,0.824119,0.574101,0.122559,0.490357,0.856309,0.235472,0.119994,0.641226,0.669913,0.425396,0.650224,0.571420,0.785329,0.108053,0.485472,0.738742,0.518196,0.833116,0.918171,0.822899,0.715571,0.128657,0.460496,0.189909,0.459700,0.412478,0.587079,0.400707,0.922467,0.596667,0.668139,0.342738,0.486413,0.205001,0.635611,0.768582,0.222018,0.694450,0.929026,0.255436,0.219084,0.375681,0.100063,0.813645,0.401785,0.897562,0.810372,0.210392,0.356042,0.475952,0.878106,0.158316,0.523813,0.682916,0.084107,0.772358,0.475689,0.099509,0.676262,0.304733,0.711714
SYN_BIGPN_0454,1,0,1,1,0.137097,0.534589,0.296228,0.695911,0.066370,0.238301,0.524181,0.323317,0.585676,0.456164,0.744791,0.799306,0.778664,0.871528,0.334907,0.749649,0.317135,0.814800,0.802350,0.770200,0.475939,0.695872,0.402018,0.897071,0.864976,0.217069,0.069588,0.054353,0.325749,0.097161,0.689807,0.285799,0.089185,0.513787,0.531021,0.078023,0.638791,0.140083,0.059678,0.510913,0.940364,0.176525,0.245912,0.895077,0.160716,0.556194,0.201680,0.502109,0.806486,0.708524,0.132880,0.162087,0.218855,0.667229,0.800133,0.742082,0.079304,0.158809,0.561207,0.461607,0.627269,0.372067,0.520055,0.905028,0.131649,0.300421,0.208651,0.475822,0.869637,0.127703,0.145558,0.251055,0.131499,0.618578,0.949308,0.514714,0.632750,0.577001,0.623861,0.925383,0.185769,0.552883,0.639490,0.142295,0.193045,0.398964,0.590519,0.785924,0.769581,0.619779,0.939516,0.177918,0.345003,0.549465,0.102047,0.819201,0.111040,0.125156,0.729241,0.474271,0.506927,0.465666,0.150644,0.322053,0.514597,0.814269,0.499095,0.434769,0.548074,0.238357,0.595345,0.894077,0.091529
SYN_BIGPN_0455,1,1,1,1,0.156968,0.776043,0.394679,0.626394,0.358802,0.847855,0.165993,0.728988,0.704433,0.707632,0.789235,0.606313,0.281961,0.367349,0.671937,0.394800,0.356917,0.652131,0.216102,0.497061,0.613570,0.187023,0.515337,0.673921,0.893926,0.931885,0.476079,0.724162,0.836687,0.290305,0.082966,0.192336,0.307964,0.201590,0.213123,0.716321,0.527913,0.718921,0.938603,0.596595,0.500960,0.330277,0.602642,0.726024,0.334243,0.644470,0.608417,0.688617,0.568436,0.781985,0.255795,0.663113,0.315254,0.051500,0.901971,0.651713,0.779759,0.143568,0.664715,0.839684,0.642415,0.870737,0.510836,0.388189,0.152748,0.418139,0.942425,0.584241,0.607434,0.625385,0.812120,0.905980,0.489173,0.866408,0.757822,0.139870,0.238749,0.671958,0.078459,0.629500,0.146916,0.276101,0.863033,0.779646,0.870667,0.159454,0.410923,0.552477,0.111478,0.240062,0.499574,0.101300,0.418269,0.513286,0.691896,0.557117,0.574957,0.491529,0.511584,0.616050,0.893988,0.087269,0.190287,0.939217,0.367322,0.151890,0.941104,0.115365,0.361981,0.574696,0.698254,0.818383,0.629520
SYN_BIGPN_0456,1,0,1,0,0.696119,0.163506,0.937043,0.124857,0.755290,0.203634,0.807185,0.201799,0.583763,0.375257,0.878013,0.538063,0.586846,0.815761,0.777886,0.462485,0.766617,0.733747,0.295261,0.773049,0.397880,0.068617,0.806683,0.394110,0.826113,0.224544,0.551537,0.575510,0.187894,0.119222,0.293907,0.401656,0.874673,0.337809,0.165462,0.427757,0.235851,0.128687,0.909997,0.289949,0.582386,0.785236,0.263596,0.477125,0.687494,0.805566,0.326182,0.876113,0.171720,0.442717,0.532150,0.186910,0.193152,0.836181,0.659205,0.546449,0.580908,0.385289,0.366222,0.731588,0.487236,0.112166,0.418025,0.787856,0.128509,0.800672,0.509831,0.480818,0.833693,0.881620,0.106778,0.927617,0.222457,0.862522,0.422016,0.364455,0.781251,0.208659,0.249943,0.097407,0.678414,0.252612,0.241739,0.412280,0.511268,0.253806,0.583453,0.160633,0.426182,0.758039,0.168602,0.924753,0.899633,0.760273,0.701941,0.276699,0.743608,0.373128,0.133668,0.340490,0.303267,0.097087,0.306163,0.574378,0.143518,0.595900,0.722964,0.647216,0.075289,0.095442,0.837383,0.271689,0.286633
SYN_BIGPN_0457,1,1,0,0,0.742395,0.331135,0.596246,0.581884,0.259459,0.541166,0.834781,0.445566,0.174181,0.881947,0.375721,0.301567,0.645211,0.481389,0.503668,0.177519,0.881277,0.817301,0.879830,0.384434,0.175237,0.947617,0.909870,0.847818,0.587284,0.683215,0.753752,0.447446,0.796898,0.680498,0.217870,0.662370,0.353380,0.503422,0.494595,0.513650,0.558130,0.544947,0.209264,0.310268,0.146911,0.770321,0.557133,0.552419,0.183500,0.346970,0.852411,0.847504,0.622154,0.349739,0.837143,0.051815,0.421855,0.711275,0.578318,0.357377,0.414452,0.595050,0.338052,0.805988,0.157850,0.481656,0.382666,0.276717,0.140318,0.739969,0.066263,0.091502,0.492910,0.604988,0.766046,0.630528,0.594517,0.571726,0.757074,0.854004,0.148609,0.731922,0.581267,0.857213,0.689311,0.717395,0.496139,0.355797,0.219300,0.211996,0.706493,0.090763,0.326248,0.096026,0.712426,0.417051,0.237784,0.241994,0.212549,0.777171,0.141047,0.305539,0.728160,0.856754,0.863472,0.265691,0.520825,0.124374,0.186799,0.686046,0.392037,0.558059,0.646664,0.331341,0.733088,0.709089,0.067746
SYN_BIGPN_0458,1,0,1,1,0.626118,0.615713,0.687276,0.263281,0.713612,0.118032,0.725107,0.725070,0.259527,0.605080,0.486000,0.466238,0.606477,0.071571,0.173324,0.532971,0.195718,0.772964,0.267034,0.797128,0.146004,0.198764,0.317567,0.225086,0.810249,0.893887,0.230607,0.507209,0.404133,0.593918,0.903312,0.473099,0.897509,0.481215,0.915359,0.541966,0.895727,0.342132,0.865437,0.811239,0.641997,0.488527,0.843018,0.211458,0.081597,0.219001,0.787335,0.116800,0.809823,0.206769,0.296697,0.788475,0.786778,0.695371,0.876871,0.533468,0.154301,0.858106,0.553931,0.169934,0.322090,0.185262,0.123523,0.071630,0.459922,0.806682,0.212814,0.434776,0.223241,0.262750,0.892397,0.883841,0.634044,0.070101,0.114796,0.310840,0.143292,0.713933,0.051338,0.149127,0.160704,0.282071,0.223196,0.180690,0.294147,0.435332,0.419003,0.505651,0.118787,0.302001,0.803048,0.694702,0.578184,0.845276,0.687275,0.631782,0.228871,0.884934,0.237186,0.112461,0.222282,0.377405,0.229963,0.208858,0.289606,0.215103,0.597668,0.757309,0.198955,0.811325,0.596733,0.488955,0.933811
SYN_BIGPN_0459,0,0,1,1,0.550542,0.362341,0.618973,0.390081,0.298235,0.718622,0.903218,0.223920,0.930567,0.069237,0.864991,0.637692,0.818988,0.372695,0.097858,0.169826,0.385741,0.809484,0.865747,0.787498,0.233453,0.281613,0.855303,0.494493,0.750381,0.534319,0.544925,0.339247,0.192261,0.212837,0.462729,0.786485,0.141540,0.164127,0.886223,0.179615,0.303019,0.117938,0.655137,0.079087,0.521818,0.119757,0.672727,0.695305,0.940625,0.819525,0.325432,0.131800,0.537956,0.946244,0.245948,0.142922,0.368871,0.450109,0.495155,0.281541,0.893540,0.164566,0.573274,0.368849,0.657547,0.175341,0.862487,0.664128,0.287600,0.227114,0.063227,0.241116,0.568780,0.668749,0.197579,0.283869,0.714783,0.463055,0.447023,0.100371,0.404545,0.321231,0.745290,0.587255,0.176728,0.501772,0.504306,0.518516,0.459416,0.594787,0.559877,0.372827,0.303164,0.826824,0.411325,0.091408,0.821364,0.730367,0.143848,0.839330,0.142628,0.847471,0.380747,0.566726,0.664303,0.782884,0.797692,0.670217,0.362633,0.385243,0.379579,0.527176,0.054944,0.327525,0.249996,0.394926,0.360693
SYN_BIGPN_0460,0,0,1,0,0.520411,0.660107,0.937224,0.218740,0.380420,0.558180,0.219467,0.617064,0.788509,0.851640,0.824847,0.096987,0.696977,0.379830,0.897840,0.674319,0.227303,0.863091,0.438715,0.245859,0.545633,0.150490,0.935831,0.265774,0.864739,0.784311,0.273588,0.396442,0.571662,0.841524,0.521959,0.648705,0.563340,0.377481,0.319801,0.477331,0.425712,0.898608,0.803976,0.812070,0.470038,0.303567,0.195413,0.403200,0.706026,0.459599,0.588203,0.642069,0.213850,0.670045,0.216454,0.160037,0.429319,0.575900,0.108607,0.898754,0.885701,0.631747,0.195058,0.784818,0.225976,0.126180,0.910286,0.093971,0.679285,0.357551,0.364595,0.143068,0.735303,0.679495,0.645050,0.515131,0.510574,0.202058,0.654001,0.456888,0.649066,0.769685,0.234521,0.272913,0.419049,0.762363,0.204715,0.593617,0.758456,0.849865,0.100083,0.648873,0.893027,0.231697,0.107324,0.451735,0.154777,0.746578,0.312562,0.692713,0.233729,0.335702,0.842813,0.280225,0.437861,0.637737,0.414631,0.082343,0.223125,0.673036,0.761709,0.086055,0.766478,0.360911,0.137645,0.848025,0.901473
SYN_BIGPN_0461,1,1,1,1,0.139148,0.536637,0.239153,0.841508,0.444803,0.822398,0.825020,0.272052,0.948487,0.687396,0.414015,0.629333,0.076426,0.075237,0.739639,0.752363,0.290468,0.408907,0.301849,0.919994,0.902109,0.704850,0.918797,0.284945,0.744388,0.901028,0.183575,0.480896,0.632419,0.839040,0.226845,0.434684,0.293794,0.438097,0.915750,0.556937,0.108707,0.227979,0.738444,0.324639,0.321147,0.603838,0.233782,0.751517,0.674459,0.861451,0.789479,0.055165,0.442098,0.642161,0.521339,0.220273,0.665842,0.499887,0.211211,0.587558,0.799976,0.757583,0.817559,0.777093,0.939081,0.760879,0.426590,0.538147,0.616706,0.818578,0.631907,0.115534,0.555714,0.448974,0.426425,0.321979,0.925795,0.315064,0.576797,0.806416,0.128435,0.120611,0.614875,0.612624,0.767177,0.656104,0.117265,0.700208,0.714800,0.598191,0.502924,0.218572,0.521157,0.839279,0.369209,0.671432,0.088948,0.618262,0.527536,0.542915,0.732709,0.647494,0.758070,0.355627,0.692486,0.124076,0.102094,0.763087,0.750220,0.422053,0.256115,0.695971,0.063954,0.932108,0.292917,0.370440,0.145150
SYN_BIGPN_0462,1,0,1,1,0.429069,0.062058,0.573344,0.922541,0.084520,0.384126,0.378959,0.397300,0.140314,0.336432,0.541532,0.809994,0.746902,0.179560,0.109593,0.577826,0.658039,0.480392,0.624772,0.337799,0.668439,0.530641,0.249563,0.548900,0.449260,0.376510,0.402170,0.494450,0.148014,0.339337,0.138035,0.767228,0.148583,0.556617,0.674277,0.210131,0.351931,0.163772,0.681058,0.673675,0.351724,0.299494,0.414138,0.462322,0.732005,0.913527,0.414944,0.105345,0.062701,0.659473,0.432821,0.707090,0.447448,0.739407,0.913941,0.225873,0.308503,0.111256,0.730098,0.175112,0.531122,0.430447,0.180361,0.204011,0.708008,0.340257,0.247123,0.331943,0.568603,0.221417,0.502981,0.611891,0.938020,0.924702,0.460644,0.742957,0.785377,0.364379,0.714667,0.450062,0.050450,0.678706,0.213692,0.523349,0.941713,0.259555,0.612957,0.811271,0.230562,0.068113,0.329719,0.861423,0.422270,0.284551,0.086758,0.685290,0.553083,0.231997,0.907447,0.949343,0.506065,0.298462,0.295606,0.145075,0.683137,0.588186,0.948619,0.357719,0.720221,0.655197,0.153128,0.680652,0.843629
SYN_BIGPN_0463,0,1,0,0,0.846974,0.528575,0.132159,0.735280,0.285292,0.623560,0.402838,0.835724,0.487281,0.739222,0.715729,0.850271,0.157607,0.458121,0.712480,0.679378,0.765883,0.477580,0.054696,0.319223,0.373693,0.686026,0.300815,0.895410,0.519450,0.784687,0.177147,0.131482,0.252086,0.299893,0.626575,0.646352,0.378869,0.497047,0.123749,0.396152,0.100407,0.812748,0.718623,0.361909,0.714259,0.840830,0.523089,0.922253,0.417020,0.889272,0.486307,0.860213,0.558246,0.170526,0.450476,0.702899,0.475234,0.741778,0.600614,0.853534,0.095132,0.181650,0.280417,0.616710,0.130663,0.411395,0.138787,0.561646,0.847208,0.536051,0.352218,0.413443,0.560996,0.710125,0.416260,0.060548,0.366995,0.310084,0.523380,0.476835,0.513553,0.242077,0.079216,0.595933,0.869847,0.746442,0.318591,0.295646,0.344754,0.866384,0.681069,0.250919,0.192874,0.114537,0.722499,0.136027,0.934209,0.724394,0.722105,0.687044,0.730507,0.400933,0.121102,0.519784,0.348223,0.414275,0.129853,0.796975,0.775873,0.878667,0.299310,0.456954,0.098401,0.304883,0.268129,0.274847,0.866781
SYN_BIGPN_0464,0,1,1,0,0.724520,0.881245,0.407143,0.562652,0.615492,0.305698,0.495857,0.215615,0.362867,0.704376,0.408871,0.192558,0.344551,0.433639,0.123013,0.890492,0.306218,0.206893,0.226462,0.636911,0.196001,0.142819,0.547917,0.158178,0.351292,0.236138,0.166184,0.489165,0.058954,0.323953,0.801876,0.818892,0.757134,0.179420,0.078057,0.346089,0.236505,0.087347,0.331161,0.806599,0.223555,0.304797,0.743591,0.540403,0.247098,0.664350,0.122542,0.507753,0.169325,0.402293,0.667490,0.831481,0.180020,0.690652,0.444993,0.121532,0.791666,0.245311,0.440981,0.509216,0.668720,0.825366,0.443719,0.753551,0.336246,0.253739,0.259344,0.893531,0.184114,0.474179,0.428238,0.427241,0.550925,0.780537,0.487425,0.246481,0.831639,0.790226,0.178799,0.712279,0.489926,0.342067,0.166806,0.645632,0.679869,0.091500,0.201712,0.781667,0.434062,0.731086,0.630689,0.550645,0.281500,0.065030,0.474628,0.135618,0.870000,0.894261,0.914019,0.701192,0.345148,0.442717,0.694153,0.626531,0.898379,0.230961,0.181042,0.230509,0.453355,0.927670,0.927616,0.158552,0.805854
SYN_BIGPN_0465,0,0,0,0,0.410649,0.620087,0.783534,0.875918,0.365874,0.500320,0.686755,0.325840,0.731063,0.765922,0.251778,0.433887,0.421986,0.904799,0.193496,0.657037,0.834819,0.463102,0.679203,0.133594,0.340595,0.335577,0.657612,0.799177,0.149409,0.931249,0.346991,0.788776,0.627114,0.873161,0.374437,0.829002,0.199858,0.274278,0.222942,0.066840,0.084030,0.931026,0.276075,0.379169,0.705293,0.786302,0.868064,0.555574,0.888430,0.778170,0.660316,0.845489,0.695228,0.797916,0.120815,0.379952,0.656786,0.838130,0.230770,0.815676,0.641274,0.905243,0.298617,0.513406,0.529363,0.230247,0.371573,0.090127,0.216749,0.153392,0.432902,0.242496,0.797093,0.894431,0.403351,0.263266,0.416139,0.849454,0.643409,0.858424,0.453441,0.828563,0.763915,0.549783,0.911786,0.800960,0.725117,0.546619,0.552103,0.185885,0.356920,0.283146,0.155585,0.699841,0.722030,0.697938,0.123963,0.692212,0.784631,0.884845,0.100549,0.520558,0.504952,0.435057,0.428584,0.658434,0.881721,0.485738,0.623472,0.113217,0.375364,0.408147,0.275846,0.634300,0.359709,0.243700,0.908279
SYN_BIGPN_0466,1,0,1,1,0.534428,0.779116,0.758448,0.195331,0.077993,0.280826,0.501462,0.302927,0.276806,0.416147,0.850498,0.207485,0.309339,0.556190,0.537392,0.817020,0.139601,0.212198,0.222329,0.561667,0.131314,0.668557,0.660575,0.107765,0.283396,0.890969,0.700572,0.155194,0.786000,0.561297,0.128319,0.595479,0.582447,0.355084,0.361128,0.263599,0.237839,0.107215,0.804696,0.714353,0.058096,0.210666,0.592979,0.918664,0.896058,0.220048,0.143718,0.941669,0.458114,0.942341,0.522986,0.590152,0.748675,0.677933,0.217162,0.928587,0.704722,0.856087,0.605697,0.365025,0.642186,0.509045,0.292746,0.535525,0.532816,0.098475,0.892061,0.481479,0.935645,0.696985,0.491818,0.454373,0.530768,0.120403,0.773457,0.575601,0.609388,0.943499,0.890325,0.806256,0.649377,0.431108,0.775149,0.098208,0.781033,0.528226,0.188200,0.322695,0.906063,0.414993,0.881601,0.775193,0.106125,0.729774,0.085863,0.507919,0.552157,0.374633,0.493677,0.073494,0.812965,0.387240,0.609865,0.122951,0.621632,0.068356,0.630276,0.467700,0.824802,0.619286,0.395572,0.568317,0.197447
SYN_BIGPN_0467,1,1,1,1,0.506589,0.615943,0.116422,0.082012,0.567984,0.312476,0.206655,0.750664,0.894815,0.327090,0.071032,0.870248,0.212052,0.475597,0.909836,0.157362,0.365274,0.184732,0.709558,0.861539,0.215610,0.255587,0.255736,0.207513,0.560822,0.919129,0.680379,0.715017,0.437296,0.179005,0.237874,0.747818,0.632275,0.383184,0.137723,0.286321,0.796191,0.409847,0.257112,0.164912,0.176343,0.719874,0.443405,0.577482,0.572329,0.289020,0.832565,0.739115,0.736534,0.307845,0.775799,0.750308,0.572316,0.151506,0.256303,0.883114,0.172856,0.205167,0.526230,0.141179,0.679545,0.831799,0.392851,0.459727,0.716294,0.481768,0.667571,0.712750,0.133629,0.642770,0.907187,0.116233,0.856790,0.533173,0.404938,0.376391,0.378241,0.201886,0.160774,0.654649,0.119602,0.523801,0.932706,0.837028,0.492812,0.379659,0.391905,0.648435,0.052556,0.645485,0.417762,0.401982,0.709000,0.623763,0.545683,0.151320,0.776959,0.378106,0.899898,0.700647,0.692613,0.161174,0.760487,0.153889,0.306258,0.488348,0.685784,0.713477,0.709878,0.652780,0.161602,0.293081,0.258162
SYN_BIGPN_0468,0,1,1,1,0.638340,0.586628,0.092807,0.896706,0.142855,0.336855,0.165861,0.469090,0.332255,0.154218,0.257514,0.898247,0.550147,0.572502,0.917441,0.786877,0.133797,0.940851,0.475760,0.522203,0.918545,0.913159,0.066020,0.352914,0.285412,0.703465,0.782002,0.240015,0.080468,0.494713,0.546329,0.054380,0.397836,0.838889,0.701515,0.514172,0.900944,0.527614,0.853392,0.156269,0.368604,0.666858,0.875796,0.129967,0.923149,0.395093,0.468738,0.839613,0.268477,0.139633,0.143073,0.812899,0.398924,0.562486,0.527016,0.785480,0.264265,0.370904,0.476475,0.061084,0.689569,0.388470,0.723378,0.309325,0.538411,0.901392,0.490993,0.154715,0.813509,0.766096,0.733589,0.225883,0.172554,0.338321,0.937162,0.095200,0.784920,0.827790,0.807127,0.673652,0.142932,0.717107,0.312078,0.642049,0.566748,0.941158,0.468052,0.710848,0.614591,0.359859,0.122449,0.433118,0.280567,0.189647,0.072758,0.574921,0.196995,0.729059,0.600344,0.738009,0.343222,0.714298,0.180156,0.550447,0.840497,0.593594,0.333875,0.515693,0.720973,0.353775,0.838713,0.217782,0.376409
SYN_BIGPN_0469,0,0,0,1,0.797830,0.268905,0.215466,0.848250,0.545024,0.225687,0.938453,0.848403,0.135577,0.431543,0.065108,0.457613,0.830938,0.087263,0.334395,0.293639,0.894964,0.250156,0.785945,0.641464,0.481901,0.371236,0.647352,0.850543,0.477356,0.693245,0.730608,0.475332,0.444466,0.851383,0.773171,0.507923,0.902179,0.750945,0.468321,0.107798,0.612073,0.349043,0.364155,0.722261,0.325257,0.714524,0.622202,0.126015,0.779762,0.233586,0.818132,0.080267,0.237233,0.133506,0.928909,0.362763,0.806817,0.541375,0.624854,0.420846,0.909802,0.331378,0.545079,0.569015,0.735284,0.090487,0.377723,0.718744,0.858381,0.081000,0.136114,0.528365,0.123057,0.267290,0.913271,0.173658,0.192477,0.290026,0.838682,0.662562,0.153477,0.604594,0.115717,0.110943,0.458446,0.116379,0.187131,0.888229,0.231299,0.904200,0.907316,0.136919,0.124871,0.857635,0.765119,0.821894,0.865058,0.830778,0.416012,0.627002,0.302285,0.794814,0.239796,0.172006,0.098669,0.123397,0.358310,0.067566,0.746332,0.807606,0.705224,0.690401,0.119325,0.388084,0.217189,0.798626,0.175242
SYN_BIGPN_0470,0,0,1,1,0.888419,0.084743,0.773155,0.109981,0.256672,0.163406,0.339856,0.736158,0.083127,0.167899,0.750686,0.716598,0.766915,0.925311,0.103437,0.257841,0.162373,0.640551,0.054791,0.905602,0.138117,0.229001,0.157496,0.097474,0.919987,0.464431,0.108549,0.932334,0.663535,0.080228,0.406409,0.862563,0.206531,0.946271,0.929747,0.056147,0.915388,0.276436,0.335534,0.458245,0.939239,0.069435,0.554587,0.181092,0.823774,0.730397,0.218058,0.933103,0.080677,0.477144,0.606954,0.346427,0.742318,0.736167,0.928926,0.543155,0.072791,0.637131,0.479163,0.166032,0.751881,0.608623,0.742672,0.599845,0.494640,0.051292,0.940327,0.157142,0.342739,0.905336,0.653812,0.856577,0.121921,0.076128,0.586420,0.201385,0.477316,0.292645,0.643953,0.530825,0.735942,0.124217,0.211001,0.844685,0.237174,0.164254,0.549390,0.431059,0.183294,0.259786,0.125800,0.334025,0.303249,0.768656,0.278797,0.678615,0.845960,0.809421,0.567122,0.381819,0.208052,0.713795,0.634442,0.918935,0.343457,0.609699,0.088444,0.248362,0.821788,0.781457,0.919084,0.429627,0.752594
SYN_BIGPN_0471,0,1,0,0,0.222919,0.401133,0.257684,0.453953,0.590515,0.688081,0.879033,0.691636,0.912956,0.530383,0.763356,0.692758,0.491941,0.624611,0.486148,0.287536,0.070882,0.352121,0.105700,0.392505,0.846255,0.272366,0.720911,0.685674,0.829364,0.385966,0.195950,0.929942,0.082819,0.439080,0.425659,0.346655,0.739535,0.270842,0.669123,0.304825,0.694331,0.219140,0.771698,0.212404,0.423124,0.769888,0.099848,0.673708,0.329371,0.640835,0.415978,0.391353,0.278807,0.850601,0.398939,0.360824,0.517095,0.909308,0.425142,0.841556,0.162181,0.576132,0.489786,0.204977,0.546911,0.576739,0.685784,0.616110,0.489430,0.741128,0.072895,0.212329,0.902948,0.927283,0.367399,0.090269,0.395078,0.101127,0.542040,0.158769,0.366166,0.912063,0.904174,0.516467,0.214662,0.813168,0.530747,0.447525,0.341811,0.678373,0.292018,0.886316,0.515407,0.340668,0.457252,0.730620,0.921345,0.573125,0.795280,0.358125,0.863072,0.311250,0.917275,0.678962,0.090596,0.190560,0.134476,0.820291,0.922454,0.585488,0.693404,0.221181,0.337880,0.111946,0.701690,0.269249,0.341120
SYN_BIGPN_0472,1,0,1,0,0.278971,0.697078,0.402121,0.061015,0.574268,0.477918,0.368860,0.591565,0.696113,0.176495,0.316263,0.182595,0.661444,0.601319,0.823114,0.246971,0.338271,0.828934,0.361611,0.456807,0.597676,0.661514,0.640597,0.257098,0.270712,0.908450,0.332355,0.125193,0.870759,0.081837,0.318769,0.673465,0.479262,0.900990,0.765575,0.843936,0.119376,0.254748,0.650678,0.756842,0.796950,0.385714,0.345881,0.636259,0.623494,0.948508,0.314024,0.088393,0.120795,0.216652,0.420700,0.670237,0.676242,0.114327,0.528076,0.483129,0.130765,0.297003,0.664149,0.600249,0.185037,0.631980,0.784552,0.641802,0.789780,0.752335,0.753494,0.244755,0.258987,0.613799,0.795706,0.261232,0.336955,0.881098,0.059385,0.174769,0.660765,0.314086,0.204743,0.750355,0.793641,0.142245,0.124579,0.255190,0.298561,0.782616,0.555360,0.242246,0.191736,0.732109,0.893941,0.656739,0.727373,0.183385,0.736694,0.903535,0.591050,0.433276,0.563473,0.282504,0.433975,0.824205,0.224106,0.779124,0.342355,0.386770,0.202370,0.564403,0.827062,0.386694,0.730794,0.718862,0.262712
SYN_BIGPN_0473,1,1,0,0,0.500213,0.677864,0.370112,0.229860,0.389871,0.566334,0.890292,0.364811,0.923698,0.405647,0.733503,0.922539,0.275022,0.925830,0.129286,0.317082,0.493901,0.129728,0.710764,0.640710,0.695135,0.915644,0.760830,0.337425,0.946295,0.774792,0.907991,0.829430,0.528315,0.400218,0.868475,0.227050,0.557371,0.478884,0.682365,0.740087,0.620329,0.642910,0.204089,0.859285,0.835143,0.347787,0.123256,0.792412,0.452894,0.568840,0.120556,0.671038,0.944799,0.185309,0.054102,0.289920,0.409612,0.389375,0.241850,0.172670,0.090733,0.868681,0.169037,0.057147,0.533673,0.547234,0.500865,0.287582,0.470054,0.164554,0.207826,0.724378,0.500545,0.165732,0.145028,0.054687,0.285527,0.722601,0.265988,0.733573,0.889834,0.811772,0.899617,0.698582,0.177130,0.520310,0.213007,0.429814,0.547031,0.349973,0.287262,0.905723,0.753648,0.350730,0.548368,0.306063,0.696598,0.853109,0.459018,0.606796,0.874153,0.821187,0.805851,0.333134,0.485624,0.305871,0.369024,0.116860,0.257167,0.704168,0.368341,0.438327,0.878870,0.529438,0.084662,0.669389,0.445970
SYN_BIGPN_0474,1,1,1,0,0.303825,0.332893,0.224841,0.896289,0.630286,0.111070,0.631774,0.469654,0.532153,0.354754,0.257818,0.715855,0.924185,0.148136,0.147395,0.558749,0.641306,0.072497,0.830864,0.661159,0.758040,0.820464,0.164890,0.888077,0.832103,0.499272,0.060970,0.903403,0.367329,0.210671,0.560407,0.740755,0.908891,0.089282,0.832651,0.356523,0.468945,0.716313,0.790867,0.316609,0.764637,0.074195,0.639087,0.923525,0.412288,0.840720,0.538383,0.737568,0.524912,0.432464,0.757994,0.567349,0.716888,0.574981,0.855698,0.871732,0.921839,0.479870,0.903171,0.240654,0.627548,0.254032,0.058973,0.205550,0.158120,0.513463,0.811131,0.439359,0.442656,0.946691,0.289858,0.249651,0.863007,0.747201,0.675883,0.190039,0.695360,0.222935,0.272990,0.322484,0.497286,0.660620,0.503790,0.133936,0.854769,0.095508,0.102309,0.487719,0.883583,0.363183,0.199117,0.052799,0.837895,0.409638,0.363811,0.945231,0.836135,0.689414,0.403672,0.717305,0.200330,0.729884,0.366690,0.321628,0.592063,0.885649,0.324603,0.076115,0.678015,0.246706,0.378871,0.698513,0.771014
SYN_BIGPN_0475,1,0,0,1,0.477926,0.222175,0.383560,0.613301,0.817115,0.662968,0.510437,0.207445,0.877802,0.899211,0.100831,0.640987,0.204212,0.166587,0.863837,0.668025,0.418332,0.152660,0.108451,0.243286,0.249836,0.818067,0.553258,0.248882,0.385647,0.612163,0.516510,0.523614,0.919163,0.727846,0.588237,0.788428,0.437777,0.500243,0.067850,0.270379,0.550951,0.331439,0.088836,0.916911,0.166911,0.636322,0.287127,0.396010,0.517428,0.552858,0.626883,0.381121,0.661246,0.200502,0.112196,0.829785,0.741265,0.864816,0.389999,0.117292,0.487140,0.290374,0.472000,0.115011,0.851733,0.574409,0.297997,0.739113,0.270325,0.216206,0.679975,0.897426,0.166905,0.276248,0.382657,0.906105,0.482540,0.184657,0.239106,0.070677,0.341633,0.201919,0.776591,0.260224,0.080648,0.058023,0.179980,0.314326,0.178207,0.842373,0.906644,0.213603,0.209556,0.270430,0.762038,0.867802,0.563141,0.326224,0.299270,0.946059,0.207104,0.926127,0.688911,0.292475,0.870317,0.815320,0.399311,0.372340,0.819101,0.857339,0.607043,0.748456,0.646718,0.849707,0.859196,0.200195,0.325251
SYN_BIGPN_0476,1,1,0,1,0.123903,0.075101,0.901739,0.772730,0.745814,0.599542,0.423647,0.872411,0.864570,0.425558,0.595271,0.382312,0.525040,0.430748,0.091597,0.610051,0.640215,0.382995,0.193634,0.826499,0.532548,0.479673,0.886928,0.346859,0.543242,0.084568,0.547505,0.121806,0.079698,0.515161,0.749520,0.901776,0.079768,0.344355,0.888292,0.156636,0.095742,0.459786,0.291994,0.790868,0.447214,0.888011,0.387583,0.918113,0.426990,0.945190,0.194711,0.699004,0.622690,0.881619,0.888639,0.760212,0.354050,0.739217,0.259672,0.713274,0.528610,0.848374,0.819784,0.087945,0.606220,0.629991,0.333824,0.280940,0.308564,0.350172,0.778544,0.121689,0.578999,0.310742,0.176702,0.507531,0.310110,0.670131,0.113680,0.642731,0.089156,0.378235,0.729899,0.854818,0.791410,0.470076,0.521015,0.068726,0.760167,0.892048,0.494231,0.882617,0.341911,0.818934,0.852959,0.471439,0.742852,0.622521,0.935095,0.053676,0.172832,0.878966,0.717161,0.921881,0.411112,0.276358,0.640911,0.926864,0.345019,0.544241,0.769676,0.364759,0.724220,0.893144,0.534372,0.517770,0.399277
SYN_BIGPN_0477,1,0,1,0,0.386344,0.925624,0.544958,0.898590,0.072154,0.267310,0.499059,0.585681,0.193954,0.131674,0.056686,0.161123,0.075354,0.236261,0.227466,0.873578,0.095820,0.689422,0.188617,0.116408,0.424911,0.684630,0.172964,0.720448,0.866356,0.482938,0.163277,0.796559,0.153074,0.397595,0.425045,0.602693,0.776506,0.411920,0.286405,0.909717,0.073965,0.145465,0.472736,0.536590,0.899391,0.833216,0.163909,0.726485,0.654889,0.230610,0.099496,0.772499,0.298175,0.221760,0.914801,0.576191,0.093321,0.505478,0.539372,0.758191,0.575427,0.155811,0.615450,0.467932,0.814472,0.932676,0.332780,0.301714,0.274364,0.219878,0.447788,0.705485,0.330721,0.722366,0.549615,0.349336,0.119983,0.236381,0.325883,0.804239,0.794193,0.754675,0.230760,0.827650,0.512477,0.824031,0.704032,0.400447,0.809963,0.608240,0.412347,0.943390,0.518678,0.701502,0.557819,0.247682,0.114171,0.843844,0.901712,0.584202,0.222831,0.072836,0.479329,0.363950,0.540016,0.454556,0.398880,0.421212,0.688238,0.557404,0.801199,0.478591,0.088004,0.846511,0.629709,0.171765,0.413085
SYN_BIGPN_0478,1,0,0,0,0.296594,0.930953,0.113759,0.769104,0.912683,0.582997,0.598441,0.285786,0.288687,0.824484,0.122133,0.574375,0.218781,0.724812,0.473424,0.319238,0.909594,0.841598,0.446611,0.408773,0.488668,0.909323,0.673589,0.665031,0.199141,0.359471,0.269108,0.179469,0.259821,0.638549,0.837286,0.244932,0.179896,0.153338,0.783296,0.816178,0.706582,0.831064,0.240132,0.086554,0.112462,0.575828,0.590103,0.937957,0.509239,0.202251,0.144171,0.899998,0.725592,0.413939,0.489613,0.180623,0.397392,0.536067,0.108077,0.285924,0.434319,0.769642,0.667635,0.086068,0.426745,0.856348,0.124449,0.142844,0.914984,0.385003,0.375713,0.504309,0.843721,0.697144,0.388773,0.172890,0.270960,0.251988,0.779961,0.304161,0.813423,0.309990,0.483481,0.384441,0.486372,0.567705,0.184583,0.387885,0.658574,0.709775,0.853316,0.592764,0.810469,0.327828,0.298899,0.327484,0.542769,0.179098,0.427807,0.319223,0.808297,0.352815,0.155484,0.264094,0.782365,0.897639,0.319939,0.178010,0.262431,0.339827,0.464391,0.773948,0.581285,0.585874,0.199928,0.314518,0.686242
SYN_BIGPN_0479,0,1,0,0,0.258138,0.187457,0.074550,0.051439,0.383528,0.498223,0.688140,0.618422,0.730408,0.369216,0.082749,0.773905,0.304948,0.111071,0.181438,0.850622,0.376196,0.949176,0.200312,0.201728,0.486809,0.267428,0.817137,0.682542,0.589395,0.708374,0.136705,0.358268,0.555625,0.535082,0.178235,0.383739,0.285059,0.073624,0.920379,0.818813,0.230240,0.909200,0.178539,0.497128,0.249220,0.681218,0.127172,0.522880,0.538952,0.155374,0.739903,0.663307,0.189672,0.779769,0.139161,0.727931,0.703144,0.383615,0.307308,0.609773,0.741522,0.418951,0.938385,0.099292,0.874911,0.889946,0.816090,0.198376,0.362316,0.493494,0.124074,0.552556,0.251787,0.440878,0.596112,0.101264,0.189913,0.504100,0.458054,0.429474,0.242621,0.821010,0.454884,0.733523,0.657508,0.670791,0.800483,0.420778,0.067203,0.225953,0.571543,0.653723,0.946901,0.898952,0.232764,0.191710,0.240301,0.456618,0.374487,0.209524,0.825332,0.281620,0.236109,0.261630,0.873422,0.337560,0.899485,0.608102,0.079277,0.468921,0.600770,0.442904,0.183133,0.260221,0.819379,0.345856,0.117459
SYN_BIGPN_0480,1,1,0,1,0.455460,0.521318,0.751192,0.356584,0.110822,0.744753,0.430942,0.230104,0.197468,0.459239,0.155994,0.717085,0.420582,0.193897,0.202565,0.410101,0.404516,0.804081,0.098606,0.729161,0.150395,0.868224,0.231916,0.879805,0.145319,0.803727,0.264343,0.837619,0.558880,0.163444,0.087341,0.214139,0.621342,0.611143,0.855915,0.713804,0.192588,0.750200,0.605264,0.750410,0.873920,0.095248,0.693922,0.316226,0.401412,0.585861,0.095830,0.734607,0.939284,0.185947,0.303770,0.390089,0.187734,0.303498,0.698992,0.315759,0.061491,0.802959,0.643316,0.051499,0.653112,0.352965,0.492120,0.460818,0.188801,0.527522,0.524193,0.859656,0.813064,0.211899,0.738422,0.810085,0.915761,0.125937,0.796425,0.656530,0.169922,0.871618,0.574493,0.690168,0.349501,0.427640,0.415307,0.265769,0.286303,0.183214,0.188208,0.094509,0.572446,0.760373,0.847264,0.076809,0.421875,0.735133,0.598888,0.212418,0.339603,0.162700,0.557067,0.785254,0.816502,0.924299,0.789984,0.514057,0.650504,0.763370,0.663331,0.407441,0.190055,0.551571,0.845402,0.672706,0.327862
SYN_BIGPN_0481,1,0,1,0,0.082174,0.328665,0.190163,0.295733,0.242194,0.836808,0.898240,0.325491,0.923177,0.183591,0.299706,0.845230,0.869570,0.335709,0.260625,0.155790,0.416016,0.271812,0.147447,0.589004,0.345300,0.325532,0.902000,0.734833,0.064876,0.789088,0.463476,0.296750,0.939891,0.852671,0.191683,0.095614,0.700815,0.374736,0.172387,0.290311,0.379473,0.216904,0.191891,0.557325,0.767421,0.363152,0.474555,0.803820,0.064981,0.648592,0.807693,0.494264,0.896853,0.247477,0.786858,0.877325,0.131532,0.517282,0.883977,0.272871,0.569844,0.887742,0.598411,0.333049,0.397205,0.447982,0.855475,0.220324,0.281145,0.542827,0.695625,0.105361,0.885628,0.090069,0.408510,0.251037,0.195871,0.229761,0.139249,0.363803,0.350904,0.182440,0.868298,0.112285,0.061246,0.675300,0.518402,0.297326,0.331903,0.258213,0.457393,0.201307,0.403920,0.932602,0.831529,0.799202,0.131872,0.682985,0.062832,0.189311,0.719847,0.435103,0.862394,0.351672,0.280664,0.518375,0.579811,0.792631,0.130778,0.174303,0.889992,0.743466,0.247104,0.060444,0.184862,0.173251,0.442506
SYN_BIGPN_0482,0,0,0,0,0.462838,0.637409,0.325823,0.667877,0.166380,0.571695,0.297884,0.417689,0.688951,0.095062,0.513677,0.262351,0.123840,0.059477,0.597559,0.890932,0.741896,0.577314,0.934518,0.479602,0.910393,0.684813,0.817207,0.507449,0.494176,0.889259,0.487285,0.836147,0.198468,0.387871,0.693643,0.789501,0.399678,0.313658,0.127400,0.108131,0.751161,0.865456,0.199527,0.299429,0.515311,0.173891,0.484711,0.904584,0.814315,0.736199,0.246847,0.756599,0.679925,0.324538,0.496455,0.191583,0.410333,0.421109,0.316012,0.549913,0.663403,0.213142,0.435786,0.897853,0.076828,0.119158,0.232561,0.193988,0.731776,0.251042,0.891800,0.255968,0.472684,0.352686,0.419675,0.168755,0.940453,0.309370,0.472953,0.287069,0.774470,0.437296,0.545335,0.542918,0.410493,0.284882,0.109425,0.437707,0.119327,0.066234,0.126598,0.691455,0.646720,0.831796,0.625525,0.176056,0.271875,0.472692,0.923481,0.167156,0.776985,0.108181,0.640829,0.289908,0.110474,0.297674,0.383216,0.113026,0.439109,0.843506,0.324805,0.540530,0.061761,0.706615,0.406222,0.263164,0.579217
SYN_BIGPN_0483,0,1,0,0,0.685409,0.832820,0.217530,0.930982,0.719809,0.508382,0.689894,0.252496,0.057216,0.466064,0.274925,0.430309,0.381331,0.682504,0.481697,0.631670,0.553958,0.069376,0.380472,0.236784,0.299819,0.631742,0.905652,0.535575,0.631903,0.683058,0.684014,0.263560,0.148162,0.401688,0.439396,0.283113,0.155635,0.423793,0.509913,0.128875,0.393424,0.236475,0.432392,0.781603,0.775397,0.763808,0.775795,0.613537,0.566369,0.188459,0.222026,0.269452,0.649484,0.519772,0.510900,0.624183,0.105380,0.779169,0.772916,0.688869,0.665525,0.466679,0.657791,0.383647,0.650199,0.081638,0.088174,0.769066,0.432030,0.690706,0.228807,0.735249,0.116934,0.462809,0.175401,0.425563,0.710787,0.570380,0.430685,0.112097,0.863047,0.473560,0.730054,0.773773,0.237827,0.117427,0.557341,0.291961,0.103519,0.320788,0.203924,0.422382,0.696761,0.623352,0.259891,0.665726,0.719801,0.181595,0.155587,0.367992,0.696288,0.387223,0.115713,0.836786,0.373418,0.381710,0.860663,0.255992,0.343040,0.838479,0.399729,0.751986,0.886823,0.183533,0.178855,0.269920,0.076966
SYN_BIGPN_0484,1,1,1,0,0.285107,0.409327,0.050320,0.701875,0.377984,0.904002,0.541449,0.423355,0.825128,0.386538,0.272244,0.172256,0.829686,0.831791,0.403769,0.446968,0.918581,0.154604,0.356360,0.794612,0.840718,0.588812,0.519600,0.421420,0.372299,0.837798,0.757759,0.636000,0.153032,0.405822,0.480065,0.355512,0.636553,0.211852,0.195835,0.637566,0.664774,0.418476,0.913553,0.370206,0.336070,0.570738,0.439465,0.562341,0.696100,0.442979,0.743816,0.065792,0.640027,0.598520,0.139632,0.268176,0.235330,0.824000,0.812046,0.138235,0.557626,0.752975,0.626647,0.858483,0.485393,0.730387,0.443930,0.871399,0.607394,0.370550,0.521083,0.600525,0.106032,0.437576,0.573309,0.304974,0.674423,0.684293,0.192528,0.775778,0.446239,0.935592,0.130033,0.098751,0.196261,0.646841,0.127363,0.063021,0.732415,0.462453,0.313755,0.313574,0.397328,0.286150,0.759303,0.665725,0.083784,0.785343,0.128627,0.468752,0.664761,0.259130,0.153323,0.475196,0.467804,0.204740,0.509221,0.157406,0.496006,0.845528,0.104373,0.923754,0.531391,0.179030,0.144001,0.550639,0.535767
SYN_BIGPN_0485,0,0,1,1,0.228418,0.171594,0.634200,0.834686,0.833344,0.551720,0.746835,0.258526,0.575890,0.525528,0.282505,0.209051,0.229233,0.419724,0.725792,0.507349,0.197257,0.855514,0.109076,0.695635,0.530930,0.806662,0.161702,0.139802,0.818998,0.718991,0.868627,0.802143,0.287128,0.345214,0.598962,0.542711,0.169887,0.459570,0.426271,0.898768,0.326038,0.119263,0.357499,0.222048,0.494106,0.348943,0.197674,0.812641,0.319980,0.558869,0.718726,0.335898,0.319129,0.421428,0.203227,0.486125,0.218569,0.459756,0.732523,0.815132,0.329544,0.271313,0.635749,0.627278,0.323875,0.198349,0.836597,0.251933,0.776242,0.573445,0.124819,0.316156,0.188980,0.413338,0.448092,0.879361,0.735046,0.296957,0.160750,0.522407,0.083680,0.749805,0.741783,0.725007,0.817428,0.587035,0.781108,0.780262,0.153098,0.804013,0.795573,0.514219,0.780114,0.076101,0.387349,0.345499,0.077291,0.601779,0.405007,0.194675,0.366770,0.668440,0.774509,0.111379,0.934443,0.801930,0.745054,0.937357,0.558561,0.484189,0.425032,0.769609,0.801109,0.766734,0.570334,0.256011,0.804158
SYN_BIGPN_0486,1,1,0,0,0.471105,0.177710,0.123183,0.405132,0.090490,0.643567,0.576510,0.867310,0.228297,0.656961,0.453932,0.371998,0.863813,0.389620,0.806369,0.582296,0.428691,0.362331,0.552412,0.105214,0.813897,0.257054,0.726518,0.322158,0.278684,0.571604,0.572164,0.333780,0.319957,0.099230,0.393250,0.106510,0.225410,0.608293,0.666767,0.215351,0.499368,0.486395,0.065321,0.368024,0.316368,0.492627,0.210322,0.569221,0.240115,0.510265,0.474511,0.935581,0.335004,0.668694,0.223501,0.057726,0.577028,0.591784,0.920024,0.291415,0.655246,0.877293,0.880267,0.885816,0.449951,0.706533,0.347039,0.919421,0.092860,0.420533,0.411319,0.730380,0.766628,0.547928,0.435105,0.122443,0.395575,0.682786,0.459456,0.450410,0.924851,0.814253,0.493508,0.372355,0.758436,0.461011,0.129031,0.437073,0.195256,0.667636,0.580907,0.235153,0.761055,0.135574,0.171162,0.424919,0.050565,0.443266,0.120829,0.570463,0.607458,0.490152,0.698519,0.866976,0.394042,0.490873,0.936499,0.932761,0.797349,0.438942,0.304921,0.302670,0.401987,0.772749,0.492205,0.330370,0.930156
SYN_BIGPN_0487,1,0,1,1,0.939427,0.519100,0.242190,0.429624,0.309937,0.381108,0.367499,0.765734,0.267667,0.790903,0.227196,0.438918,0.849966,0.411779,0.571140,0.054493,0.635017,0.337529,0.687834,0.126546,0.913546,0.892048,0.063747,0.082072,0.268087,0.803419,0.451676,0.853969,0.399631,0.713210,0.167790,0.887023,0.186687,0.119599,0.444042,0.792937,0.099514,0.660142,0.782249,0.139211,0.235554,0.461145,0.947521,0.832015,0.249098,0.756719,0.616687,0.138662,0.563599,0.526797,0.922104,0.459532,0.561367,0.149923,0.079372,0.698279,0.291479,0.684198,0.798176,0.419558,0.934779,0.898622,0.505097,0.747531,0.617341,0.272459,0.374831,0.720887,0.246045,0.355338,0.062608,0.611334,0.336872,0.233837,0.747680,0.078210,0.327254,0.544934,0.746005,0.442208,0.125664,0.216248,0.204680,0.101628,0.783695,0.482385,0.794469,0.417213,0.172583,0.810360,0.903216,0.545185,0.346248,0.644873,0.358628,0.516888,0.533241,0.449037,0.625231,0.605101,0.694343,0.496218,0.473858,0.464393,0.643202,0.369909,0.898178,0.100311,0.504751,0.105465,0.588344,0.870116,0.725090
SYN_BIGPN_0488,1,0,0,1,0.266608,0.262775,0.158504,0.619198,0.202615,0.125934,0.505909,0.534314,0.097944,0.925392,0.816382,0.829213,0.642846,0.481482,0.438144,0.696365,0.786369,0.093661,0.367653,0.396031,0.585169,0.452898,0.379825,0.829038,0.225684,0.863791,0.636927,0.746980,0.474873,0.761173,0.664860,0.724814,0.237371,0.798735,0.655306,0.227110,0.624915,0.541039,0.891968,0.701939,0.120705,0.810697,0.815570,0.845776,0.785995,0.705257,0.107624,0.927115,0.876326,0.395108,0.076186,0.285037,0.334681,0.779807,0.379716,0.087708,0.580649,0.608256,0.107119,0.374829,0.052598,0.405906,0.800074,0.339496,0.053780,0.789127,0.664099,0.087495,0.081282,0.358400,0.758101,0.103563,0.320077,0.692332,0.295495,0.066229,0.580565,0.785507,0.884242,0.553449,0.368189,0.455858,0.613198,0.215618,0.338561,0.448128,0.065265,0.806233,0.239806,0.737172,0.619663,0.169232,0.339428,0.860403,0.055935,0.373894,0.630048,0.712178,0.866336,0.515474,0.282873,0.463152,0.129405,0.234614,0.662667,0.157476,0.236461,0.243318,0.503817,0.287375,0.713503,0.842129,0.467623
SYN_BIGPN_0489,0,0,0,0,0.803507,0.925054,0.340001,0.796173,0.668626,0.442175,0.633492,0.401932,0.909643,0.903569,0.241704,0.422413,0.632189,0.058458,0.641569,0.431354,0.864724,0.260984,0.841561,0.899704,0.367217,0.267681,0.593853,0.184233,0.522069,0.342798,0.066827,0.359666,0.083737,0.333266,0.261007,0.836207,0.643305,0.171561,0.103793,0.069551,0.909697,0.083844,0.120074,0.743930,0.142339,0.392731,0.656571,0.347889,0.500560,0.264148,0.265027,0.612477,0.280241,0.597165,0.636764,0.866197,0.172958,0.125277,0.895562,0.224851,0.345507,0.606346,0.243979,0.744894,0.799818,0.211277,0.539092,0.318801,0.386444,0.238401,0.713672,0.057826,0.524024,0.678744,0.415081,0.373508,0.265569,0.252933,0.181295,0.217099,0.749071,0.130115,0.274036,0.372589,0.755975,0.821851,0.618456,0.295435,0.854066,0.426886,0.139871,0.382273,0.137188,0.583000,0.885192,0.696648,0.544034,0.457267,0.657456,0.798327,0.732709,0.235659,0.781036,0.330051,0.061881,0.541746,0.483594,0.868382,0.094922,0.574463,0.728862,0.408319,0.171549,0.241296,0.479659,0.490388,0.303199
SYN_BIGPN_0490,1,0,1,0,0.096026,0.167869,0.657073,0.243286,0.804814,0.708586,0.295929,0.526677,0.196613,0.895485,0.444108,0.153944,0.128101,0.554122,0.903750,0.546731,0.260971,0.718803,0.746674,0.079995,0.292338,0.243688,0.907564,0.885740,0.814469,0.162633,0.401676,0.145502,0.758735,0.734879,0.127929,0.150244,0.945589,0.709394,0.627402,0.695055,0.423983,0.770190,0.145815,0.766230,0.426391,0.281762,0.204950,0.874969,0.471515,0.531194,0.911074,0.921644,0.880846,0.582676,0.702321,0.070041,0.558572,0.192028,0.232684,0.135872,0.155019,0.146842,0.071603,0.800167,0.178918,0.142927,0.403733,0.786928,0.476032,0.161035,0.944292,0.104544,0.536956,0.675383,0.359627,0.226361,0.676688,0.358993,0.175776,0.627107,0.854043,0.784285,0.470386,0.197361,0.845155,0.399740,0.850536,0.516384,0.168025,0.717179,0.899339,0.332402,0.415049,0.396225,0.539879,0.384974,0.930692,0.641791,0.438280,0.465264,0.494471,0.666345,0.744164,0.295239,0.629544,0.856833,0.455808,0.795587,0.317646,0.622842,0.795028,0.713728,0.416790,0.170025,0.806131,0.601136,0.717999
SYN_BIGPN_0491,0,0,0,0,0.201134,0.098346,0.753869,0.550891,0.763986,0.059313,0.662051,0.787356,0.510664,0.383853,0.933538,0.397363,0.134267,0.688174,0.240262,0.791085,0.129435,0.590716,0.808902,0.124445,0.313415,0.888465,0.109568,0.527900,0.173166,0.266640,0.711273,0.904318,0.356779,0.143558,0.157249,0.401370,0.467271,0.500274,0.432436,0.549222,0.491947,0.585489,0.418865,0.222072,0.245398,0.512110,0.275583,0.255366,0.566740,0.057891,0.920437,0.619480,0.734120,0.380494,0.396495,0.731832,0.505616,0.066980,0.220120,0.061631,0.793172,0.842952,0.136694,0.403259,0.805449,0.672234,0.709971,0.694967,0.160653,0.738864,0.200955,0.683381,0.741307,0.925485,0.386904,0.053718,0.079512,0.803732,0.196076,0.276604,0.601089,0.569429,0.063372,0.416237,0.710546,0.765134,0.288957,0.713683,0.068318,0.133876,0.505915,0.575162,0.702878,0.660603,0.608360,0.389838,0.275401,0.562594,0.130597,0.240399,0.916865,0.774334,0.497742,0.922014,0.114187,0.571243,0.510889,0.907997,0.229503,0.639448,0.657286,0.608790,0.261839,0.560641,0.693102,0.176129,0.531029
SYN_BIGPN_0492,0,0,0,1,0.250170,0.358888,0.180945,0.336610,0.643167,0.206230,0.684992,0.708401,0.702819,0.353747,0.946802,0.552517,0.591254,0.911715,0.537946,0.491981,0.478156,0.237809,0.527672,0.341673,0.792444,0.121476,0.645192,0.071032,0.673277,0.541983,0.787388,0.925787,0.281155,0.785082,0.427576,0.056239,0.357199,0.435757,0.858026,0.215898,0.355018,0.718616,0.058206,0.816143,0.573035,0.633044,0.604304,0.375295,0.390281,0.599771,0.730203,0.306643,0.517915,0.471497,0.548874,0.910399,0.266227,0.863849,0.684117,0.668180,0.798177,0.456799,0.532072,0.740091,0.158321,0.877126,0.066972,0.305442,0.267097,0.911607,0.634365,0.210882,0.575324,0.501868,0.125903,0.319497,0.088029,0.107643,0.645224,0.349300,0.673526,0.247971,0.930468,0.246439,0.932143,0.372361,0.445222,0.058179,0.177365,0.189396,0.097757,0.059290,0.085451,0.549942,0.273542,0.068156,0.782712,0.885614,0.759675,0.500409,0.286648,0.814395,0.125508,0.753482,0.940853,0.062584,0.118233,0.712947,0.484492,0.701274,0.721245,0.829083,0.353357,0.642407,0.050498,0.691444,0.436873
SYN_BIGPN_0493,1,1,0,1,0.260843,0.806309,0.303507,0.169286,0.573754,0.362924,0.514838,0.486251,0.114529,0.226947,0.264104,0.266008,0.106996,0.239583,0.739155,0.743440,0.308659,0.185212,0.442714,0.327040,0.326676,0.741156,0.352116,0.615982,0.366094,0.089970,0.560618,0.208832,0.608813,0.656847,0.171223,0.399348,0.580004,0.558970,0.425752,0.098261,0.901621,0.841547,0.617621,0.341341,0.487782,0.258905,0.813578,0.886387,0.441296,0.939300,0.488088,0.571755,0.707823,0.767596,0.688491,0.172475,0.165121,0.772147,0.665721,0.657722,0.225650,0.487222,0.787779,0.532886,0.630880,0.751786,0.265646,0.279402,0.491344,0.794145,0.556477,0.806101,0.538979,0.871229,0.065461,0.773048,0.134526,0.245147,0.864385,0.388813,0.751275,0.835283,0.584503,0.288044,0.638406,0.605062,0.531525,0.944101,0.103979,0.593748,0.607533,0.245761,0.939934,0.515302,0.397735,0.863099,0.492997,0.816308,0.921926,0.153970,0.451024,0.670522,0.202548,0.907955,0.814304,0.133899,0.133621,0.627993,0.699809,0.378368,0.442995,0.891226,0.713560,0.709290,0.174327,0.766188,0.782603
SYN_BIGPN_0494,1,1,0,0,0.775439,0.633527,0.593173,0.945361,0.070686,0.483196,0.172906,0.142884,0.193803,0.684636,0.449570,0.371762,0.357621,0.201153,0.498442,0.734516,0.723591,0.594684,0.625954,0.207845,0.453798,0.788763,0.470870,0.492064,0.800929,0.923606,0.704414,0.838843,0.086601,0.361423,0.437986,0.479922,0.574484,0.068341,0.130130,0.572157,0.858154,0.574854,0.173176,0.529543,0.076325,0.656601,0.784504,0.112539,0.275856,0.118994,0.278131,0.156066,0.238281,0.568700,0.093015,0.089839,0.936786,0.873716,0.468752,0.425954,0.125071,0.713437,0.880184,0.488202,0.648347,0.718061,0.080983,0.454512,0.619178,0.374572,0.588317,0.348022,0.235907,0.167643,0.654006,0.118855,0.468552,0.871000,0.417042,0.515466,0.841728,0.177944,0.280257,0.078174,0.310525,0.495553,0.454788,0.576055,0.854421,0.271933,0.092915,0.697264,0.198583,0.351990,0.364862,0.284094,0.070744,0.053972,0.248538,0.845578,0.476446,0.667065,0.520633,0.659303,0.348776,0.173859,0.167227,0.596715,0.514492,0.754267,0.763396,0.546222,0.261048,0.579527,0.919396,0.312630,0.325466
SYN_BIGPN_0495,1,1,1,0,0.900840,0.230345,0.056248,0.933414,0.445636,0.379733,0.416765,0.785642,0.881259,0.579828,0.568697,0.446927,0.341386,0.634272,0.905146,0.451932,0.750768,0.850549,0.116441,0.796957,0.414387,0.059872,0.455010,0.552829,0.640667,0.431031,0.302775,0.220186,0.754201,0.509970,0.524835,0.239791,0.136686,0.438317,0.427025,0.080142,0.217067,0.114850,0.570254,0.497245,0.235777,0.367040,0.215167,0.614393,0.519751,0.846953,0.846869,0.674812,0.749990,0.516029,0.269549,0.684401,0.900824,0.743465,0.203704,0.486730,0.235886,0.510943,0.854233,0.631174,0.206952,0.841506,0.076357,0.722841,0.592658,0.907808,0.270782,0.458405,0.118247,0.335414,0.095641,0.413943,0.799825,0.706684,0.202538,0.173715,0.809952,0.409406,0.056633,0.217246,0.290414,0.744065,0.103741,0.104194,0.163297,0.591832,0.565737,0.744440,0.145618,0.884084,0.397232,0.662643,0.289501,0.470311,0.493875,0.578618,0.818839,0.155664,0.615015,0.646887,0.621728,0.460197,0.537578,0.465771,0.653999,0.636044,0.668639,0.777910,0.880460,0.502265,0.737133,0.203677,0.175122
SYN_BIGPN_0496,1,0,0,1,0.658502,0.535003,0.169891,0.414113,0.754594,0.620342,0.141235,0.452725,0.215237,0.322867,0.426954,0.424632,0.262470,0.275028,0.090452,0.617635,0.927907,0.634012,0.289739,0.606167,0.612355,0.652345,0.220673,0.437033,0.572841,0.489694,0.374377,0.368492,0.436219,0.373248,0.847121,0.102939,0.621985,0.478595,0.675561,0.069808,0.293978,0.498140,0.452019,0.443378,0.696079,0.200179,0.305302,0.305725,0.164420,0.874258,0.684465,0.380567,0.397081,0.328524,0.354071,0.911368,0.360896,0.493052,0.278587,0.308895,0.703443,0.641813,0.935952,0.850960,0.149484,0.313896,0.168486,0.905802,0.679288,0.237854,0.557610,0.181516,0.055662,0.622524,0.327756,0.633765,0.641320,0.613893,0.527916,0.534459,0.745339,0.065679,0.325002,0.578668,0.353583,0.429573,0.316859,0.086690,0.761591,0.485284,0.265950,0.581439,0.867183,0.703714,0.443441,0.472330,0.435623,0.445639,0.537496,0.453596,0.393144,0.666495,0.681595,0.935561,0.768387,0.123416,0.561067,0.524492,0.387310,0.892730,0.192240,0.359875,0.175789,0.297744,0.079899,0.804310,0.287149
SYN_BIGPN_0497,0,0,1,0,0.088624,0.841915,0.921434,0.897293,0.913244,0.058547,0.918495,0.645985,0.681563,0.095179,0.642133,0.927696,0.195560,0.053955,0.644533,0.665801,0.329958,0.931214,0.415042,0.894592,0.856180,0.256324,0.932743,0.172032,0.865953,0.661551,0.218009,0.681239,0.211340,0.746329,0.498731,0.326113,0.334655,0.829026,0.069587,0.755110,0.291143,0.401472,0.553177,0.786346,0.098841,0.650990,0.506962,0.558675,0.771634,0.788700,0.188245,0.814608,0.783083,0.395069,0.570229,0.375638,0.291661,0.726313,0.170603,0.558816,0.707983,0.813778,0.283484,0.535089,0.329086,0.627418,0.892461,0.097429,0.195717,0.915694,0.374632,0.586654,0.785035,0.927984,0.380295,0.463494,0.296702,0.800491,0.094281,0.167064,0.249201,0.470354,0.875815,0.906159,0.524933,0.817954,0.577700,0.125382,0.595551,0.907066,0.945122,0.319971,0.579875,0.876436,0.932501,0.093091,0.597877,0.370168,0.797603,0.594457,0.878952,0.445226,0.612095,0.866463,0.728757,0.573625,0.612113,0.927894,0.469380,0.708491,0.698266,0.859890,0.269944,0.527179,0.314153,0.544202,0.058176
SYN_BIGPN_0498,0,0,0,1,0.938467,0.844678,0.285443,0.415476,0.852739,0.335867,0.259041,0.760037,0.664696,0.576538,0.148102,0.837772,0.500593,0.104066,0.289159,0.644351,0.485066,0.342708,0.897992,0.386871,0.574790,0.918250,0.279798,0.247946,0.739042,0.821566,0.810691,0.361403,0.627122,0.274340,0.882949,0.054264,0.798385,0.167221,0.153480,0.330422,0.237826,0.603598,0.589223,0.549687,0.259300,0.143602,0.408258,0.482848,0.666338,0.314674,0.922104,0.470815,0.584633,0.312633,0.333305,0.818915,0.175759,0.296957,0.717387,0.069847,0.091719,0.780122,0.603828,0.385939,0.450738,0.580424,0.808689,0.107464,0.505741,0.188580,0.745417,0.916137,0.091769,0.200689,0.160497,0.684256,0.407813,0.501932,0.684320,0.870783,0.496741,0.672764,0.477345,0.948544,0.931394,0.475212,0.721829,0.137454,0.098947,0.764092,0.739275,0.440135,0.274150,0.365210,0.306545,0.363099,0.380831,0.941922,0.530895,0.785411,0.514429,0.365714,0.729299,0.338119,0.641979,0.865662,0.542769,0.678573,0.839849,0.428241,0.197698,0.434874,0.333097,0.523536,0.202749,0.717622,0.066133
SYN_BIGPN_0499,1,1,1,1,0.789654,0.243212,0.561015,0.397021,0.706102,0.543071,0.419096,0.495187,0.237150,0.604342,0.480650,0.310734,0.190799,0.843963,0.342934,0.530143,0.275738,0.569826,0.190920,0.500609,0.530304,0.348815,0.947779,0.910667,0.765489,0.669142,0.669819,0.458966,0.325288,0.217886,0.554610,0.181336,0.383064,0.813210,0.151424,0.282175,0.625949,0.728628,0.541078,0.262650,0.874019,0.821654,0.581673,0.826949,0.702098,0.388192,0.942252,0.322480,0.283331,0.488154,0.901387,0.546055,0.844737,0.693451,0.891417,0.929551,0.234915,0.128993,0.325265,0.456865,0.088635,0.345326,0.660922,0.739992,0.512654,0.409523,0.277305,0.242007,0.868588,0.360420,0.142649,0.640550,0.173199,0.643211,0.436152,0.278215,0.564096,0.514676,0.384363,0.504259,0.648666,0.693374,0.775085,0.460581,0.909279,0.662488,0.620414,0.342692,0.330624,0.937159,0.521693,0.104250,0.558438,0.609849,0.874143,0.754251,0.591548,0.684532,0.416739,0.941113,0.344956,0.397554,0.185328,0.445367,0.475223,0.615276,0.573082,0.433795,0.179523,0.728770,0.755610,0.236963,0.926020
SYN_BIGPN_0500,0,1,1,0,0.457895,0.348469,0.872680,0.656433,0.948104,0.915405,0.557238,0.769286,0.258868,0.753647,0.811846,0.476896,0.591929,0.387212,0.701932,0.251747,0.449247,0.290944,0.608712,0.395892,0.204048,0.466530,0.116098,0.788544,0.148600,0.944774,0.686224,0.544549,0.137272,0.678722,0.495957,0.836268,0.872439,0.519855,0.320391,0.238062,0.556969,0.487540,0.484014,0.459192,0.593094,0.584610,0.806187,0.500061,0.351719,0.535969,0.453880,0.396677,0.138920,0.724521,0.388126,0.284651,0.482829,0.791680,0.643400,0.154770,0.665997,0.200686,0.828962,0.521242,0.924564,0.262485,0.071930,0.571349,0.783622,0.625851,0.664371,0.473622,0.645040,0.190389,0.164778,0.524347,0.559180,0.061313,0.055491,0.079066,0.383370,0.524182,0.571012,0.581265,0.466480,0.115660,0.157756,0.095789,0.450336,0.452708,0.261620,0.302751,0.342849,0.344143,0.405469,0.760629,0.166506,0.490165,0.295105,0.062148,0.939383,0.412228,0.362719,0.170306,0.425989,0.563786,0.638798,0.628455,0.261421,0.626468,0.453985,0.059490,0.864547,0.373926,0.427005,0.494527,0.723503
SYN_BIGPN_0501,1,0,0,0,0.306911,0.557924,0.068863,0.570384,0.637612,0.701437,0.349838,0.807645,0.236477,0.256148,0.210689,0.835306,0.941066,0.110886,0.606063,0.297766,0.829779,0.263719,0.596544,0.437319,0.271073,0.520266,0.599572,0.106081,0.633088,0.243259,0.140270,0.257792,0.259628,0.483089,0.851949,0.653887,0.664486,0.715305,0.657829,0.770303,0.803019,0.697063,0.811640,0.567313,0.313116,0.475587,0.480455,0.757428,0.277009,0.570700,0.317534,0.608123,0.760112,0.398144,0.278188,0.922901,0.904904,0.334557,0.770134,0.740049,0.321981,0.379982,0.164297,0.863426,0.105623,0.444027,0.546842,0.387561,0.071677,0.287393,0.417859,0.115697,0.669740,0.289307,0.770657,0.279002,0.070971,0.647221,0.728503,0.740743,0.100885,0.767723,0.667304,0.761990,0.263402,0.612693,0.325352,0.312999,0.596542,0.901680,0.406238,0.510658,0.051566,0.109403,0.679209,0.387721,0.315288,0.626049,0.280437,0.287081,0.772982,0.394258,0.394652,0.378429,0.764011,0.306428,0.062894,0.156666,0.537738,0.744349,0.842149,0.486360,0.334562,0.462735,0.785457,0.539299,0.079365
SYN_BIGPN_0502,1,0,0,0,0.881200,0.156116,0.143741,0.197097,0.665839,0.350157,0.557258,0.822154,0.658662,0.287858,0.461393,0.266520,0.873858,0.566255,0.861705,0.610283,0.591283,0.938482,0.224866,0.329941,0.464085,0.491159,0.702235,0.700375,0.593197,0.111439,0.068617,0.251754,0.090535,0.157947,0.928361,0.265096,0.411034,0.219627,0.457266,0.426488,0.211222,0.852133,0.100566,0.821024,0.801731,0.557876,0.576773,0.411858,0.383177,0.399697,0.739126,0.545558,0.499123,0.537094,0.499173,0.933026,0.398409,0.931203,0.572456,0.299953,0.947581,0.131503,0.840154,0.812027,0.146241,0.426056,0.081397,0.778673,0.459867,0.554661,0.691559,0.900147,0.456396,0.426407,0.705289,0.641846,0.234473,0.726361,0.563649,0.821247,0.196752,0.374514,0.242388,0.083766,0.834331,0.906645,0.843115,0.814879,0.916652,0.534125,0.424484,0.486668,0.148914,0.742270,0.382099,0.591464,0.128987,0.506732,0.155441,0.077767,0.249220,0.866818,0.491559,0.594180,0.466433,0.838980,0.870439,0.061356,0.888119,0.871875,0.767188,0.165447,0.341339,0.872740,0.438038,0.855977,0.775126
SYN_BIGPN_0503,1,0,1,0,0.581882,0.500754,0.922032,0.584571,0.202744,0.236331,0.515596,0.178304,0.601432,0.629426,0.083271,0.366641,0.414642,0.186723,0.336237,0.559747,0.726389,0.718115,0.408082,0.588180,0.408239,0.496763,0.428569,0.826272,0.363362,0.380474,0.874914,0.683087,0.797565,0.643450,0.285420,0.530199,0.166362,0.574965,0.617664,0.900932,0.374495,0.138043,0.670488,0.858391,0.332279,0.778636,0.197503,0.680677,0.766845,0.663554,0.928223,0.513300,0.396360,0.313365,0.263241,0.440453,0.300091,0.113651,0.337840,0.815937,0.698123,0.069381,0.521080,0.879011,0.173388,0.480293,0.590905,0.594856,0.719461,0.557315,0.265937,0.190408,0.463144,0.166377,0.941374,0.735652,0.820318,0.181400,0.204149,0.769059,0.906111,0.391617,0.205224,0.490460,0.740607,0.510035,0.889214,0.594426,0.709796,0.426919,0.120192,0.638479,0.825831,0.057816,0.823363,0.843779,0.457296,0.799350,0.662444,0.733520,0.658557,0.468742,0.269063,0.270491,0.620063,0.816494,0.148202,0.244257,0.683117,0.124983,0.938458,0.677779,0.522183,0.783333,0.517925,0.803464,0.232589
SYN_BIGPN_0504,0,0,1,1,0.312141,0.827079,0.220373,0.518336,0.740523,0.866892,0.378640,0.448719,0.839938,0.225686,0.206031,0.574326,0.341141,0.275217,0.758696,0.327730,0.899389,0.088281,0.106031,0.931389,0.407774,0.915546,0.458108,0.163010,0.893404,0.402459,0.402031,0.153916,0.063513,0.411033,0.785376,0.322761,0.257312,0.455741,0.554606,0.518726,0.694303,0.685572,0.926029,0.435440,0.338875,0.126454,0.233602,0.357855,0.924913,0.061019,0.061088,0.368997,0.752183,0.738395,0.549066,0.589620,0.813212,0.139240,0.522252,0.627887,0.914510,0.931253,0.335795,0.423648,0.377530,0.702137,0.835952,0.858978,0.310851,0.565488,0.755208,0.763450,0.111665,0.353467,0.917477,0.407028,0.606277,0.819255,0.376828,0.492166,0.529701,0.488845,0.497882,0.905979,0.250123,0.550660,0.764525,0.801596,0.193358,0.526266,0.760154,0.455801,0.378945,0.354610,0.712181,0.347690,0.600825,0.166687,0.698402,0.274003,0.566062,0.478730,0.645994,0.330251,0.739474,0.298115,0.310775,0.792935,0.564177,0.135793,0.869682,0.382627,0.906573,0.707490,0.387713,0.848542,0.457195
SYN_BIGPN_0505,0,0,0,0,0.580195,0.084419,0.493989,0.362631,0.138140,0.585493,0.359063,0.832702,0.761612,0.778968,0.491122,0.090294,0.795151,0.868110,0.325334,0.115142,0.542957,0.383565,0.213413,0.359732,0.879953,0.863551,0.712051,0.845232,0.131674,0.625748,0.506188,0.939988,0.608814,0.222517,0.941164,0.411309,0.340168,0.155197,0.154138,0.617217,0.665062,0.383270,0.170235,0.572174,0.865555,0.241243,0.767866,0.762061,0.770857,0.136325,0.837402,0.569048,0.756649,0.852273,0.719528,0.905560,0.324066,0.247468,0.528622,0.220775,0.659526,0.530052,0.317367,0.438042,0.273218,0.519960,0.806409,0.731551,0.804662,0.574660,0.773526,0.299527,0.652675,0.931754,0.560643,0.792946,0.176845,0.281098,0.644703,0.777143,0.649064,0.665677,0.150323,0.936715,0.277984,0.263585,0.151705,0.599069,0.218040,0.653512,0.695755,0.682096,0.943993,0.906395,0.387699,0.072074,0.316611,0.613084,0.371094,0.602477,0.820431,0.637883,0.789006,0.540444,0.603076,0.785836,0.111501,0.180763,0.766350,0.939431,0.925415,0.889481,0.473425,0.554478,0.425655,0.176996,0.903600
SYN_BIGPN_0506,0,0,0,0,0.196681,0.866279,0.617455,0.779544,0.254564,0.487362,0.272912,0.372856,0.935805,0.737994,0.938425,0.880507,0.796535,0.456172,0.057371,0.397009,0.063758,0.765988,0.857160,0.822449,0.452749,0.668640,0.244576,0.603847,0.073069,0.689924,0.652434,0.573960,0.237940,0.330648,0.518033,0.615821,0.236467,0.901422,0.674476,0.370601,0.402276,0.463939,0.274227,0.063969,0.927751,0.830968,0.633349,0.097980,0.690060,0.683115,0.912688,0.725779,0.789891,0.190396,0.117069,0.567998,0.824567,0.200820,0.483349,0.545664,0.661473,0.229548,0.434167,0.838560,0.101565,0.109758,0.643461,0.795829,0.337708,0.619161,0.794867,0.457665,0.225912,0.653738,0.421190,0.791651,0.544677,0.680625,0.061665,0.334223,0.834468,0.524099,0.567649,0.846236,0.772088,0.179072,0.549911,0.215696,0.855715,0.414333,0.268354,0.254419,0.757708,0.238448,0.092356,0.947485,0.873126,0.689195,0.471342,0.262539,0.288280,0.689514,0.235629,0.889225,0.241906,0.288517,0.228276,0.909933,0.302959,0.205482,0.828443,0.233847,0.739969,0.548398,0.451723,0.802365,0.166108
SYN_BIGPN_0507,1,1,0,0,0.208756,0.496406,0.303570,0.798953,0.742304,0.887853,0.789050,0.386585,0.245743,0.809421,0.917920,0.801297,0.348141,0.410528,0.615735,0.870705,0.163079,0.457059,0.670258,0.270017,0.399120,0.318045,0.910538,0.383751,0.779082,0.099896,0.472782,0.760110,0.075725,0.684280,0.757454,0.722027,0.189045,0.099888,0.244119,0.092788,0.199278,0.446870,0.213820,0.390844,0.513286,0.691160,0.876716,0.851402,0.873733,0.861557,0.179543,0.210718,0.669319,0.587899,0.379671,0.074043,0.639517,0.375023,0.880927,0.540508,0.353938,0.799494,0.945877,0.301347,0.919962,0.319926,0.867568,0.810647,0.876341,0.058351,0.519052,0.700576,0.727817,0.869935,0.564619,0.437181,0.535120,0.668040,0.914241,0.500105,0.087886,0.747728,0.914470,0.651934,0.685265,0.378082,0.251823,0.810470,0.635689,0.798940,0.544935,0.839312,0.885515,0.922612,0.661528,0.203096,0.519585,0.436298,0.707036,0.613757,0.126338,0.347832,0.266237,0.086072,0.074567,0.800431,0.127100,0.945527,0.726128,0.323017,0.335488,0.944807,0.546396,0.168911,0.658817,0.437803,0.665427
SYN_BIGPN_0508,1,1,1,0,0.556747,0.053365,0.609185,0.802588,0.719823,0.367328,0.116128,0.175216,0.836512,0.145908,0.918304,0.874596,0.661856,0.511536,0.157779,0.349790,0.440145,0.217541,0.191070,0.883754,0.927952,0.633881,0.911105,0.583138,0.565379,0.794883,0.864722,0.888601,0.065131,0.391051,0.610728,0.529022,0.225543,0.648959,0.805870,0.847176,0.748038,0.629105,0.911191,0.561509,0.270263,0.203338,0.641348,0.875820,0.528318,0.948328,0.922116,0.415437,0.929062,0.578865,0.659092,0.537834,0.111128,0.775417,0.050573,0.941438,0.370094,0.204458,0.158559,0.387886,0.114408,0.260193,0.109770,0.456943,0.879604,0.793231,0.273908,0.139536,0.936467,0.103131,0.840507,0.912185,0.096266,0.104297,0.087591,0.678578,0.432755,0.947424,0.743117,0.113829,0.652394,0.605071,0.471297,0.139619,0.810044,0.909505,0.246204,0.660130,0.079507,0.305340,0.497599,0.356293,0.374718,0.565633,0.268083,0.520041,0.209114,0.123345,0.068992,0.713008,0.155588,0.627894,0.685678,0.849849,0.408673,0.681492,0.672677,0.722963,0.427246,0.614164,0.234999,0.948936,0.561571
SYN_BIGPN_0509,1,0,1,0,0.346338,0.136906,0.155281,0.533882,0.090090,0.380607,0.190164,0.102766,0.322288,0.302128,0.815159,0.066102,0.945469,0.402721,0.104942,0.478959,0.808504,0.382138,0.760679,0.900276,0.678165,0.267614,0.713227,0.790780,0.758776,0.353466,0.210211,0.310090,0.658552,0.590824,0.582447,0.676230,0.291284,0.406398,0.412744,0.534048,0.691262,0.650763,0.458448,0.087378,0.308162,0.142477,0.211142,0.598793,0.707805,0.298451,0.427644,0.455459,0.344356,0.559758,0.500327,0.415259,0.306156,0.860847,0.898364,0.906262,0.296402,0.105782,0.791600,0.619166,0.555316,0.894868,0.818813,0.391638,0.074320,0.137239,0.111821,0.845693,0.296664,0.162694,0.280040,0.818886,0.557873,0.880428,0.542126,0.553351,0.570316,0.624500,0.080628,0.492573,0.238015,0.800693,0.442896,0.660208,0.388894,0.186976,0.628325,0.529388,0.054927,0.385894,0.148025,0.544527,0.653073,0.144525,0.709156,0.153258,0.601023,0.833854,0.817495,0.683940,0.162545,0.112360,0.752837,0.225023,0.588276,0.322469,0.439852,0.274579,0.710511,0.893720,0.846598,0.251383,0.269416
SYN_BIGPN_0510,1,1,1,1,0.399923,0.651364,0.062315,0.946622,0.863477,0.347905,0.802496,0.102640,0.191006,0.704321,0.196072,0.553342,0.640151,0.165822,0.584608,0.196587,0.417386,0.935047,0.538797,0.436496,0.356308,0.728967,0.421577,0.100183,0.800393,0.458788,0.797580,0.372630,0.934220,0.235766,0.755293,0.480460,0.745778,0.358560,0.765332,0.603418,0.505766,0.867334,0.559472,0.742775,0.473458,0.215306,0.153820,0.688374,0.070112,0.830925,0.598991,0.385538,0.351307,0.050411,0.887846,0.684577,0.137589,0.635662,0.436015,0.638342,0.267625,0.783024,0.444968,0.308591,0.633257,0.226634,0.289874,0.426935,0.552269,0.916287,0.394550,0.736096,0.727438,0.897558,0.082413,0.166101,0.331654,0.479476,0.305577,0.717840,0.470849,0.891386,0.882151,0.433254,0.184891,0.782517,0.694933,0.258227,0.524678,0.656975,0.871472,0.231342,0.190966,0.832651,0.119806,0.737003,0.527478,0.308158,0.806261,0.665007,0.566948,0.347300,0.806808,0.121583,0.569583,0.905082,0.544277,0.771259,0.226000,0.239092,0.515765,0.772753,0.935426,0.634520,0.226969,0.774168,0.442269
SYN_BIGPN_0511,1,1,0,0,0.425346,0.595846,0.551748,0.433551,0.090218,0.659898,0.073601,0.632681,0.751173,0.660756,0.768719,0.566266,0.174237,0.262828,0.303817,0.408038,0.862031,0.474211,0.281359,0.778097,0.686181,0.233492,0.929171,0.755894,0.175809,0.667698,0.592199,0.283877,0.483281,0.311531,0.556470,0.568677,0.570612,0.948731,0.515768,0.527030,0.386386,0.625833,0.807225,0.840774,0.911674,0.566583,0.081533,0.863998,0.065938,0.698987,0.646667,0.938733,0.331409,0.266826,0.409226,0.832213,0.134864,0.284044,0.206734,0.191964,0.293688,0.749651,0.394072,0.157487,0.455157,0.592551,0.113500,0.454432,0.540949,0.405982,0.915642,0.118526,0.662520,0.401459,0.091623,0.401519,0.383078,0.323165,0.368957,0.718828,0.779386,0.569121,0.084003,0.630322,0.446065,0.928492,0.426029,0.655463,0.300442,0.385109,0.114284,0.489371,0.089781,0.319397,0.934116,0.491964,0.413537,0.906740,0.614724,0.485706,0.675304,0.747527,0.427944,0.488659,0.159256,0.159258,0.475648,0.762861,0.548484,0.448694,0.501122,0.855155,0.575528,0.077205,0.791080,0.689593,0.911984
SYN_BIGPN_0512,0,0,0,1,0.761204,0.813878,0.761813,0.712280,0.537203,0.538211,0.059661,0.673967,0.610524,0.275052,0.912171,0.472408,0.502706,0.891788,0.390288,0.277459,0.534162,0.424128,0.894000,0.619962,0.064730,0.240875,0.640945,0.254314,0.478332,0.235370,0.450163,0.485833,0.221504,0.919825,0.845891,0.255794,0.892933,0.226298,0.110135,0.816827,0.122512,0.379276,0.534001,0.502445,0.244626,0.409545,0.414747,0.855652,0.514250,0.472686,0.617670,0.882670,0.189980,0.706319,0.187997,0.675997,0.640409,0.081692,0.914788,0.093793,0.284914,0.272323,0.677404,0.611615,0.353044,0.923981,0.403307,0.408168,0.638532,0.768880,0.672213,0.889660,0.611273,0.177816,0.150749,0.281021,0.848414,0.639772,0.265719,0.091045,0.907296,0.231166,0.786940,0.460983,0.437841,0.334995,0.692776,0.728438,0.949130,0.718216,0.628211,0.243119,0.466447,0.456730,0.824040,0.689357,0.897249,0.366474,0.916699,0.814030,0.831668,0.427687,0.109229,0.641702,0.358190,0.779255,0.202344,0.897133,0.819268,0.611336,0.361613,0.884172,0.419856,0.499060,0.782364,0.720257,0.560185
SYN_BIGPN_0513,1,0,0,1,0.516283,0.155521,0.695083,0.067893,0.508460,0.497840,0.678983,0.177051,0.736699,0.538159,0.711692,0.780827,0.093376,0.711958,0.934985,0.496768,0.842362,0.068264,0.824998,0.811623,0.444838,0.611724,0.622845,0.939579,0.513811,0.451195,0.498927,0.265357,0.794901,0.339993,0.072214,0.312029,0.821392,0.327101,0.300984,0.415355,0.714262,0.386642,0.670739,0.869590,0.532637,0.468716,0.518277,0.399318,0.260328,0.547250,0.187729,0.808151,0.245775,0.530228,0.745934,0.240763,0.261503,0.472525,0.930613,0.336056,0.650239,0.776743,0.662423,0.470461,0.477373,0.818609,0.687174,0.664738,0.795783,0.856855,0.249341,0.851419,0.089411,0.867089,0.783482,0.197101,0.710944,0.623265,0.237631,0.105107,0.530333,0.855752,0.889947,0.607078,0.677999,0.295708,0.263579,0.082412,0.932903,0.468094,0.514237,0.169881,0.820726,0.322765,0.266985,0.783781,0.154387,0.324411,0.823165,0.160404,0.460171,0.652243,0.721121,0.882702,0.918475,0.266403,0.735280,0.544909,0.851230,0.194004,0.206224,0.753309,0.824882,0.746892,0.430333,0.596554,0.307372
SYN_BIGPN_0514,0,1,1,1,0.415479,0.892032,0.299242,0.899605,0.938499,0.683266,0.372325,0.746512,0.271401,0.488675,0.504418,0.634243,0.771713,0.447568,0.334344,0.779597,0.853873,0.130633,0.775743,0.477305,0.927516,0.799751,0.366182,0.576589,0.108174,0.270776,0.859301,0.868155,0.739227,0.485723,0.408822,0.365237,0.090807,0.768966,0.093307,0.127903,0.428805,0.645814,0.392742,0.861423,0.457243,0.705145,0.679906,0.053160,0.601667,0.722279,0.103213,0.096870,0.440287,0.918380,0.386971,0.558291,0.831057,0.497192,0.474798,0.541554,0.902886,0.117644,0.137371,0.100267,0.434813,0.436417,0.943833,0.941324,0.839671,0.886091,0.794180,0.396663,0.904338,0.810764,0.485345,0.451849,0.378348,0.588173,0.484535,0.176271,0.327430,0.841905,0.653030,0.738201,0.136682,0.134761,0.130683,0.579077,0.844158,0.527036,0.306232,0.125985,0.918859,0.547422,0.667533,0.653285,0.108470,0.082087,0.813596,0.738958,0.333759,0.294079,0.530852,0.129820,0.203174,0.904486,0.762256,0.528513,0.842105,0.284635,0.353950,0.257870,0.881990,0.550739,0.682570,0.726849,0.092501
SYN_BIGPN_0515,0,1,1,1,0.839410,0.267362,0.417585,0.243626,0.596530,0.366339,0.943200,0.680322,0.741591,0.776972,0.697735,0.813994,0.855731,0.449984,0.206691,0.344190,0.840712,0.279085,0.832086,0.592247,0.201356,0.245629,0.124863,0.690072,0.647021,0.226892,0.057426,0.712724,0.909149,0.890710,0.371590,0.911917,0.858572,0.323877,0.829949,0.382964,0.569502,0.929044,0.848395,0.092015,0.374793,0.517936,0.438979,0.215754,0.571256,0.128213,0.220258,0.901275,0.874069,0.694850,0.462825,0.384668,0.905503,0.698631,0.587384,0.431908,0.806448,0.832692,0.597705,0.942246,0.778267,0.093528,0.133257,0.503916,0.827209,0.429156,0.548350,0.897677,0.731309,0.345890,0.701978,0.486437,0.629745,0.710823,0.780411,0.517641,0.114399,0.620544,0.501554,0.460388,0.543648,0.225532,0.590855,0.181953,0.571404,0.915535,0.325256,0.328263,0.940352,0.404500,0.865852,0.306524,0.514800,0.774186,0.339423,0.571213,0.127229,0.293075,0.297939,0.666427,0.530696,0.506053,0.553623,0.625781,0.653392,0.092167,0.740939,0.377962,0.811006,0.316591,0.863677,0.704566,0.496928
SYN_BIGPN_0516,0,1,1,1,0.400921,0.321545,0.663610,0.171138,0.335685,0.118397,0.507433,0.355306,0.232500,0.093035,0.564801,0.633854,0.747860,0.638397,0.717401,0.906160,0.423806,0.050121,0.568869,0.575992,0.925731,0.077031,0.423311,0.297889,0.943411,0.365260,0.293453,0.718682,0.577702,0.853763,0.768621,0.480089,0.495459,0.258027,0.219930,0.724531,0.916338,0.608902,0.352024,0.831803,0.856659,0.381962,0.081135,0.060261,0.857484,0.805737,0.812992,0.599060,0.767990,0.528415,0.730551,0.443881,0.369567,0.371932,0.075764,0.438646,0.822434,0.426925,0.749750,0.308223,0.448468,0.625059,0.143245,0.070154,0.332860,0.927824,0.390343,0.235715,0.288099,0.474340,0.681220,0.360278,0.155707,0.515499,0.695962,0.586691,0.461891,0.102433,0.888948,0.534537,0.344728,0.866682,0.261968,0.598297,0.703173,0.364054,0.481010,0.312944,0.840081,0.867368,0.674604,0.062912,0.525579,0.405531,0.512293,0.928908,0.793082,0.431259,0.798295,0.255709,0.640716,0.589742,0.826510,0.394926,0.410236,0.618027,0.481545,0.295685,0.668151,0.315872,0.245388,0.279086,0.753670
SYN_BIGPN_0517,0,1,0,0,0.531390,0.902281,0.476960,0.073793,0.278840,0.426358,0.578356,0.668097,0.294140,0.712278,0.412309,0.927689,0.609221,0.634309,0.332921,0.430005,0.127263,0.600857,0.134700,0.098215,0.322965,0.494781,0.370704,0.252583,0.312736,0.610376,0.087193,0.515449,0.239454,0.112898,0.504715,0.210225,0.844960,0.567152,0.696231,0.092396,0.185157,0.475544,0.583264,0.941024,0.283576,0.368057,0.916915,0.884754,0.554897,0.382209,0.476828,0.129396,0.283970,0.574183,0.134326,0.737747,0.823902,0.512167,0.580591,0.871324,0.190337,0.500795,0.688506,0.927600,0.859287,0.674033,0.627430,0.389890,0.375207,0.496984,0.828068,0.668509,0.762716,0.502919,0.110859,0.462626,0.704208,0.701171,0.428242,0.306553,0.243338,0.352936,0.333451,0.904450,0.757022,0.656363,0.885410,0.609427,0.431455,0.196921,0.783653,0.083297,0.893587,0.831639,0.320577,0.379619,0.194103,0.910710,0.180082,0.157812,0.203802,0.502870,0.884988,0.820979,0.519721,0.618622,0.803173,0.411760,0.429350,0.724897,0.146354,0.518268,0.156600,0.354036,0.888184,0.881982,0.411108
SYN_BIGPN_0518,0,0,0,0,0.292470,0.427990,0.327776,0.644384,0.588377,0.438421,0.129987,0.153641,0.798169,0.482619,0.550833,0.343377,0.422993,0.696621,0.475264,0.441427,0.577875,0.899734,0.525444,0.071249,0.265524,0.243204,0.123929,0.473326,0.605533,0.788821,0.425952,0.147364,0.264320,0.271901,0.921875,0.307885,0.075458,0.149903,0.791941,0.428108,0.603926,0.622432,0.746619,0.499646,0.827528,0.916159,0.140443,0.314490,0.798255,0.393429,0.313710,0.948943,0.726865,0.819883,0.906214,0.417918,0.224012,0.419850,0.116172,0.358796,0.292594,0.228143,0.293594,0.792329,0.055695,0.302077,0.844831,0.942350,0.244318,0.900485,0.601384,0.641419,0.919355,0.122067,0.711718,0.835901,0.651559,0.771297,0.556535,0.753568,0.514814,0.155901,0.563290,0.562194,0.763283,0.696166,0.707158,0.609314,0.600723,0.253846,0.607657,0.278959,0.223103,0.153352,0.395064,0.076447,0.699935,0.819961,0.877223,0.784669,0.370746,0.366366,0.897893,0.075624,0.636169,0.865389,0.393814,0.852622,0.426007,0.591056,0.709008,0.298207,0.857298,0.510945,0.901229,0.181443,0.867872
SYN_BIGPN_0519,0,1,1,1,0.907615,0.905657,0.691640,0.869686,0.425905,0.316127,0.217076,0.673986,0.464291,0.539120,0.312658,0.516566,0.176178,0.375915,0.190999,0.799671,0.421511,0.454483,0.731953,0.768577,0.664726,0.191611,0.932231,0.098851,0.858216,0.915529,0.750343,0.555093,0.373281,0.595872,0.406206,0.848464,0.582075,0.851880,0.665280,0.468873,0.600313,0.361752,0.932605,0.309611,0.817250,0.351233,0.379652,0.393749,0.561841,0.398906,0.573336,0.783820,0.615547,0.653935,0.831771,0.631045,0.930461,0.762567,0.079647,0.556657,0.301460,0.344511,0.362769,0.408786,0.742446,0.551371,0.472952,0.703449,0.468507,0.935237,0.597423,0.162902,0.603788,0.484702,0.380229,0.279331,0.659705,0.612436,0.864527,0.412282,0.892337,0.407278,0.722461,0.856497,0.470151,0.699487,0.194088,0.306528,0.143493,0.771072,0.516516,0.304026,0.710222,0.659958,0.657158,0.686475,0.575506,0.388007,0.731166,0.424516,0.065990,0.363083,0.140084,0.805489,0.839401,0.220775,0.120288,0.089927,0.052818,0.402366,0.102802,0.688590,0.734978,0.694441,0.872671,0.479671,0.792438
SYN_BIGPN_0520,1,1,1,0,0.786830,0.256100,0.937722,0.739456,0.775025,0.920614,0.629502,0.260210,0.072199,0.199624,0.745723,0.820178,0.789760,0.566671,0.127440,0.908579,0.226497,0.051468,0.447114,0.306628,0.259742,0.540620,0.646276,0.238407,0.140183,0.284177,0.203742,0.691410,0.344190,0.236176,0.286916,0.205301,0.324638,0.938038,0.309025,0.385743,0.662510,0.821695,0.618936,0.052753,0.581241,0.314720,0.074460,0.570841,0.671136,0.377654,0.841270,0.306836,0.264779,0.268133,0.694785,0.934583,0.392431,0.228931,0.297431,0.692543,0.461265,0.249503,0.131724,0.255305,0.198195,0.472149,0.865784,0.174595,0.839688,0.522344,0.785864,0.548198,0.201283,0.372853,0.717943,0.669494,0.433155,0.275650,0.556170,0.463889,0.938332,0.247504,0.318539,0.095903,0.661823,0.207694,0.220467,0.434766,0.604937,0.056648,0.219942,0.555559,0.495129,0.817593,0.402920,0.446535,0.911983,0.669697,0.895796,0.130138,0.082455,0.533194,0.289546,0.141325,0.500335,0.265626,0.706519,0.443580,0.657434,0.643374,0.801038,0.908670,0.217215,0.296679,0.944675,0.236189,0.126923
SYN_BIGPN_0521,1,0,1,0,0.301957,0.071760,0.070275,0.350350,0.481839,0.329618,0.312178,0.192012,0.509165,0.082265,0.895695,0.355152,0.688601,0.342724,0.180592,0.304893,0.677113,0.213008,0.532575,0.818746,0.886043,0.385208,0.713537,0.067145,0.443094,0.069395,0.922988,0.132568,0.778508,0.410920,0.482674,0.906448,0.319521,0.868651,0.088078,0.885729,0.378621,0.364663,0.764712,0.290638,0.354656,0.607073,0.948921,0.516500,0.553783,0.274264,0.430579,0.186140,0.444228,0.290862,0.330849,0.579670,0.688249,0.488030,0.286818,0.538959,0.190275,0.094864,0.439833,0.710380,0.335970,0.517261,0.477111,0.585465,0.550532,0.291459,0.152254,0.837718,0.053062,0.807253,0.200062,0.610733,0.215553,0.948596,0.393437,0.184796,0.403779,0.423070,0.559675,0.818327,0.560043,0.471131,0.721559,0.406525,0.802905,0.940345,0.724493,0.846474,0.936511,0.250230,0.228781,0.322177,0.114454,0.399928,0.809591,0.085906,0.941780,0.432657,0.794210,0.185068,0.053686,0.763097,0.895656,0.747245,0.862298,0.325884,0.104202,0.766337,0.311815,0.279059,0.317880,0.785525,0.575350
SYN_BIGPN_0522,1,0,1,1,0.205234,0.126363,0.808935,0.730675,0.743436,0.726220,0.490111,0.502478,0.351015,0.429440,0.233909,0.780538,0.203428,0.093007,0.875618,0.366043,0.691412,0.796617,0.289588,0.454853,0.811103,0.442231,0.857644,0.545892,0.901987,0.777017,0.079396,0.736327,0.510353,0.579085,0.388277,0.673101,0.670008,0.166369,0.584948,0.284797,0.685815,0.239927,0.061499,0.203130,0.714103,0.908204,0.904446,0.820489,0.615854,0.097224,0.770659,0.658771,0.313120,0.788552,0.050034,0.928245,0.532027,0.730246,0.886275,0.247472,0.760417,0.534771,0.510311,0.840298,0.922225,0.804517,0.931772,0.520383,0.662638,0.641058,0.127256,0.707453,0.792968,0.092538,0.315330,0.542631,0.220792,0.153836,0.381654,0.615342,0.540548,0.217910,0.250881,0.863063,0.885474,0.272258,0.503714,0.138063,0.472672,0.215132,0.351872,0.637868,0.211353,0.560005,0.257591,0.606665,0.499208,0.734361,0.393470,0.679371,0.746290,0.915193,0.130152,0.380797,0.808720,0.472149,0.733810,0.265598,0.278368,0.700529,0.601643,0.841531,0.212167,0.932287,0.606718,0.146925,0.833289
SYN_BIGPN_0523,1,0,1,1,0.109664,0.208377,0.895752,0.287679,0.200014,0.535664,0.052216,0.121057,0.790500,0.274743,0.089071,0.594414,0.498367,0.558896,0.770523,0.255168,0.918910,0.521081,0.595966,0.675118,0.557984,0.925715,0.470673,0.856033,0.435131,0.657699,0.163325,0.060063,0.270612,0.887713,0.611824,0.794495,0.350080,0.450859,0.450920,0.089917,0.229343,0.185756,0.409604,0.338496,0.927725,0.436466,0.570423,0.502509,0.120113,0.190572,0.077715,0.317778,0.835192,0.109261,0.210867,0.262730,0.544737,0.926646,0.818841,0.943708,0.613656,0.543694,0.626903,0.154501,0.100387,0.073292,0.173521,0.735856,0.694130,0.945884,0.921584,0.936863,0.642738,0.333700,0.710224,0.926967,0.807582,0.681919,0.713413,0.421702,0.249195,0.356491,0.582912,0.201051,0.850510,0.890514,0.375943,0.300911,0.520923,0.776817,0.247675,0.853701,0.313748,0.295654,0.066843,0.665759,0.736216,0.867202,0.425221,0.441351,0.130479,0.096559,0.621441,0.658651,0.753393,0.230736,0.545160,0.741942,0.362576,0.949146,0.304303,0.843620,0.120334,0.381958,0.185181,0.941663,0.221790
SYN_BIGPN_0524,1,1,0,1,0.374276,0.585322,0.670192,0.637392,0.453802,0.838662,0.524461,0.056630,0.237292,0.816314,0.269527,0.366213,0.558136,0.462312,0.928823,0.507804,0.140661,0.471498,0.163753,0.052207,0.150588,0.198384,0.070410,0.284476,0.283318,0.188346,0.089344,0.437789,0.424941,0.186919,0.824117,0.501310,0.488776,0.576516,0.427649,0.371238,0.839710,0.054043,0.288677,0.369975,0.095726,0.155959,0.638249,0.751172,0.303115,0.683011,0.772841,0.289909,0.309088,0.921832,0.265400,0.494490,0.314130,0.393019,0.711120,0.639249,0.769712,0.355375,0.246521,0.545357,0.292884,0.440892,0.060653,0.512058,0.124578,0.148404,0.415056,0.923342,0.227425,0.867472,0.874035,0.610200,0.721835,0.123679,0.135597,0.499282,0.058106,0.324303,0.433998,0.674163,0.214036,0.870113,0.181737,0.329162,0.682180,0.798912,0.556158,0.473639,0.783556,0.165192,0.602452,0.524714,0.190481,0.679835,0.809744,0.937793,0.352252,0.175703,0.398761,0.782253,0.360976,0.145721,0.431678,0.083565,0.602669,0.871036,0.865388,0.572152,0.400396,0.450342,0.882870,0.711749,0.759626
SYN_BIGPN_0525,1,0,0,1,0.236179,0.512202,0.592329,0.913495,0.692074,0.557518,0.196522,0.455870,0.897278,0.298240,0.443123,0.436139,0.549786,0.387124,0.431054,0.910669,0.936774,0.948713,0.281131,0.805590,0.354887,0.066372,0.464345,0.238417,0.441758,0.850011,0.282885,0.670191,0.415776,0.886741,0.790455,0.247424,0.117451,0.671403,0.441729,0.240201,0.596311,0.367667,0.858747,0.906976,0.853739,0.295449,0.261556,0.259976,0.052095,0.705487,0.225934,0.156193,0.164635,0.162027,0.713001,0.761550,0.346286,0.476568,0.541354,0.792914,0.697086,0.790431,0.499729,0.479251,0.689741,0.334013,0.645830,0.143690,0.209845,0.343615,0.783970,0.790461,0.404093,0.403943,0.593791,0.268464,0.818845,0.628410,0.412168,0.860516,0.122367,0.538882,0.199075,0.937383,0.394080,0.234634,0.382074,0.708600,0.441900,0.485768,0.770953,0.188808,0.054272,0.173231,0.861906,0.645190,0.828328,0.508669,0.742578,0.870839,0.830590,0.500482,0.690847,0.220209,0.644666,0.343280,0.228397,0.674494,0.617848,0.353113,0.684251,0.214987,0.709558,0.852867,0.219217,0.269947,0.596861
SYN_BIGPN_0526,0,0,1,1,0.919375,0.917281,0.550333,0.648391,0.928445,0.719580,0.858648,0.199358,0.590649,0.116208,0.287756,0.325016,0.492832,0.225588,0.644482,0.187399,0.835235,0.098331,0.066299,0.055948,0.566780,0.336826,0.684932,0.471589,0.674746,0.060286,0.367257,0.622536,0.386025,0.283185,0.902789,0.346950,0.230154,0.328074,0.809682,0.228067,0.260069,0.290311,0.084920,0.329167,0.570619,0.380481,0.333718,0.217093,0.183892,0.583375,0.526229,0.066641,0.388138,0.418799,0.398197,0.528738,0.613037,0.218641,0.476778,0.662142,0.437393,0.854413,0.064327,0.597465,0.275847,0.373973,0.085030,0.789207,0.620019,0.873879,0.468852,0.222581,0.431669,0.327807,0.594913,0.411110,0.618201,0.118583,0.897879,0.295514,0.888169,0.894783,0.377324,0.671126,0.923275,0.857155,0.779365,0.598639,0.916266,0.402328,0.334027,0.730673,0.794012,0.419689,0.373307,0.907086,0.331764,0.760818,0.481440,0.579270,0.515624,0.072799,0.850366,0.131151,0.847870,0.520822,0.283074,0.949650,0.845067,0.383991,0.833050,0.524726,0.250815,0.662868,0.354898,0.848125,0.716100
SYN_BIGPN_0527,0,1,1,1,0.919423,0.544309,0.356091,0.136107,0.524284,0.218690,0.387755,0.449064,0.399723,0.182467,0.274643,0.177585,0.445858,0.276725,0.863282,0.876154,0.247298,0.689263,0.691330,0.283013,0.779161,0.846826,0.487036,0.455859,0.859879,0.783389,0.099807,0.398205,0.186996,0.271983,0.850836,0.097374,0.350604,0.175940,0.547178,0.515950,0.360904,0.576395,0.623278,0.518119,0.254738,0.905719,0.392945,0.906444,0.800873,0.256276,0.613954,0.928115,0.211213,0.106711,0.210696,0.558591,0.352763,0.932861,0.573838,0.339891,0.598881,0.469937,0.487630,0.111354,0.689903,0.365286,0.107285,0.799274,0.431269,0.097337,0.287067,0.072355,0.308297,0.403112,0.521336,0.273762,0.251547,0.725446,0.473299,0.537171,0.288747,0.589605,0.636572,0.372065,0.542461,0.084320,0.255432,0.104321,0.255044,0.170609,0.216883,0.836567,0.478808,0.079690,0.190520,0.536877,0.570138,0.243180,0.895278,0.251179,0.262992,0.307369,0.921406,0.708390,0.481293,0.817005,0.286799,0.660900,0.374741,0.269054,0.115361,0.948044,0.703110,0.939067,0.414527,0.705578,0.531669
SYN_BIGPN_0528,0,0,1,1,0.818084,0.671552,0.803889,0.151049,0.909049,0.353989,0.704167,0.258363,0.648529,0.383872,0.395521,0.118242,0.415509,0.163006,0.340390,0.138289,0.702717,0.641977,0.794117,0.072062,0.287076,0.861165,0.271418,0.802356,0.728036,0.842544,0.930845,0.840155,0.066639,0.869610,0.432316,0.457743,0.145216,0.695205,0.644938,0.905143,0.834318,0.132761,0.598526,0.649308,0.700242,0.526231,0.894255,0.867393,0.752913,0.367343,0.802018,0.092211,0.650274,0.355944,0.230227,0.744879,0.280035,0.551908,0.107511,0.768552,0.245218,0.229026,0.578781,0.801980,0.878910,0.757215,0.201104,0.253252,0.207665,0.279520,0.771464,0.178181,0.694057,0.286880,0.371650,0.799329,0.829702,0.518172,0.393529,0.453106,0.289012,0.947586,0.422131,0.820109,0.766415,0.098566,0.354277,0.579068,0.372112,0.402889,0.460120,0.262448,0.825806,0.554467,0.655582,0.580343,0.069264,0.197153,0.129357,0.226624,0.658230,0.726220,0.709588,0.291635,0.307134,0.758129,0.270431,0.394510,0.244584,0.810511,0.873995,0.569981,0.332806,0.847016,0.279964,0.420723,0.893162
SYN_BIGPN_0529,0,0,1,1,0.686267,0.843075,0.182422,0.380444,0.165309,0.561706,0.208108,0.453438,0.808181,0.268653,0.519700,0.423405,0.339905,0.576654,0.560589,0.528977,0.225694,0.495455,0.563454,0.321253,0.115759,0.342397,0.883992,0.562716,0.141358,0.820719,0.570427,0.615411,0.053719,0.822622,0.159095,0.056920,0.796555,0.521586,0.645627,0.632133,0.640064,0.880636,0.727637,0.948911,0.591475,0.374681,0.117819,0.455557,0.092937,0.737662,0.588162,0.112989,0.580324,0.183757,0.685237,0.820202,0.092217,0.297230,0.456235,0.685285,0.939854,0.627175,0.547204,0.336097,0.575686,0.574634,0.569653,0.734903,0.398964,0.429211,0.893454,0.744944,0.364484,0.587700,0.898091,0.575299,0.770640,0.190367,0.631034,0.612389,0.051291,0.058082,0.431848,0.904045,0.082940,0.268337,0.397559,0.595191,0.554313,0.190146,0.067976,0.648116,0.741704,0.789733,0.540041,0.693161,0.077512,0.330451,0.807760,0.140023,0.117253,0.892735,0.302345,0.120587,0.799455,0.782062,0.265936,0.899221,0.504759,0.492517,0.054376,0.768813,0.762871,0.775083,0.429317,0.352373,0.299060
SYN_BIGPN_0530,1,0,1,1,0.343323,0.809005,0.407860,0.576500,0.580141,0.695042,0.060158,0.053249,0.598077,0.706350,0.176294,0.863858,0.174789,0.538137,0.213558,0.174514,0.634148,0.266893,0.124639,0.881371,0.240217,0.868960,0.078221,0.304598,0.606978,0.926608,0.418812,0.687321,0.688982,0.774196,0.296345,0.257837,0.555798,0.285647,0.383114,0.893875,0.907737,0.274611,0.688392,0.357582,0.186181,0.549637,0.164391,0.438483,0.771706,0.908594,0.212191,0.696377,0.277945,0.472693,0.608195,0.625225,0.638914,0.827973,0.085523,0.546016,0.413509,0.082902,0.758931,0.845582,0.516744,0.616945,0.177152,0.594725,0.475593,0.309921,0.704108,0.292741,0.591370,0.928689,0.601028,0.728568,0.170196,0.244800,0.696220,0.898676,0.225525,0.671376,0.428758,0.836967,0.344464,0.896571,0.433777,0.173876,0.357482,0.366032,0.938228,0.352693,0.527625,0.716513,0.545488,0.660366,0.456576,0.503146,0.454920,0.442140,0.666388,0.552256,0.948200,0.363220,0.167526,0.201148,0.100553,0.443033,0.696118,0.255270,0.344393,0.707563,0.478935,0.081325,0.703185,0.808845,0.617864
SYN_BIGPN_0531,0,0,1,1,0.335845,0.093048,0.340722,0.242374,0.178106,0.823909,0.171398,0.322670,0.723933,0.932542,0.731169,0.840021,0.465788,0.825962,0.556664,0.760727,0.135357,0.127574,0.393580,0.800037,0.605013,0.848308,0.557164,0.815548,0.783043,0.760615,0.562643,0.442718,0.283085,0.743837,0.349893,0.209189,0.774026,0.401969,0.615552,0.150502,0.478732,0.472342,0.264923,0.872089,0.333827,0.606789,0.234344,0.254929,0.456996,0.672131,0.713584,0.784127,0.154191,0.174432,0.418952,0.705914,0.735028,0.468487,0.514148,0.387867,0.424378,0.322820,0.521887,0.441518,0.935897,0.297226,0.934481,0.303288,0.229804,0.120546,0.893274,0.716362,0.480957,0.425959,0.829737,0.167930,0.156953,0.621608,0.094201,0.606225,0.687692,0.172958,0.400386,0.053533,0.257883,0.441992,0.674820,0.354938,0.836042,0.730978,0.243191,0.415161,0.634211,0.404309,0.730960,0.299419,0.625966,0.377655,0.869114,0.888382,0.732072,0.809070,0.102654,0.933128,0.912458,0.616004,0.493302,0.835941,0.887154,0.785104,0.635154,0.900959,0.901205,0.864287,0.166702,0.657238,0.861148
SYN_BIGPN_0532,0,1,1,0,0.144015,0.806721,0.597156,0.279156,0.939776,0.419459,0.593214,0.344589,0.508940,0.530762,0.054721,0.927639,0.908011,0.621069,0.635022,0.730690,0.620269,0.740701,0.868083,0.189312,0.917191,0.600180,0.281074,0.323497,0.623187,0.105257,0.112685,0.289385,0.788473,0.440763,0.658333,0.480387,0.656354,0.596677,0.839952,0.515196,0.173325,0.699206,0.328314,0.883910,0.658258,0.137197,0.081946,0.059020,0.600302,0.390283,0.625978,0.397877,0.514101,0.676781,0.804612,0.258449,0.305413,0.347869,0.901392,0.186307,0.104246,0.347067,0.482546,0.619345,0.576664,0.324980,0.100346,0.777954,0.292124,0.054166,0.652289,0.269544,0.603828,0.379367,0.506073,0.637162,0.180956,0.225891,0.802295,0.244242,0.618898,0.283566,0.815280,0.872275,0.542337,0.418028,0.931111,0.697524,0.555825,0.657167,0.612387,0.321128,0.904069,0.928600,0.794154,0.832421,0.426126,0.745226,0.456968,0.924506,0.875598,0.916611,0.894574,0.411103,0.539199,0.584384,0.658621,0.816687,0.250812,0.168556,0.232134,0.146809,0.433009,0.589868,0.707199,0.197002,0.260649
SYN_BIGPN_0533,1,0,1,0,0.527727,0.229398,0.377074,0.128379,0.399235,0.744385,0.079580,0.371490,0.606401,0.937898,0.194299,0.231233,0.142728,0.185040,0.713597,0.618523,0.168259,0.430023,0.469614,0.472247,0.619372,0.894365,0.329564,0.131190,0.913762,0.643567,0.544962,0.569073,0.057626,0.722122,0.201431,0.445416,0.116712,0.146332,0.499227,0.793195,0.414510,0.780682,0.678549,0.703272,0.861099,0.161852,0.352166,0.079126,0.453944,0.818322,0.379754,0.424003,0.344103,0.944410,0.525818,0.485788,0.091422,0.886097,0.387750,0.744652,0.934001,0.317107,0.340668,0.829874,0.343655,0.949105,0.252054,0.367641,0.389898,0.145996,0.171344,0.179303,0.498112,0.463224,0.653844,0.654913,0.685102,0.185168,0.674033,0.947927,0.725044,0.196706,0.289342,0.251803,0.231323,0.894468,0.217494,0.191064,0.112982,0.947556,0.772178,0.923934,0.778570,0.784227,0.804697,0.902244,0.770638,0.620616,0.837001,0.325512,0.560326,0.134940,0.697435,0.700628,0.408517,0.495123,0.313828,0.738296,0.629139,0.598762,0.509869,0.064451,0.134222,0.782001,0.714089,0.591012,0.923437
SYN_BIGPN_0534,1,1,1,0,0.296021,0.196035,0.798466,0.279328,0.051763,0.373519,0.212129,0.877442,0.261128,0.902498,0.314978,0.898508,0.440072,0.211759,0.279992,0.708180,0.415790,0.689262,0.339519,0.509570,0.329527,0.609395,0.851380,0.087618,0.794399,0.456552,0.628785,0.714036,0.679986,0.301119,0.382602,0.104345,0.098751,0.496405,0.446973,0.142284,0.559712,0.817445,0.447904,0.462448,0.605485,0.694681,0.633472,0.247488,0.571907,0.310366,0.798464,0.664747,0.702886,0.478103,0.146941,0.151206,0.322144,0.535251,0.825575,0.916178,0.172120,0.912748,0.592681,0.774567,0.467484,0.360244,0.623877,0.573988,0.807645,0.717049,0.206782,0.752214,0.566968,0.499517,0.576887,0.207880,0.628418,0.347862,0.600811,0.160173,0.467110,0.078195,0.062437,0.791256,0.707218,0.392692,0.353058,0.719363,0.401373,0.450041,0.460083,0.811471,0.070331,0.933619,0.721641,0.470171,0.775931,0.654313,0.198242,0.352184,0.502304,0.133839,0.416849,0.909947,0.708885,0.278286,0.425745,0.331031,0.636386,0.765823,0.666584,0.535240,0.178068,0.111723,0.869719,0.723361,0.587574
SYN_BIGPN_0535,1,0,1,0,0.775331,0.319040,0.736307,0.932061,0.170558,0.686567,0.838835,0.833651,0.902258,0.693889,0.312734,0.801563,0.480206,0.501308,0.251120,0.247100,0.939035,0.395469,0.858828,0.784774,0.210218,0.525445,0.123117,0.594020,0.211135,0.799932,0.502168,0.788856,0.526003,0.298870,0.866421,0.419044,0.672379,0.555504,0.285404,0.062722,0.705687,0.445590,0.724967,0.828571,0.453624,0.692435,0.452500,0.276979,0.329636,0.651932,0.475857,0.548775,0.424717,0.320070,0.060301,0.753118,0.563416,0.932469,0.695138,0.932354,0.696848,0.156664,0.879657,0.700729,0.571485,0.292677,0.074634,0.319397,0.684690,0.781082,0.520599,0.597607,0.656105,0.561416,0.938709,0.533873,0.061211,0.896632,0.122628,0.658304,0.829738,0.300336,0.822712,0.689549,0.192126,0.709663,0.759857,0.491062,0.696341,0.450777,0.094326,0.641599,0.426412,0.492563,0.752041,0.331188,0.077860,0.923668,0.726099,0.588489,0.433854,0.783651,0.655484,0.139798,0.374777,0.457952,0.398971,0.657993,0.574555,0.934542,0.416860,0.796133,0.624208,0.336655,0.153612,0.683210,0.321164
SYN_BIGPN_0536,1,0,1,0,0.262037,0.122642,0.109256,0.354235,0.400826,0.458745,0.287394,0.879294,0.101649,0.224215,0.553757,0.581111,0.901489,0.626336,0.809002,0.383483,0.874375,0.254757,0.469704,0.257208,0.601863,0.917049,0.822722,0.124396,0.812738,0.774696,0.755831,0.288851,0.084658,0.333856,0.808169,0.437335,0.927096,0.119139,0.381839,0.546421,0.202933,0.948910,0.387727,0.863370,0.174399,0.907927,0.294547,0.485804,0.912097,0.553046,0.299627,0.252392,0.878147,0.850142,0.678955,0.684312,0.602206,0.787407,0.599038,0.829676,0.474393,0.080665,0.210352,0.288799,0.744382,0.091528,0.651328,0.851514,0.412963,0.295720,0.782505,0.790827,0.271609,0.843117,0.679088,0.867119,0.104941,0.207657,0.527677,0.057410,0.465272,0.052828,0.105006,0.101181,0.212679,0.497712,0.455423,0.492142,0.151201,0.084511,0.743653,0.472098,0.469710,0.765926,0.798116,0.701501,0.203970,0.600088,0.370603,0.208449,0.830830,0.884273,0.269044,0.837286,0.474390,0.598274,0.548499,0.310592,0.943481,0.704764,0.920221,0.171842,0.428221,0.448039,0.905343,0.069910,0.930368
SYN_BIGPN_0537,0,0,0,0,0.383094,0.568961,0.116158,0.820470,0.053575,0.881503,0.765096,0.887317,0.260117,0.882374,0.492392,0.626392,0.383709,0.368606,0.398644,0.681938,0.312804,0.118956,0.584906,0.744187,0.441453,0.929992,0.394537,0.488612,0.217688,0.336404,0.782600,0.745274,0.940692,0.711338,0.239881,0.281903,0.555495,0.580736,0.116560,0.101117,0.119737,0.066739,0.431336,0.159194,0.681381,0.774510,0.842184,0.844870,0.378259,0.611443,0.605078,0.068941,0.221960,0.901033,0.333656,0.431218,0.427904,0.924710,0.219838,0.262031,0.646093,0.566036,0.696107,0.537136,0.369385,0.205310,0.271626,0.459435,0.315511,0.581419,0.238701,0.668518,0.408887,0.147509,0.208098,0.353854,0.504877,0.399155,0.376044,0.629253,0.933961,0.880897,0.849968,0.939203,0.176758,0.439958,0.177021,0.596691,0.238121,0.251904,0.168979,0.827878,0.276039,0.301685,0.282933,0.282286,0.420477,0.088014,0.592637,0.500542,0.677883,0.434345,0.542706,0.561538,0.396587,0.899296,0.395913,0.297263,0.629133,0.499536,0.646235,0.177696,0.794327,0.831715,0.685029,0.147550,0.728179
SYN_BIGPN_0538,1,1,1,1,0.328534,0.729116,0.504093,0.176210,0.095719,0.756176,0.708089,0.639470,0.765552,0.815794,0.156140,0.247144,0.569978,0.230087,0.615784,0.707822,0.579369,0.691511,0.254887,0.597854,0.084307,0.378328,0.367960,0.578050,0.335926,0.841108,0.659497,0.125347,0.263805,0.927369,0.352927,0.091195,0.234090,0.868282,0.548846,0.803539,0.179696,0.137413,0.917183,0.051759,0.191807,0.114839,0.122775,0.141971,0.189586,0.194707,0.442723,0.202260,0.318800,0.275935,0.562975,0.459080,0.277333,0.701363,0.117392,0.853069,0.274494,0.870100,0.130533,0.652539,0.546981,0.446573,0.343153,0.784283,0.494462,0.728794,0.119079,0.867217,0.578795,0.552709,0.155224,0.105253,0.893225,0.777256,0.830105,0.357280,0.050003,0.832087,0.898523,0.505002,0.557511,0.834493,0.197324,0.379036,0.938144,0.705842,0.678935,0.159156,0.599937,0.192583,0.528592,0.725954,0.739797,0.198199,0.353554,0.590013,0.782057,0.516510,0.250241,0.679630,0.745664,0.763644,0.460318,0.497106,0.769267,0.464894,0.494196,0.734464,0.147051,0.369182,0.393584,0.798747,0.823622
SYN_BIGPN_0539,1,1,0,0,0.440781,0.117094,0.677941,0.779670,0.398475,0.731707,0.421186,0.178472,0.591855,0.579156,0.874091,0.773401,0.818414,0.227169,0.202895,0.737733,0.758540,0.899196,0.426146,0.103946,0.055408,0.896069,0.483122,0.375125,0.577408,0.777339,0.477032,0.225218,0.636945,0.222393,0.296459,0.089097,0.730469,0.162265,0.054309,0.514610,0.839015,0.349135,0.098805,0.381739,0.156412,0.514909,0.217786,0.701080,0.468872,0.687042,0.184814,0.249212,0.740403,0.269340,0.802227,0.685571,0.442983,0.822473,0.923733,0.493033,0.615862,0.706540,0.496382,0.632945,0.223339,0.933586,0.533597,0.092344,0.728715,0.221081,0.272528,0.374902,0.258397,0.371196,0.119790,0.939160,0.724353,0.191596,0.773582,0.694524,0.306422,0.411719,0.201167,0.796690,0.849138,0.904010,0.790852,0.908248,0.513245,0.213599,0.648942,0.880691,0.527917,0.346783,0.410789,0.892062,0.449080,0.183019,0.829899,0.247590,0.614206,0.545655,0.926620,0.411401,0.532290,0.598231,0.761489,0.410429,0.762404,0.146161,0.226956,0.752514,0.835803,0.222488,0.799876,0.628485,0.824619
SYN_BIGPN_0540,1,0,0,0,0.521755,0.603353,0.901079,0.412268,0.480116,0.180109,0.733837,0.448124,0.594397,0.064333,0.834979,0.404594,0.777179,0.597976,0.383015,0.370612,0.869323,0.387356,0.507279,0.410349,0.647102,0.295686,0.094498,0.127940,0.929924,0.781788,0.493453,0.261656,0.661006,0.420467,0.467846,0.682261,0.334090,0.446820,0.147377,0.681546,0.485423,0.501794,0.799496,0.256722,0.419801,0.397744,0.700916,0.808680,0.947671,0.106056,0.220829,0.856231,0.767664,0.699165,0.445541,0.225175,0.309382,0.135325,0.389681,0.213989,0.180905,0.206838,0.600731,0.159329,0.453393,0.850079,0.606953,0.155103,0.105690,0.892002,0.290429,0.940523,0.464180,0.199847,0.483370,0.507780,0.821841,0.816065,0.645587,0.506274,0.429437,0.415858,0.841348,0.837932,0.089805,0.208358,0.191012,0.216296,0.747171,0.636897,0.606894,0.403478,0.921064,0.517723,0.248935,0.079194,0.605450,0.753594,0.544626,0.191290,0.348757,0.385820,0.111272,0.450309,0.154442,0.714847,0.344994,0.087137,0.374584,0.555321,0.140149,0.541630,0.152126,0.869905,0.154710,0.177043,0.507164
SYN_BIGPN_0541,0,1,0,0,0.565515,0.583134,0.398442,0.158408,0.102085,0.423178,0.611847,0.763143,0.557143,0.602726,0.298826,0.211838,0.162825,0.260996,0.197008,0.193427,0.091415,0.611202,0.728738,0.514668,0.307734,0.531466,0.385136,0.308780,0.305873,0.220293,0.301052,0.159737,0.173069,0.514117,0.225780,0.497864,0.055708,0.068748,0.207170,0.674324,0.257302,0.115541,0.580500,0.692388,0.903503,0.470683,0.482933,0.223374,0.538495,0.865955,0.949941,0.358651,0.687766,0.414760,0.938439,0.644385,0.722257,0.614024,0.799763,0.314263,0.581315,0.866513,0.598012,0.386120,0.205139,0.327731,0.272060,0.183232,0.573803,0.087957,0.931370,0.114632,0.421936,0.576864,0.405451,0.177198,0.684426,0.284814,0.362310,0.384907,0.323635,0.696339,0.326279,0.182119,0.063246,0.857000,0.269178,0.152532,0.280937,0.140479,0.463008,0.422627,0.921962,0.846370,0.750792,0.746936,0.105135,0.141217,0.564322,0.813029,0.714111,0.628424,0.057808,0.293336,0.451741,0.345367,0.088755,0.816464,0.230324,0.612415,0.128043,0.172713,0.136053,0.130902,0.459800,0.209448,0.675449
SYN_BIGPN_0542,1,0,1,1,0.164353,0.802428,0.611299,0.899527,0.692114,0.212438,0.363675,0.847549,0.573423,0.268109,0.926736,0.878540,0.914792,0.596001,0.929537,0.830647,0.886813,0.475474,0.915259,0.165122,0.184293,0.301296,0.249398,0.660043,0.638554,0.841536,0.619001,0.647135,0.159135,0.229581,0.492736,0.344429,0.348463,0.846106,0.430656,0.625339,0.139337,0.171634,0.874746,0.722533,0.818480,0.548260,0.058179,0.417641,0.519348,0.836760,0.732123,0.608603,0.714214,0.892363,0.583089,0.835818,0.391648,0.262068,0.906590,0.487596,0.382841,0.106849,0.253440,0.409287,0.609735,0.404503,0.061210,0.376015,0.101570,0.179029,0.539842,0.471267,0.061534,0.469655,0.754293,0.227814,0.240887,0.300107,0.086978,0.364283,0.822993,0.934761,0.518285,0.232054,0.256485,0.155564,0.225442,0.677702,0.631369,0.849986,0.073888,0.723576,0.219459,0.912211,0.065943,0.178074,0.878051,0.187126,0.544140,0.502261,0.370875,0.553725,0.327199,0.940587,0.573409,0.536648,0.310452,0.844554,0.249897,0.073442,0.300730,0.523890,0.283910,0.713830,0.229284,0.734383,0.934244
SYN_BIGPN_0543,0,0,0,0,0.420229,0.949140,0.091658,0.638070,0.896396,0.141755,0.506263,0.758041,0.091810,0.504469,0.197084,0.155956,0.135486,0.400727,0.592013,0.083117,0.143636,0.675706,0.382108,0.618067,0.513602,0.867652,0.168153,0.565407,0.086042,0.762771,0.368507,0.141029,0.064978,0.823188,0.924639,0.290948,0.111900,0.338260,0.319439,0.082351,0.604652,0.935982,0.337550,0.847768,0.925894,0.252664,0.473286,0.758027,0.706218,0.166850,0.280144,0.260251,0.115081,0.304488,0.093648,0.304528,0.560128,0.685156,0.467133,0.220346,0.931240,0.479662,0.937815,0.269395,0.824183,0.505742,0.378574,0.938614,0.288074,0.662129,0.768982,0.788841,0.261792,0.701593,0.455589,0.836140,0.386828,0.408248,0.327122,0.063431,0.295712,0.659303,0.707881,0.853051,0.453732,0.418507,0.345024,0.926016,0.431789,0.271529,0.066247,0.898227,0.324449,0.725325,0.396131,0.554910,0.321291,0.719788,0.662674,0.393239,0.172788,0.866673,0.713142,0.219073,0.466007,0.396491,0.291695,0.509440,0.897377,0.640579,0.316109,0.836717,0.854690,0.336041,0.732502,0.881397,0.808154
SYN_BIGPN_0544,0,0,1,1,0.167287,0.428048,0.583755,0.157719,0.306818,0.583178,0.212803,0.630525,0.314553,0.475145,0.305034,0.377877,0.110784,0.146889,0.491389,0.065790,0.491712,0.916239,0.073533,0.850509,0.238874,0.776957,0.654009,0.803648,0.213047,0.194908,0.913700,0.759608,0.128389,0.663280,0.177037,0.467084,0.709658,0.941981,0.860414,0.263781,0.053671,0.129534,0.909710,0.260347,0.456331,0.896867,0.616994,0.265992,0.519177,0.354651,0.704982,0.395260,0.784078,0.520648,0.356202,0.878096,0.082180,0.497621,0.308204,0.112316,0.809621,0.830126,0.765885,0.538062,0.467248,0.062383,0.783209,0.717977,0.407523,0.686807,0.777786,0.448624,0.400019,0.480565,0.289887,0.829704,0.489760,0.792419,0.759996,0.667355,0.298047,0.543831,0.489564,0.249755,0.626455,0.754409,0.898991,0.261734,0.466853,0.525535,0.125973,0.839098,0.161065,0.765010,0.526056,0.842989,0.333049,0.296389,0.313449,0.682348,0.172328,0.922953,0.133752,0.501072,0.127237,0.612868,0.471024,0.735926,0.592420,0.191691,0.442346,0.689495,0.748333,0.417117,0.574978,0.818756,0.523290
SYN_BIGPN_0545,0,1,1,0,0.099513,0.632485,0.859600,0.858837,0.520034,0.915980,0.058301,0.466631,0.520117,0.473735,0.521877,0.158760,0.384623,0.852224,0.926935,0.386785,0.376301,0.820232,0.174892,0.909747,0.650557,0.779219,0.295930,0.581480,0.270759,0.424276,0.233123,0.231098,0.459731,0.841232,0.406541,0.083212,0.244037,0.301666,0.683548,0.689541,0.278366,0.178415,0.309672,0.182880,0.198708,0.372114,0.517457,0.699816,0.728683,0.741587,0.053934,0.453203,0.884441,0.345836,0.382362,0.146192,0.136580,0.119318,0.649456,0.670113,0.212410,0.820580,0.699919,0.175563,0.575755,0.502996,0.920063,0.683172,0.255309,0.810480,0.592608,0.557507,0.722235,0.673998,0.291278,0.405320,0.328500,0.227965,0.178610,0.844726,0.733615,0.084931,0.512091,0.658415,0.203680,0.173885,0.482076,0.557134,0.349477,0.306732,0.570503,0.493257,0.839191,0.781607,0.851432,0.914415,0.716474,0.217830,0.701611,0.796133,0.606284,0.644629,0.438262,0.650134,0.514944,0.750832,0.600742,0.186211,0.928178,0.106555,0.139791,0.719846,0.504928,0.882775,0.634303,0.312738,0.290706
SYN_BIGPN_0546,1,1,0,0,0.614987,0.358949,0.156231,0.294698,0.888210,0.910901,0.298082,0.143214,0.165619,0.433858,0.361902,0.203968,0.548173,0.128996,0.485495,0.287080,0.178618,0.917808,0.531536,0.525240,0.378390,0.321864,0.584106,0.601793,0.613883,0.780882,0.089265,0.137593,0.758447,0.207620,0.331005,0.111286,0.584191,0.742743,0.806415,0.940847,0.642991,0.833826,0.135875,0.607965,0.862503,0.650068,0.474065,0.925357,0.361595,0.925864,0.875841,0.622991,0.405512,0.576570,0.194675,0.456328,0.907772,0.438486,0.162836,0.784388,0.518581,0.577856,0.533531,0.514310,0.137913,0.615235,0.093013,0.700848,0.434594,0.659108,0.745669,0.186179,0.139588,0.842614,0.521804,0.056157,0.512452,0.493505,0.350285,0.531464,0.800805,0.691812,0.393788,0.867427,0.572588,0.156827,0.595722,0.294062,0.635035,0.623827,0.838166,0.416120,0.092086,0.324298,0.197312,0.136904,0.552753,0.516654,0.606725,0.587494,0.678710,0.334281,0.200681,0.506284,0.488158,0.415377,0.679154,0.741541,0.730285,0.214135,0.876917,0.916504,0.775308,0.124979,0.467586,0.386070,0.894925
SYN_BIGPN_0547,1,1,0,1,0.491225,0.749254,0.451457,0.814619,0.452955,0.552091,0.458955,0.543460,0.418753,0.844060,0.548988,0.448765,0.197387,0.654600,0.436496,0.537522,0.069940,0.093231,0.930652,0.808199,0.208967,0.110337,0.195359,0.174665,0.382274,0.809948,0.286296,0.442244,0.591366,0.770636,0.624922,0.708317,0.871951,0.123925,0.579998,0.739015,0.557767,0.333720,0.868562,0.580605,0.793603,0.645733,0.388749,0.900311,0.803383,0.911174,0.642588,0.852837,0.369583,0.153782,0.195322,0.294565,0.685802,0.715417,0.491865,0.550855,0.910737,0.152855,0.140461,0.354177,0.320309,0.921225,0.131399,0.334768,0.553207,0.551720,0.258111,0.778681,0.519946,0.544970,0.086866,0.509875,0.351642,0.202884,0.819345,0.681967,0.935244,0.835600,0.522021,0.181241,0.790143,0.728473,0.868237,0.460651,0.259279,0.825220,0.069158,0.063050,0.056131,0.456334,0.152082,0.143419,0.749018,0.491772,0.805518,0.509054,0.124890,0.341259,0.936123,0.466810,0.231188,0.800868,0.599828,0.539630,0.721670,0.428043,0.601877,0.231983,0.672951,0.708730,0.212841,0.083815,0.493592
SYN_BIGPN_0548,1,1,1,1,0.924896,0.903757,0.551332,0.557533,0.930604,0.673501,0.213987,0.880714,0.920428,0.669327,0.281246,0.756002,0.196240,0.877369,0.939733,0.535108,0.333329,0.893210,0.669956,0.455647,0.301539,0.755485,0.728443,0.810147,0.100537,0.379266,0.503064,0.226371,0.538532,0.772773,0.630338,0.078169,0.563599,0.374265,0.596410,0.251492,0.372091,0.446590,0.215848,0.066673,0.927522,0.353475,0.114908,0.475792,0.632586,0.051237,0.244080,0.505641,0.183599,0.094616,0.745731,0.079128,0.254028,0.945233,0.328946,0.110716,0.739521,0.666576,0.436463,0.356057,0.917711,0.897750,0.810378,0.933578,0.796024,0.360889,0.727170,0.067234,0.687696,0.352871,0.733690,0.783578,0.739505,0.783520,0.153729,0.221191,0.308234,0.759802,0.571360,0.352314,0.387575,0.174491,0.455079,0.431716,0.368949,0.890500,0.490356,0.495171,0.203273,0.688717,0.893055,0.699114,0.562875,0.693606,0.201672,0.401502,0.838270,0.054430,0.293132,0.139409,0.685270,0.738049,0.294125,0.162467,0.509989,0.640783,0.625200,0.702133,0.551539,0.924609,0.567482,0.170641,0.702741
SYN_BIGPN_0549,0,1,0,0,0.696475,0.836917,0.584461,0.100472,0.574652,0.408388,0.247586,0.536039,0.342908,0.656576,0.436645,0.641244,0.650993,0.226851,0.692718,0.815410,0.799145,0.553491,0.270564,0.168838,0.160740,0.937115,0.903820,0.380231,0.261755,0.310580,0.514138,0.330031,0.054645,0.427638,0.072769,0.844244,0.562504,0.053878,0.255224,0.411012,0.909110,0.248985,0.236021,0.808756,0.066977,0.371276,0.473222,0.106231,0.934443,0.202181,0.528444,0.202644,0.436334,0.388479,0.375416,0.454936,0.657029,0.057525,0.495700,0.546334,0.923394,0.457792,0.601052,0.218438,0.502771,0.069998,0.703111,0.060996,0.078631,0.755162,0.497591,0.744330,0.924958,0.624137,0.687137,0.288713,0.070882,0.379992,0.366873,0.207911,0.063633,0.080698,0.127248,0.232928,0.272693,0.115562,0.316230,0.258750,0.198708,0.846249,0.542346,0.486760,0.791134,0.373842,0.168429,0.595595,0.438056,0.948516,0.461323,0.840181,0.557158,0.637016,0.905804,0.728992,0.430648,0.593347,0.781646,0.243246,0.786621,0.700285,0.082240,0.252422,0.675895,0.819821,0.397280,0.402236,0.444282
SYN_BIGPN_0550,0,0,1,1,0.359990,0.303388,0.524900,0.623069,0.694494,0.398405,0.257159,0.052603,0.102103,0.318407,0.728800,0.397380,0.783401,0.347446,0.372132,0.563793,0.401271,0.223274,0.580069,0.897537,0.398337,0.682146,0.510477,0.806075,0.165545,0.540336,0.551164,0.248444,0.687170,0.697043,0.099572,0.473277,0.773577,0.888555,0.538658,0.723317,0.450623,0.236511,0.862124,0.302031,0.538142,0.411107,0.573894,0.849783,0.481889,0.778692,0.182793,0.413581,0.531764,0.579223,0.568065,0.178114,0.345002,0.886004,0.132784,0.821952,0.690321,0.175386,0.630389,0.569029,0.667011,0.942391,0.739992,0.557760,0.185517,0.255917,0.168982,0.833349,0.088626,0.468540,0.406138,0.055797,0.121047,0.161412,0.848206,0.578632,0.583164,0.263731,0.365843,0.725039,0.787663,0.225359,0.159536,0.640878,0.831913,0.567148,0.932202,0.816808,0.282137,0.917108,0.845289,0.341347,0.808090,0.425042,0.631646,0.729048,0.090878,0.939698,0.760239,0.166647,0.903301,0.692961,0.509046,0.226619,0.175318,0.527693,0.389469,0.610417,0.057474,0.400979,0.393173,0.727919,0.059335
SYN_BIGPN_0551,0,1,0,0,0.057634,0.825206,0.513663,0.456502,0.308036,0.291689,0.606013,0.141023,0.739568,0.131881,0.228210,0.763466,0.687996,0.863346,0.193831,0.313266,0.765046,0.757121,0.374071,0.787284,0.946243,0.073399,0.812822,0.456850,0.666887,0.709655,0.231849,0.619888,0.199581,0.717606,0.162828,0.134359,0.229586,0.933301,0.160340,0.750886,0.227129,0.345871,0.801261,0.503324,0.668435,0.804054,0.872026,0.331137,0.888520,0.568193,0.499645,0.571823,0.904948,0.315754,0.384418,0.667678,0.611660,0.630479,0.315596,0.504503,0.488310,0.806993,0.689967,0.331079,0.183933,0.716446,0.677652,0.436557,0.181165,0.697017,0.586642,0.587125,0.824865,0.532927,0.109412,0.373905,0.320898,0.550723,0.796179,0.279013,0.642039,0.614343,0.179762,0.778683,0.202448,0.728185,0.214859,0.093443,0.660109,0.452420,0.741632,0.889657,0.470257,0.418208,0.158892,0.509674,0.723177,0.073763,0.561062,0.139358,0.417769,0.172235,0.469749,0.320368,0.479103,0.941156,0.446697,0.859549,0.270884,0.750804,0.490052,0.867008,0.897241,0.595892,0.245873,0.400661,0.149204
SYN_BIGPN_0552,1,0,0,1,0.423415,0.081306,0.545952,0.428904,0.511914,0.761251,0.557232,0.587606,0.303974,0.372259,0.468726,0.590623,0.323850,0.332036,0.356757,0.636474,0.745691,0.846905,0.332802,0.463714,0.180308,0.193285,0.353900,0.205421,0.384012,0.816171,0.660806,0.156822,0.422571,0.057924,0.179375,0.083916,0.697537,0.422077,0.468760,0.421022,0.308530,0.530397,0.622797,0.331878,0.813460,0.387223,0.875319,0.495185,0.636668,0.407270,0.114273,0.327944,0.655427,0.101608,0.882057,0.396433,0.548331,0.833814,0.866134,0.299548,0.873791,0.413865,0.548961,0.681744,0.327942,0.797390,0.138035,0.350223,0.563105,0.204051,0.241575,0.807619,0.806313,0.638333,0.844413,0.090921,0.530813,0.775741,0.282640,0.639786,0.419946,0.890606,0.051828,0.805163,0.901066,0.618660,0.219817,0.125058,0.624490,0.535900,0.809578,0.120296,0.723829,0.867937,0.807087,0.837119,0.427672,0.888835,0.264201,0.848428,0.239627,0.756792,0.945012,0.089108,0.294220,0.875672,0.673287,0.885275,0.586546,0.559694,0.568133,0.486713,0.874676,0.134769,0.594294,0.245262,0.142101
SYN_BIGPN_0553,0,1,0,0,0.328432,0.330480,0.101462,0.932372,0.616501,0.757978,0.510747,0.445790,0.853653,0.642329,0.212889,0.135959,0.841073,0.331663,0.604283,0.652613,0.943893,0.109317,0.577822,0.558709,0.671599,0.856063,0.843235,0.118286,0.680357,0.915005,0.316375,0.423852,0.643070,0.635463,0.890722,0.655289,0.773412,0.226648,0.380893,0.856632,0.774291,0.652459,0.573710,0.595553,0.072634,0.678327,0.078061,0.259283,0.506900,0.346791,0.156633,0.742819,0.418977,0.646510,0.082113,0.142565,0.413812,0.812855,0.948482,0.516758,0.636710,0.662873,0.666991,0.140224,0.112182,0.823953,0.203024,0.741157,0.199618,0.820871,0.216540,0.198366,0.933798,0.605175,0.222090,0.078200,0.163002,0.785131,0.878937,0.861253,0.551161,0.798144,0.076439,0.189022,0.225566,0.089022,0.853467,0.949654,0.884519,0.090301,0.574506,0.697800,0.465647,0.627075,0.426561,0.440544,0.264828,0.753768,0.655522,0.868935,0.349897,0.414936,0.805231,0.294966,0.421544,0.384738,0.271078,0.188806,0.424162,0.278090,0.821030,0.729794,0.334194,0.788167,0.321021,0.400690,0.619953
SYN_BIGPN_0554,0,1,1,0,0.216897,0.734777,0.704302,0.089745,0.804868,0.437627,0.329043,0.863101,0.119614,0.105329,0.400666,0.453231,0.525764,0.734822,0.811136,0.482212,0.201655,0.130884,0.639043,0.872242,0.835795,0.238013,0.744683,0.779097,0.084961,0.736072,0.280013,0.945172,0.056759,0.269522,0.449704,0.754537,0.468033,0.581182,0.583819,0.227236,0.069811,0.277170,0.279884,0.196907,0.864254,0.798979,0.913777,0.637791,0.744648,0.615626,0.389512,0.647598,0.668082,0.265658,0.748417,0.701158,0.241139,0.318853,0.908946,0.882817,0.722219,0.845763,0.453599,0.727074,0.472789,0.751714,0.540563,0.268812,0.637014,0.299908,0.721333,0.050478,0.931697,0.285818,0.731247,0.222797,0.534107,0.861995,0.558758,0.777521,0.073173,0.611778,0.612397,0.920855,0.914378,0.487780,0.659287,0.175771,0.381492,0.355588,0.713810,0.466781,0.509045,0.443954,0.246393,0.544399,0.465825,0.814003,0.589737,0.229515,0.724783,0.354885,0.472963,0.705907,0.210425,0.265476,0.078320,0.564415,0.918525,0.519264,0.734376,0.059960,0.320576,0.474268,0.929510,0.858810,0.899758
SYN_BIGPN_0555,1,1,1,1,0.305750,0.654301,0.055013,0.583784,0.921319,0.931349,0.582585,0.264936,0.839918,0.528617,0.655983,0.503855,0.220221,0.919483,0.065477,0.757047,0.642521,0.255785,0.744276,0.656243,0.780209,0.838091,0.321974,0.557323,0.861987,0.147649,0.662089,0.067013,0.310206,0.888630,0.546714,0.237118,0.310844,0.469659,0.458176,0.946665,0.796097,0.611084,0.051661,0.878806,0.918811,0.668984,0.877437,0.401630,0.331921,0.212847,0.720142,0.485293,0.066761,0.569549,0.271373,0.627672,0.169758,0.620476,0.446080,0.622840,0.257953,0.516962,0.611078,0.423457,0.238961,0.754057,0.428716,0.775759,0.704716,0.105878,0.600805,0.834377,0.591282,0.871629,0.168942,0.407213,0.473678,0.794107,0.905759,0.630705,0.504102,0.080143,0.284895,0.700110,0.869978,0.091847,0.342193,0.414884,0.093987,0.151647,0.440431,0.709173,0.417844,0.063762,0.424846,0.622896,0.817216,0.536179,0.688305,0.101604,0.799571,0.090785,0.358655,0.505831,0.927828,0.693134,0.595072,0.206968,0.935887,0.717911,0.930938,0.225400,0.417395,0.639844,0.189636,0.521405,0.599176
SYN_BIGPN_0556,1,0,0,0,0.361612,0.583748,0.114930,0.732263,0.446800,0.863620,0.409647,0.587449,0.235558,0.949592,0.634374,0.827695,0.682672,0.400654,0.377483,0.796687,0.130632,0.908036,0.323211,0.897581,0.152915,0.066047,0.435729,0.256165,0.320747,0.902659,0.623911,0.745660,0.372965,0.319319,0.511938,0.726000,0.085358,0.212918,0.168291,0.691181,0.896075,0.185926,0.869021,0.865011,0.178301,0.122021,0.215779,0.655207,0.334857,0.236493,0.459944,0.809970,0.338090,0.172329,0.744844,0.662219,0.512043,0.061419,0.066925,0.543503,0.397918,0.204033,0.887311,0.373747,0.616808,0.160110,0.394838,0.298566,0.679510,0.435100,0.167195,0.938981,0.348183,0.364749,0.210792,0.283282,0.229125,0.538061,0.396540,0.632271,0.327604,0.172426,0.149286,0.905369,0.206583,0.466603,0.920712,0.615186,0.587034,0.934952,0.123230,0.818261,0.421519,0.183094,0.630819,0.729049,0.491665,0.756636,0.933322,0.902392,0.840259,0.443899,0.847318,0.326166,0.533408,0.555866,0.326810,0.320767,0.671123,0.500049,0.130511,0.580527,0.839943,0.919077,0.446657,0.135228,0.081017
SYN_BIGPN_0557,1,1,1,0,0.620327,0.224013,0.755850,0.616699,0.899811,0.792848,0.226455,0.228978,0.373817,0.603633,0.158974,0.430462,0.276573,0.203339,0.761642,0.403963,0.089108,0.522773,0.503451,0.858047,0.855152,0.280148,0.090020,0.864139,0.111264,0.170504,0.107396,0.828914,0.471245,0.628861,0.177140,0.700934,0.881349,0.519167,0.148379,0.400218,0.334245,0.469798,0.421261,0.947945,0.256018,0.686245,0.750076,0.220057,0.359663,0.685611,0.616303,0.057345,0.141058,0.566704,0.249023,0.155034,0.623066,0.809609,0.764406,0.912606,0.207641,0.932970,0.870340,0.468091,0.525268,0.444266,0.941826,0.774103,0.482303,0.110244,0.265800,0.507426,0.811163,0.188908,0.172694,0.157757,0.788272,0.223738,0.201401,0.215683,0.489423,0.808408,0.478070,0.572099,0.373587,0.222612,0.516096,0.451492,0.598092,0.832314,0.142967,0.327899,0.602553,0.698321,0.192414,0.050234,0.407392,0.312849,0.560100,0.329277,0.678028,0.395768,0.649742,0.333543,0.163202,0.508729,0.734516,0.147808,0.456777,0.755738,0.301234,0.065149,0.584326,0.709458,0.239572,0.067944,0.316990
SYN_BIGPN_0558,1,1,0,1,0.553567,0.350270,0.599240,0.292912,0.897780,0.363949,0.358602,0.525202,0.547721,0.256086,0.748949,0.694319,0.582797,0.141967,0.321989,0.536268,0.486207,0.881788,0.934293,0.377295,0.661702,0.453918,0.054498,0.761280,0.382834,0.451294,0.416265,0.764882,0.318728,0.791281,0.862258,0.502735,0.397777,0.250803,0.387878,0.626200,0.132372,0.116776,0.052417,0.895301,0.453196,0.613470,0.363841,0.536408,0.190777,0.090847,0.864702,0.918028,0.529282,0.382722,0.146134,0.622309,0.551406,0.722967,0.532095,0.762846,0.308084,0.533085,0.200190,0.901948,0.128827,0.202776,0.485267,0.267627,0.823905,0.323509,0.149556,0.124912,0.082232,0.637058,0.426073,0.741432,0.799585,0.140449,0.605472,0.687921,0.471843,0.598855,0.640199,0.555403,0.638701,0.500805,0.276659,0.557887,0.403802,0.366786,0.575043,0.050895,0.549031,0.231618,0.516526,0.190887,0.667750,0.887474,0.275616,0.541617,0.361228,0.433992,0.618232,0.146842,0.359310,0.054009,0.752525,0.674493,0.808030,0.339236,0.134277,0.146680,0.914131,0.816178,0.413980,0.762105,0.666607
SYN_BIGPN_0559,0,0,1,1,0.639899,0.405574,0.806333,0.318766,0.652238,0.795682,0.569197,0.300954,0.508909,0.810858,0.754001,0.773848,0.624326,0.901667,0.159654,0.178075,0.645262,0.438612,0.211768,0.747134,0.820280,0.530592,0.380079,0.306664,0.508085,0.365169,0.449070,0.451390,0.306868,0.443653,0.525568,0.936356,0.084170,0.220375,0.148713,0.797415,0.100364,0.439148,0.498566,0.560610,0.554043,0.288688,0.414784,0.381588,0.365257,0.147657,0.562044,0.296132,0.542453,0.546818,0.860583,0.306463,0.528710,0.539451,0.406019,0.120931,0.581471,0.128902,0.638496,0.930151,0.749104,0.634197,0.263521,0.394310,0.341367,0.174209,0.632419,0.946630,0.235967,0.809608,0.494509,0.783617,0.816862,0.512884,0.161270,0.698958,0.168780,0.931152,0.176495,0.157960,0.202291,0.506445,0.413687,0.666148,0.938283,0.763123,0.568936,0.202975,0.198057,0.677780,0.582636,0.226175,0.723885,0.838732,0.409784,0.886736,0.805472,0.214510,0.114217,0.911504,0.920805,0.092135,0.646455,0.705641,0.600342,0.207714,0.871095,0.301892,0.211066,0.797105,0.514296,0.143825,0.343634
SYN_BIGPN_0560,0,1,1,0,0.356692,0.672589,0.272142,0.646817,0.456824,0.197787,0.810380,0.581898,0.689654,0.913517,0.195401,0.072833,0.117264,0.231367,0.147238,0.055794,0.799681,0.321990,0.224290,0.913056,0.653659,0.420407,0.486657,0.768910,0.182602,0.549947,0.512269,0.681705,0.157752,0.129567,0.194280,0.439413,0.156466,0.415869,0.463003,0.774934,0.478301,0.844045,0.369629,0.153388,0.194538,0.157245,0.342752,0.913540,0.726697,0.351917,0.368704,0.760227,0.676679,0.793461,0.817335,0.899204,0.911915,0.222457,0.372539,0.542884,0.666481,0.753531,0.305890,0.110134,0.718020,0.843801,0.091773,0.820274,0.285079,0.591376,0.685939,0.425236,0.848773,0.488748,0.179387,0.249666,0.563368,0.062732,0.869332,0.945490,0.705283,0.350626,0.102196,0.906844,0.663959,0.711942,0.682938,0.054356,0.566094,0.527763,0.343236,0.588717,0.396428,0.841836,0.140443,0.946808,0.142435,0.315568,0.666384,0.145674,0.486774,0.363578,0.294742,0.917015,0.636446,0.478338,0.943734,0.515003,0.117632,0.548705,0.162623,0.123759,0.689514,0.332371,0.863201,0.335010,0.914472
SYN_BIGPN_0561,0,1,1,1,0.498515,0.205184,0.609854,0.342704,0.284568,0.247135,0.815659,0.332041,0.678429,0.781555,0.423717,0.709585,0.803164,0.878480,0.818294,0.156927,0.897106,0.698728,0.871958,0.826873,0.301258,0.773167,0.710757,0.589253,0.069460,0.076613,0.351783,0.499883,0.925029,0.312197,0.698124,0.167312,0.395238,0.795188,0.383549,0.903778,0.707209,0.942885,0.500590,0.133894,0.467810,0.683353,0.848581,0.716928,0.076377,0.796239,0.073367,0.157085,0.825332,0.285447,0.282398,0.647601,0.192092,0.262987,0.475134,0.117547,0.426490,0.691638,0.113711,0.368851,0.568121,0.335036,0.399679,0.273258,0.086160,0.392063,0.152621,0.453765,0.155771,0.104755,0.656470,0.847596,0.473952,0.673888,0.386584,0.762210,0.169692,0.467878,0.189731,0.325657,0.571098,0.323387,0.732362,0.747478,0.411705,0.086532,0.388535,0.839632,0.881448,0.385228,0.066570,0.223449,0.211665,0.779304,0.822922,0.266480,0.598830,0.137056,0.674653,0.765679,0.405762,0.099998,0.072520,0.270882,0.579477,0.878105,0.422178,0.565656,0.315729,0.377412,0.621045,0.744644,0.428670
SYN_BIGPN_0562,1,0,1,0,0.798953,0.677319,0.139095,0.909787,0.851783,0.399554,0.288108,0.339797,0.689468,0.869928,0.799037,0.056944,0.848214,0.756487,0.431488,0.317966,0.134724,0.188469,0.679051,0.572994,0.381274,0.560269,0.726562,0.205004,0.610373,0.302346,0.136311,0.549098,0.336961,0.361713,0.505140,0.151723,0.769852,0.209907,0.611827,0.586454,0.543463,0.262265,0.314679,0.184203,0.651600,0.573638,0.118584,0.608666,0.939795,0.240129,0.205501,0.474682,0.919121,0.428107,0.428433,0.347906,0.931501,0.420061,0.749930,0.613767,0.633226,0.778545,0.538293,0.244328,0.379264,0.366667,0.269876,0.389256,0.838769,0.723987,0.743933,0.638956,0.666027,0.728222,0.142434,0.605557,0.888176,0.098958,0.528771,0.248665,0.893305,0.725944,0.606407,0.124901,0.659997,0.839334,0.671795,0.205335,0.156879,0.485798,0.806167,0.306384,0.915567,0.102391,0.287474,0.192306,0.238561,0.859175,0.779968,0.235301,0.751673,0.471901,0.220898,0.174015,0.203924,0.111816,0.165301,0.946932,0.758405,0.053871,0.758649,0.655485,0.274347,0.422123,0.848217,0.734320,0.870664
SYN_BIGPN_0563,0,0,1,0,0.758051,0.234570,0.725497,0.131572,0.079887,0.105529,0.254998,0.730897,0.264459,0.746456,0.760271,0.773165,0.596943,0.730698,0.762654,0.386971,0.315994,0.210522,0.826335,0.696504,0.272136,0.858793,0.856019,0.424922,0.489128,0.602277,0.679789,0.362626,0.205258,0.367023,0.399930,0.948624,0.222553,0.934827,0.700778,0.750124,0.815657,0.169077,0.063662,0.781140,0.740763,0.310006,0.736399,0.865131,0.194014,0.743857,0.633715,0.775370,0.426570,0.051950,0.734560,0.470359,0.838845,0.157251,0.553735,0.683007,0.517421,0.916639,0.608474,0.614483,0.486260,0.605409,0.510233,0.086943,0.601660,0.179903,0.073509,0.128169,0.591538,0.564116,0.505796,0.396263,0.284605,0.285760,0.093755,0.728437,0.614228,0.276810,0.625716,0.167374,0.082273,0.209628,0.826096,0.285244,0.714635,0.550066,0.851389,0.327228,0.137332,0.664527,0.210161,0.082818,0.921205,0.060945,0.894767,0.610120,0.628340,0.859386,0.741008,0.400994,0.614792,0.555493,0.529050,0.555174,0.877068,0.599315,0.750783,0.599221,0.072628,0.325747,0.765045,0.330555,0.565447
SYN_BIGPN_0564,1,0,0,0,0.592099,0.174522,0.066909,0.912129,0.546323,0.587610,0.335138,0.088930,0.851815,0.157224,0.938468,0.386025,0.847451,0.830760,0.622904,0.354192,0.352042,0.891525,0.791485,0.719074,0.146887,0.221780,0.867803,0.167090,0.268749,0.737907,0.562418,0.105524,0.061550,0.465735,0.539565,0.348817,0.808890,0.197422,0.702632,0.502148,0.825775,0.798254,0.139886,0.130835,0.078939,0.311796,0.891072,0.079068,0.697451,0.203233,0.177383,0.389288,0.779929,0.642055,0.136741,0.777857,0.113612,0.090641,0.081836,0.264298,0.797732,0.094462,0.742009,0.183804,0.774451,0.310797,0.881588,0.853554,0.382383,0.795616,0.084245,0.904061,0.136843,0.300517,0.729244,0.605255,0.430188,0.263113,0.350306,0.593595,0.721478,0.918461,0.654600,0.336745,0.204163,0.619422,0.698985,0.344755,0.194033,0.383829,0.408191,0.350796,0.926308,0.871245,0.070653,0.286674,0.524260,0.398622,0.844714,0.266029,0.611047,0.178144,0.627250,0.119229,0.364660,0.726314,0.756380,0.743173,0.868268,0.098067,0.362900,0.741434,0.281376,0.433426,0.293073,0.666539,0.276750
SYN_BIGPN_0565,0,1,0,0,0.305460,0.888237,0.556931,0.671381,0.852031,0.437286,0.474807,0.202762,0.843138,0.652702,0.627151,0.322686,0.514865,0.946512,0.246764,0.570209,0.235537,0.851005,0.138499,0.748057,0.898066,0.205823,0.319461,0.726244,0.871008,0.940620,0.838126,0.524979,0.183206,0.618728,0.146720,0.073881,0.397099,0.340086,0.755694,0.730466,0.356707,0.178811,0.119636,0.214499,0.461727,0.099831,0.279776,0.224856,0.836101,0.684513,0.690582,0.524893,0.355841,0.498480,0.230957,0.690329,0.102390,0.895418,0.826209,0.284461,0.480920,0.050285,0.796326,0.237186,0.813633,0.119814,0.358000,0.593714,0.235262,0.792986,0.386457,0.549872,0.591662,0.937258,0.851487,0.205228,0.705349,0.052951,0.592229,0.597091,0.383389,0.315252,0.064849,0.591069,0.163814,0.909984,0.562617,0.455456,0.059829,0.151326,0.460468,0.840438,0.098471,0.243237,0.204262,0.776362,0.454194,0.119057,0.419849,0.924624,0.134611,0.557191,0.747852,0.165185,0.840818,0.703201,0.936938,0.373086,0.717755,0.743738,0.676487,0.753677,0.739960,0.456739,0.569442,0.849862,0.294186
SYN_BIGPN_0566,1,1,0,0,0.739355,0.138985,0.726081,0.857333,0.055992,0.194398,0.886615,0.341580,0.520353,0.679143,0.502726,0.803956,0.489994,0.183267,0.776180,0.407406,0.656049,0.844743,0.706057,0.511666,0.669186,0.374251,0.173353,0.615306,0.094095,0.559319,0.172133,0.213156,0.511408,0.307388,0.596203,0.529597,0.468225,0.688165,0.107137,0.771277,0.152264,0.476876,0.520547,0.235362,0.882482,0.554096,0.076061,0.404761,0.774923,0.087218,0.232211,0.827320,0.692661,0.392441,0.286369,0.298775,0.515202,0.904378,0.303663,0.753546,0.586919,0.540750,0.200149,0.396024,0.857470,0.860961,0.206007,0.804182,0.683662,0.506915,0.253005,0.447405,0.773471,0.861552,0.166629,0.310856,0.949495,0.179517,0.110204,0.234531,0.155620,0.705016,0.764086,0.855148,0.278539,0.622264,0.808425,0.364133,0.395340,0.236297,0.640833,0.204524,0.718553,0.077759,0.087070,0.580340,0.921953,0.438122,0.570176,0.911242,0.482381,0.390345,0.757752,0.328867,0.576194,0.232553,0.736764,0.486992,0.528964,0.196475,0.625607,0.386368,0.893160,0.702101,0.879326,0.666710,0.710688
SYN_BIGPN_0567,0,0,1,0,0.105421,0.750964,0.736589,0.728753,0.700130,0.562141,0.114596,0.471954,0.684093,0.069672,0.394192,0.778158,0.187899,0.890382,0.913362,0.937667,0.841671,0.196112,0.612572,0.424051,0.833865,0.608409,0.059192,0.138600,0.221708,0.910314,0.828106,0.343146,0.698743,0.849727,0.414021,0.870429,0.411631,0.818869,0.626236,0.627070,0.754007,0.564799,0.619279,0.079386,0.222291,0.218986,0.936961,0.634079,0.277547,0.104649,0.254409,0.338540,0.688637,0.643352,0.508580,0.091544,0.782190,0.061802,0.699696,0.568199,0.134436,0.301353,0.258923,0.294694,0.319113,0.487373,0.413935,0.132314,0.754937,0.767285,0.239003,0.490007,0.302562,0.584639,0.465415,0.327317,0.547303,0.392644,0.254926,0.653494,0.868875,0.215525,0.446146,0.321764,0.430728,0.652301,0.108369,0.157220,0.183489,0.059293,0.325031,0.931916,0.336466,0.247882,0.070172,0.316741,0.635090,0.887739,0.510585,0.663996,0.942299,0.652941,0.772579,0.351985,0.700651,0.496941,0.748756,0.408680,0.307001,0.614965,0.873514,0.200079,0.370260,0.234294,0.208048,0.067878,0.699927
SYN_BIGPN_0568,0,0,0,0,0.115133,0.814962,0.408417,0.795340,0.405417,0.104204,0.523794,0.279305,0.245639,0.156985,0.491073,0.641036,0.413951,0.471062,0.733943,0.656455,0.703699,0.922578,0.213278,0.559093,0.590084,0.196563,0.318734,0.857639,0.662973,0.748032,0.407010,0.451439,0.064205,0.239782,0.698279,0.274494,0.909003,0.218926,0.838870,0.279495,0.516011,0.683560,0.220198,0.797016,0.786594,0.432466,0.528467,0.440751,0.854942,0.593329,0.879503,0.597488,0.240519,0.665492,0.936721,0.551863,0.335873,0.307028,0.590972,0.313163,0.312698,0.424496,0.407815,0.263608,0.852054,0.869815,0.246082,0.306695,0.570268,0.855742,0.356021,0.088545,0.862759,0.743815,0.918318,0.096549,0.585950,0.708738,0.860266,0.591355,0.547954,0.793314,0.216264,0.595008,0.759338,0.665764,0.656197,0.270331,0.831451,0.899338,0.173597,0.085163,0.153313,0.504133,0.398370,0.388562,0.779755,0.121449,0.721946,0.690485,0.314647,0.088516,0.688696,0.897427,0.200574,0.454705,0.666599,0.478511,0.537585,0.670104,0.507209,0.180778,0.312506,0.653448,0.497872,0.116195,0.130756
SYN_BIGPN_0569,0,0,0,0,0.806426,0.404950,0.522780,0.563433,0.781229,0.870327,0.875967,0.101948,0.874890,0.794293,0.549978,0.576201,0.585982,0.308907,0.900742,0.365657,0.368346,0.309550,0.439990,0.135580,0.534767,0.356685,0.369869,0.176755,0.936586,0.614490,0.750116,0.467504,0.468103,0.432189,0.493622,0.127295,0.308313,0.882036,0.771798,0.664498,0.638141,0.907032,0.283900,0.320273,0.293669,0.633487,0.669243,0.510009,0.618597,0.503088,0.540982,0.803063,0.483887,0.831110,0.353052,0.460418,0.644014,0.106452,0.912543,0.292102,0.592537,0.760807,0.316415,0.160963,0.296422,0.175827,0.374002,0.832549,0.191490,0.448900,0.924779,0.780788,0.898789,0.632086,0.141851,0.370303,0.836605,0.725053,0.479945,0.919457,0.582130,0.769688,0.641739,0.549222,0.444215,0.893647,0.288857,0.517458,0.705506,0.157396,0.487564,0.652170,0.143954,0.134373,0.802125,0.361557,0.249202,0.200259,0.130278,0.553600,0.196986,0.202686,0.907337,0.238455,0.681401,0.280303,0.502837,0.810316,0.328753,0.158163,0.311487,0.737698,0.618756,0.420838,0.686532,0.144393,0.792475
SYN_BIGPN_0570,0,1,0,0,0.295547,0.559388,0.125186,0.407157,0.528052,0.087533,0.927691,0.209612,0.329348,0.318026,0.313365,0.252071,0.102387,0.401576,0.923506,0.666037,0.257037,0.640126,0.455155,0.662155,0.870776,0.584235,0.188770,0.366475,0.134901,0.526716,0.052071,0.102846,0.702484,0.291211,0.234451,0.630632,0.265723,0.123126,0.369947,0.480585,0.730492,0.382901,0.399580,0.524000,0.902129,0.169303,0.250779,0.896174,0.452404,0.141091,0.892143,0.728223,0.776202,0.114634,0.647158,0.747525,0.265855,0.263219,0.608986,0.900766,0.072305,0.288225,0.391409,0.412782,0.437333,0.765020,0.137666,0.405951,0.250242,0.288204,0.558591,0.308583,0.484748,0.429624,0.139305,0.167868,0.518843,0.863626,0.712312,0.785690,0.848612,0.721641,0.312838,0.755212,0.272916,0.213942,0.868614,0.572954,0.361111,0.892137,0.226275,0.619845,0.342227,0.549318,0.752976,0.547490,0.305261,0.531006,0.444099,0.558478,0.935049,0.223335,0.801727,0.745411,0.372943,0.054331,0.240670,0.613017,0.804139,0.464535,0.217217,0.759842,0.390279,0.112967,0.841343,0.362359,0.575928
SYN_BIGPN_0571,1,1,0,0,0.654368,0.208403,0.359878,0.112341,0.473349,0.209946,0.342283,0.881712,0.404096,0.539005,0.873747,0.243894,0.614370,0.876971,0.926698,0.127114,0.106417,0.774160,0.850733,0.209615,0.176654,0.118465,0.262820,0.196665,0.863612,0.880993,0.506646,0.326761,0.453692,0.113415,0.195716,0.295775,0.321020,0.068210,0.180115,0.825043,0.092753,0.450252,0.280016,0.390956,0.810670,0.238645,0.312970,0.529778,0.592669,0.105232,0.730522,0.320928,0.839583,0.868969,0.058738,0.846378,0.704037,0.740073,0.179584,0.862835,0.863921,0.140447,0.537544,0.370490,0.632425,0.934872,0.658104,0.089405,0.837173,0.769248,0.396119,0.618464,0.442315,0.146206,0.565130,0.758341,0.835980,0.063534,0.474092,0.537287,0.212366,0.539672,0.695490,0.442270,0.843820,0.633010,0.358175,0.888238,0.562506,0.103677,0.646088,0.757428,0.922836,0.145296,0.791364,0.188971,0.173172,0.561776,0.818993,0.846500,0.896871,0.617082,0.854696,0.115724,0.720207,0.314513,0.147557,0.219274,0.662554,0.074872,0.178422,0.499372,0.937291,0.509250,0.706828,0.934274,0.422182
SYN_BIGPN_0572,0,1,0,1,0.741212,0.420488,0.226691,0.305802,0.424726,0.189414,0.528999,0.655018,0.525863,0.455147,0.524321,0.868960,0.672602,0.512654,0.825772,0.611710,0.627446,0.836877,0.817157,0.327895,0.615024,0.825097,0.639783,0.148495,0.581335,0.531855,0.143039,0.497427,0.059075,0.314309,0.823368,0.862561,0.653373,0.375364,0.761854,0.634256,0.421197,0.569225,0.783437,0.844701,0.585666,0.336899,0.065767,0.602277,0.939048,0.170807,0.759198,0.786449,0.570131,0.254213,0.931278,0.353217,0.300975,0.281669,0.821158,0.690735,0.538057,0.180550,0.434943,0.814286,0.652239,0.810418,0.619593,0.819941,0.702698,0.246726,0.790315,0.373318,0.704323,0.415574,0.161762,0.839034,0.564859,0.416388,0.894863,0.437842,0.918607,0.113140,0.056445,0.558866,0.205417,0.831812,0.886953,0.865428,0.786152,0.809009,0.457520,0.267209,0.288770,0.647211,0.310017,0.172861,0.589933,0.371806,0.139171,0.388164,0.800965,0.664193,0.882520,0.798548,0.181314,0.060038,0.310322,0.202146,0.648549,0.722230,0.073131,0.467353,0.353461,0.715712,0.948931,0.332557,0.815200
SYN_BIGPN_0573,1,0,0,0,0.151085,0.453223,0.122807,0.706790,0.882491,0.135897,0.516588,0.452907,0.748766,0.418853,0.206329,0.911806,0.615474,0.350688,0.209398,0.536111,0.416832,0.685168,0.583775,0.506943,0.578283,0.838271,0.167547,0.081198,0.334396,0.493123,0.443041,0.584040,0.757435,0.340055,0.741849,0.903588,0.385915,0.158864,0.539227,0.731361,0.835105,0.792329,0.830301,0.945491,0.072935,0.666271,0.592404,0.212609,0.666814,0.388368,0.187530,0.077634,0.395649,0.836819,0.556509,0.149180,0.346065,0.051570,0.299105,0.152763,0.819986,0.288000,0.086420,0.826684,0.516314,0.576567,0.559230,0.620961,0.424246,0.672141,0.832352,0.498365,0.734300,0.664797,0.076149,0.886775,0.849013,0.357967,0.803708,0.395976,0.535202,0.109236,0.721645,0.255503,0.404807,0.570624,0.376929,0.085442,0.737916,0.904234,0.355776,0.399904,0.741666,0.531438,0.748968,0.191513,0.429818,0.359626,0.699716,0.623278,0.516491,0.584018,0.915496,0.532570,0.407513,0.735555,0.244575,0.425619,0.313350,0.215606,0.655091,0.573199,0.518295,0.555548,0.693400,0.323731,0.320027
SYN_BIGPN_0574,0,1,0,0,0.387346,0.640111,0.634087,0.699287,0.214777,0.427138,0.645521,0.115377,0.063775,0.560073,0.426940,0.535063,0.743048,0.574710,0.452001,0.451322,0.172444,0.532934,0.623453,0.618444,0.298678,0.827474,0.097831,0.447066,0.089313,0.592077,0.111970,0.157787,0.422583,0.732281,0.534572,0.087807,0.101238,0.061350,0.449435,0.772037,0.825102,0.109780,0.594547,0.851152,0.726128,0.745762,0.422435,0.276372,0.925434,0.289221,0.301573,0.570675,0.846383,0.191186,0.601628,0.790434,0.473024,0.438283,0.753006,0.935520,0.512784,0.693513,0.311389,0.370826,0.639270,0.711102,0.237470,0.346516,0.870407,0.415742,0.816255,0.948849,0.919886,0.857769,0.809858,0.186134,0.788514,0.125519,0.532372,0.222123,0.360426,0.206950,0.623897,0.670418,0.946175,0.844792,0.050570,0.746528,0.189179,0.247345,0.575501,0.557847,0.341842,0.771982,0.773594,0.138886,0.225285,0.541905,0.848137,0.307141,0.910815,0.569697,0.887930,0.132185,0.550200,0.850219,0.399500,0.743763,0.450317,0.532184,0.619921,0.336426,0.506993,0.884513,0.688447,0.117352,0.543771
SYN_BIGPN_0575,0,1,1,1,0.721926,0.223080,0.175924,0.698403,0.523342,0.198980,0.514718,0.228388,0.870606,0.263689,0.564621,0.116290,0.631172,0.724096,0.145971,0.855520,0.053373,0.519359,0.395477,0.064179,0.740122,0.474422,0.535663,0.423740,0.778925,0.308933,0.288184,0.500348,0.365006,0.085186,0.409167,0.781682,0.187931,0.649048,0.928462,0.610759,0.386518,0.839535,0.577630,0.817209,0.153701,0.796524,0.583267,0.559967,0.382225,0.851921,0.374909,0.110068,0.452512,0.868900,0.253536,0.841791,0.715669,0.178058,0.630992,0.175342,0.321969,0.081212,0.191649,0.601867,0.157252,0.622060,0.805578,0.594103,0.904275,0.245934,0.463343,0.761224,0.408529,0.652510,0.602461,0.499485,0.680803,0.730572,0.718264,0.812216,0.887278,0.273971,0.622654,0.735396,0.327338,0.179788,0.152994,0.618428,0.935866,0.493403,0.375908,0.923341,0.356532,0.097388,0.663121,0.780817,0.215297,0.801582,0.482322,0.365664,0.072602,0.648177,0.713246,0.427125,0.611146,0.655466,0.249723,0.240945,0.355689,0.196020,0.924467,0.488884,0.533382,0.403301,0.267421,0.686667,0.580564
SYN_BIGPN_0576,0,1,0,1,0.631867,0.143597,0.073205,0.308940,0.343320,0.722946,0.361686,0.107866,0.449482,0.114875,0.687484,0.836179,0.551816,0.688816,0.209599,0.551433,0.887306,0.830134,0.378904,0.801160,0.547627,0.796752,0.692700,0.770082,0.134825,0.437058,0.245380,0.190058,0.634442,0.376064,0.705551,0.809960,0.158544,0.839709,0.906900,0.086610,0.212618,0.919744,0.152190,0.195713,0.454406,0.260801,0.536985,0.534384,0.347175,0.181389,0.124468,0.379251,0.340529,0.661237,0.618365,0.945839,0.507826,0.346180,0.598822,0.443600,0.831800,0.408744,0.528081,0.523622,0.921220,0.104562,0.435666,0.485280,0.604733,0.898480,0.193101,0.750956,0.733123,0.436752,0.400557,0.292658,0.474305,0.068258,0.316426,0.506729,0.450879,0.148306,0.810959,0.202189,0.169566,0.868554,0.750052,0.763807,0.495710,0.753099,0.651467,0.735058,0.890090,0.496813,0.548677,0.276408,0.302687,0.070897,0.425315,0.425945,0.388172,0.100961,0.734544,0.696681,0.052650,0.130339,0.245072,0.111969,0.199026,0.831016,0.457841,0.770595,0.386336,0.071702,0.322103,0.337743,0.343341
SYN_BIGPN_0577,0,0,0,0,0.720683,0.773261,0.652651,0.359487,0.083001,0.223836,0.608079,0.291639,0.469077,0.857241,0.499760,0.081684,0.942857,0.531245,0.137681,0.077617,0.554431,0.326035,0.138572,0.207812,0.585476,0.326163,0.378503,0.392478,0.828972,0.432013,0.422593,0.522543,0.104393,0.252926,0.758103,0.162930,0.339042,0.569081,0.112721,0.474417,0.883603,0.701899,0.598139,0.589395,0.840514,0.715843,0.706469,0.705397,0.474906,0.680103,0.105463,0.222613,0.300211,0.637566,0.566251,0.358168,0.525123,0.134466,0.464110,0.387078,0.531800,0.272101,0.622127,0.903128,0.307190,0.321280,0.395046,0.676559,0.328632,0.302893,0.144551,0.901277,0.922339,0.593938,0.780762,0.450634,0.643677,0.485319,0.565548,0.350160,0.536131,0.571502,0.224401,0.590797,0.084680,0.357108,0.847298,0.871826,0.810958,0.382005,0.220530,0.102605,0.677820,0.169301,0.883203,0.361199,0.864616,0.536374,0.726640,0.127880,0.521482,0.475907,0.152523,0.124658,0.447964,0.573039,0.741551,0.864072,0.572343,0.057885,0.109304,0.593813,0.599430,0.289198,0.387782,0.144791,0.932925
SYN_BIGPN_0578,0,0,0,0,0.524851,0.456078,0.092225,0.532938,0.368255,0.175994,0.377893,0.365006,0.280939,0.873690,0.924311,0.912130,0.814567,0.299096,0.445200,0.562687,0.861888,0.536690,0.088207,0.173491,0.203068,0.901743,0.540796,0.677277,0.735225,0.945117,0.218911,0.431678,0.501349,0.419318,0.835739,0.170339,0.549180,0.218875,0.719848,0.358726,0.597007,0.191245,0.420366,0.068943,0.359428,0.819457,0.542396,0.052256,0.146245,0.332491,0.163662,0.393406,0.776839,0.397881,0.771667,0.685642,0.927189,0.596697,0.438907,0.653939,0.639446,0.391370,0.635975,0.622381,0.894099,0.941873,0.061526,0.524683,0.420352,0.859545,0.103272,0.804424,0.443477,0.426274,0.506233,0.246347,0.237071,0.601852,0.672328,0.843817,0.083655,0.308668,0.301462,0.211059,0.933289,0.898362,0.585491,0.223094,0.374655,0.321759,0.937272,0.089345,0.482140,0.843453,0.156598,0.608931,0.279011,0.724790,0.435603,0.070447,0.622905,0.072460,0.712577,0.637707,0.830190,0.837210,0.915409,0.243441,0.755857,0.694978,0.675415,0.687712,0.768735,0.931122,0.115241,0.249720,0.714143
SYN_BIGPN_0579,0,1,0,1,0.595962,0.293440,0.258701,0.665281,0.944024,0.411586,0.137587,0.335280,0.652845,0.388573,0.531119,0.353927,0.662128,0.338496,0.222829,0.186703,0.642288,0.338088,0.309353,0.377718,0.611607,0.265672,0.529933,0.069640,0.716295,0.875915,0.305390,0.521713,0.062844,0.489703,0.788674,0.687517,0.369425,0.935173,0.435344,0.858862,0.175110,0.756747,0.844419,0.064117,0.805574,0.742493,0.343978,0.731019,0.296428,0.731139,0.055709,0.365440,0.276815,0.870449,0.686301,0.344144,0.664286,0.486361,0.230409,0.628617,0.140101,0.691411,0.722078,0.836063,0.595871,0.341133,0.327659,0.754104,0.864803,0.608157,0.397313,0.260607,0.120123,0.730216,0.510112,0.727224,0.590796,0.422412,0.741632,0.637309,0.598962,0.713480,0.319954,0.115463,0.136043,0.919584,0.856347,0.647082,0.302109,0.263455,0.323570,0.853405,0.387501,0.784216,0.260317,0.857211,0.177486,0.946128,0.591807,0.114048,0.354756,0.703808,0.598001,0.695394,0.763905,0.081677,0.207379,0.100310,0.792253,0.791664,0.531097,0.939341,0.188308,0.194347,0.138381,0.425715,0.788894
SYN_BIGPN_0580,0,1,1,0,0.260461,0.697093,0.165458,0.745477,0.603941,0.371935,0.699064,0.561559,0.267837,0.814513,0.088910,0.839003,0.124797,0.438692,0.335822,0.406561,0.485796,0.903450,0.492105,0.515422,0.204402,0.506463,0.580392,0.264648,0.201661,0.354008,0.307972,0.376806,0.684291,0.087954,0.904826,0.672920,0.635196,0.281723,0.808104,0.160449,0.420615,0.697458,0.129894,0.842210,0.390610,0.386058,0.545164,0.413016,0.918443,0.592941,0.454906,0.276035,0.801969,0.534770,0.721123,0.171002,0.542558,0.077560,0.722264,0.566284,0.272506,0.553970,0.198890,0.749004,0.644307,0.612565,0.787881,0.246295,0.645355,0.872788,0.094942,0.136880,0.643036,0.405816,0.092177,0.783704,0.381441,0.267914,0.691238,0.406614,0.498810,0.832504,0.580945,0.670856,0.190688,0.422308,0.447894,0.506278,0.314170,0.569190,0.165468,0.121501,0.943992,0.263313,0.246437,0.824772,0.756203,0.286145,0.649296,0.510629,0.767815,0.345196,0.724883,0.055026,0.864311,0.949760,0.847118,0.460694,0.710876,0.692720,0.855207,0.078702,0.496949,0.132137,0.057053,0.388214,0.774147
SYN_BIGPN_0581,0,1,0,1,0.244308,0.344276,0.528131,0.191713,0.581994,0.836304,0.079343,0.253048,0.570846,0.145000,0.185711,0.083410,0.314711,0.538680,0.100634,0.212888,0.836701,0.758580,0.078195,0.460479,0.711630,0.634020,0.090557,0.536828,0.565839,0.421836,0.701189,0.124633,0.235842,0.168981,0.907599,0.849354,0.201461,0.935049,0.622147,0.660989,0.652176,0.189363,0.430338,0.717817,0.612538,0.159722,0.757409,0.355019,0.797103,0.407701,0.176742,0.488470,0.346603,0.872113,0.059082,0.217222,0.694642,0.818838,0.631819,0.122704,0.061918,0.559194,0.216937,0.897050,0.508051,0.912631,0.732067,0.630462,0.518320,0.852648,0.215576,0.599126,0.820610,0.528711,0.075796,0.510492,0.305846,0.369767,0.086365,0.910319,0.631882,0.320864,0.283976,0.604231,0.338802,0.840198,0.367885,0.307920,0.502537,0.697105,0.189217,0.051428,0.458681,0.728565,0.871803,0.149000,0.052703,0.722156,0.090232,0.300820,0.647429,0.775587,0.191282,0.208472,0.742453,0.803869,0.358277,0.392113,0.311554,0.378620,0.592009,0.524518,0.891726,0.468876,0.820119,0.736842,0.692534
SYN_BIGPN_0582,0,0,1,1,0.286713,0.296648,0.504423,0.856714,0.392165,0.246225,0.141744,0.344394,0.377011,0.077396,0.822680,0.357910,0.638183,0.402075,0.805537,0.639649,0.685568,0.825850,0.161134,0.717740,0.635039,0.212429,0.070891,0.332871,0.877357,0.442427,0.349466,0.152434,0.255027,0.530042,0.765431,0.746424,0.281160,0.429506,0.692018,0.882201,0.879903,0.064434,0.271089,0.471034,0.325465,0.467896,0.743593,0.650202,0.820983,0.338822,0.915539,0.108254,0.329357,0.221245,0.516644,0.236404,0.661276,0.060713,0.194784,0.295415,0.780863,0.330923,0.691979,0.421201,0.283500,0.244495,0.911070,0.711488,0.948451,0.324890,0.466327,0.351500,0.827437,0.177355,0.365866,0.149296,0.122303,0.288882,0.352411,0.825501,0.453486,0.870371,0.363300,0.334892,0.052630,0.416469,0.602171,0.240267,0.727134,0.188423,0.320591,0.511162,0.808887,0.822044,0.547030,0.437995,0.164540,0.671459,0.480736,0.074093,0.595769,0.423208,0.293145,0.239727,0.157746,0.743432,0.740026,0.523476,0.380093,0.439424,0.058620,0.081316,0.717641,0.754020,0.180499,0.631847,0.149123
SYN_BIGPN_0583,0,1,0,1,0.136044,0.079387,0.313084,0.069347,0.437077,0.650918,0.938346,0.338195,0.723167,0.371648,0.790451,0.342463,0.449539,0.816241,0.874153,0.076630,0.913362,0.879520,0.417332,0.489495,0.341046,0.316990,0.351887,0.529807,0.221589,0.598562,0.058238,0.335074,0.809040,0.629950,0.530442,0.197009,0.179954,0.063860,0.054318,0.653306,0.210095,0.624454,0.722241,0.758003,0.095927,0.066388,0.131269,0.917088,0.194385,0.055948,0.706304,0.460642,0.395356,0.796870,0.307400,0.809514,0.775046,0.377166,0.456059,0.665151,0.236870,0.187064,0.814671,0.359925,0.414699,0.733522,0.153424,0.072731,0.735337,0.380183,0.600467,0.943577,0.337812,0.853225,0.449684,0.386365,0.426107,0.830911,0.697406,0.413053,0.675625,0.491801,0.842919,0.420916,0.254383,0.439134,0.531504,0.698551,0.574195,0.092979,0.700823,0.710758,0.414047,0.509413,0.750211,0.535125,0.191897,0.728983,0.317997,0.168501,0.172305,0.148081,0.625654,0.149076,0.747483,0.271987,0.154074,0.744304,0.502042,0.562456,0.368081,0.854283,0.614049,0.910961,0.774322,0.691517,0.515595
SYN_BIGPN_0584,0,0,0,0,0.130719,0.730330,0.688961,0.180376,0.204531,0.884935,0.637989,0.814877,0.230425,0.405212,0.661779,0.489521,0.667070,0.236603,0.780078,0.100510,0.598236,0.367827,0.293848,0.603327,0.294877,0.406967,0.545609,0.281874,0.687359,0.791671,0.745932,0.697141,0.502709,0.054944,0.203939,0.503544,0.502891,0.087043,0.807533,0.243194,0.388484,0.858384,0.474343,0.937155,0.146168,0.574134,0.872778,0.060427,0.518854,0.154611,0.730325,0.577796,0.931447,0.259067,0.340606,0.685473,0.456379,0.586972,0.667945,0.202977,0.391370,0.605284,0.564867,0.200856,0.843551,0.675700,0.565145,0.676132,0.161278,0.829795,0.713686,0.941367,0.345450,0.548037,0.408803,0.536809,0.466396,0.543331,0.707785,0.781720,0.621794,0.260393,0.681500,0.299437,0.506639,0.519173,0.163732,0.242596,0.640430,0.100266,0.587065,0.356248,0.085404,0.429621,0.259490,0.293607,0.843439,0.324201,0.051639,0.799941,0.769803,0.503239,0.751588,0.283860,0.358436,0.549795,0.525899,0.882724,0.088548,0.606371,0.196502,0.067708,0.293186,0.547558,0.160219,0.262066,0.382763
SYN_BIGPN_0585,1,0,0,1,0.543612,0.400741,0.677412,0.130217,0.096134,0.897375,0.762044,0.334746,0.884100,0.370370,0.814620,0.912346,0.473560,0.294911,0.356459,0.572940,0.056982,0.112832,0.668400,0.553035,0.520408,0.307063,0.893032,0.083475,0.115076,0.061596,0.492896,0.270849,0.783987,0.734816,0.056723,0.079985,0.398867,0.250754,0.183020,0.194372,0.845767,0.568574,0.756805,0.126910,0.552948,0.385185,0.057762,0.403217,0.375317,0.414834,0.606885,0.579543,0.426090,0.426786,0.861659,0.680316,0.760535,0.604267,0.949464,0.856940,0.475401,0.097795,0.911441,0.455374,0.112150,0.558852,0.331745,0.558819,0.082303,0.895868,0.078900,0.862145,0.637954,0.397365,0.084409,0.074210,0.749587,0.783419,0.624410,0.077257,0.316040,0.754071,0.294868,0.504580,0.640458,0.466206,0.154404,0.915822,0.525068,0.285005,0.766868,0.234587,0.726165,0.832371,0.706318,0.298807,0.389422,0.918507,0.448470,0.747376,0.500272,0.563508,0.222915,0.662229,0.178660,0.442492,0.597464,0.211572,0.263060,0.809978,0.856552,0.160709,0.062724,0.175713,0.391215,0.178624,0.452740
SYN_BIGPN_0586,0,1,0,0,0.703734,0.737764,0.097396,0.307324,0.899317,0.559758,0.915968,0.599175,0.264613,0.600045,0.918768,0.687031,0.235810,0.584109,0.198324,0.420934,0.195296,0.244384,0.291337,0.471130,0.058089,0.788069,0.167033,0.653598,0.293098,0.779652,0.896883,0.947790,0.372040,0.349002,0.851730,0.466301,0.419822,0.329472,0.911457,0.546935,0.572789,0.388450,0.365602,0.930696,0.164323,0.431374,0.215737,0.268716,0.653830,0.179381,0.458801,0.311054,0.835785,0.777932,0.060875,0.929897,0.862719,0.742271,0.185039,0.793060,0.102204,0.689319,0.776516,0.064037,0.094465,0.715592,0.390879,0.087748,0.308567,0.600619,0.527240,0.129956,0.081078,0.582790,0.889874,0.717342,0.806764,0.774654,0.705207,0.087303,0.904386,0.748206,0.081659,0.230479,0.065216,0.422878,0.156504,0.769289,0.252780,0.777861,0.934939,0.557155,0.686005,0.368374,0.339080,0.679283,0.646778,0.135500,0.708864,0.659355,0.065865,0.664394,0.679094,0.926012,0.401288,0.723773,0.831899,0.239969,0.383212,0.266427,0.820898,0.321814,0.837648,0.728480,0.122131,0.062486,0.773074
SYN_BIGPN_0587,0,0,0,0,0.528288,0.603832,0.795886,0.342316,0.727734,0.949103,0.642982,0.505123,0.832038,0.167158,0.528349,0.429368,0.313230,0.091692,0.707774,0.736907,0.680040,0.480323,0.637330,0.250431,0.354476,0.460327,0.903038,0.652076,0.256105,0.442275,0.204416,0.937588,0.947265,0.337854,0.448835,0.281102,0.541905,0.654626,0.128327,0.719203,0.860386,0.679628,0.548417,0.137993,0.518513,0.075601,0.293585,0.887525,0.294511,0.219439,0.144282,0.229996,0.699684,0.520850,0.364711,0.796175,0.766592,0.129498,0.693826,0.782629,0.896542,0.902679,0.878792,0.703259,0.938005,0.675278,0.429955,0.244639,0.178681,0.856130,0.486092,0.440540,0.720162,0.076747,0.086170,0.594872,0.384387,0.819366,0.559012,0.737084,0.552258,0.239105,0.869417,0.086070,0.103041,0.397058,0.688358,0.479085,0.748048,0.595334,0.933656,0.120726,0.105342,0.595932,0.415757,0.425160,0.157385,0.252313,0.560011,0.209143,0.890177,0.858758,0.130347,0.359575,0.883757,0.704239,0.869716,0.215908,0.718049,0.768349,0.287577,0.131609,0.851169,0.790984,0.241557,0.496839,0.830865
SYN_BIGPN_0588,1,1,1,1,0.692574,0.265205,0.184079,0.133859,0.218396,0.134241,0.220534,0.638437,0.354075,0.585969,0.165786,0.810206,0.056471,0.855775,0.482639,0.630119,0.543643,0.656671,0.107778,0.744840,0.223297,0.102785,0.946885,0.617427,0.762607,0.317932,0.626596,0.818866,0.329658,0.169253,0.639992,0.666470,0.285989,0.150632,0.547266,0.583691,0.561054,0.331312,0.927723,0.716984,0.593269,0.938553,0.816135,0.108871,0.705292,0.844325,0.287428,0.607647,0.191152,0.086664,0.770098,0.940909,0.341352,0.461706,0.063250,0.715033,0.247295,0.677754,0.137023,0.760162,0.558851,0.544863,0.847435,0.548138,0.890703,0.586289,0.659599,0.739401,0.611189,0.716960,0.804083,0.442927,0.551493,0.397258,0.652620,0.402853,0.052168,0.557460,0.131531,0.426189,0.722113,0.362034,0.585463,0.780034,0.867640,0.400167,0.654799,0.393625,0.630639,0.873976,0.082413,0.214421,0.459380,0.286555,0.623334,0.877346,0.667461,0.375860,0.852819,0.079492,0.576263,0.742038,0.113847,0.300413,0.882844,0.583632,0.232076,0.361146,0.840152,0.647911,0.901498,0.940588,0.804964
SYN_BIGPN_0589,1,0,0,0,0.499055,0.902662,0.324642,0.907125,0.084093,0.923659,0.630615,0.630041,0.423978,0.598845,0.248656,0.237832,0.923067,0.548683,0.532235,0.320746,0.792842,0.181564,0.114581,0.128841,0.709904,0.704322,0.618826,0.159092,0.926503,0.780289,0.759748,0.770818,0.876669,0.586974,0.886209,0.921536,0.867761,0.566926,0.577980,0.155025,0.435667,0.079901,0.071034,0.051684,0.462423,0.308945,0.166515,0.749549,0.613396,0.154830,0.879540,0.525691,0.846962,0.251752,0.292621,0.514304,0.798046,0.785511,0.741900,0.183339,0.663121,0.467598,0.629248,0.255114,0.805766,0.126730,0.857468,0.601570,0.102569,0.167325,0.270732,0.791425,0.797056,0.414580,0.515077,0.692112,0.155450,0.417274,0.899034,0.534615,0.239532,0.505037,0.229474,0.564123,0.677000,0.663306,0.468998,0.217550,0.697382,0.133922,0.337113,0.880797,0.779876,0.202924,0.528172,0.176965,0.187635,0.223696,0.912319,0.180212,0.300077,0.685840,0.221595,0.152090,0.593886,0.224280,0.271869,0.563189,0.745267,0.261965,0.159987,0.508374,0.657952,0.077089,0.122503,0.256215,0.660146
SYN_BIGPN_0590,0,1,1,1,0.216240,0.434151,0.593973,0.575211,0.100976,0.553458,0.438277,0.924497,0.399670,0.513557,0.370775,0.341673,0.129937,0.569257,0.499709,0.526421,0.269951,0.559502,0.283049,0.506851,0.282105,0.889067,0.120377,0.201235,0.060580,0.289228,0.693930,0.923322,0.378274,0.058997,0.796385,0.706112,0.201486,0.241810,0.600390,0.433348,0.183297,0.450104,0.249744,0.722114,0.612460,0.550184,0.335267,0.879286,0.820518,0.360422,0.936567,0.310103,0.127752,0.325552,0.916847,0.253054,0.436371,0.666201,0.878996,0.105803,0.645787,0.096064,0.611921,0.665624,0.342346,0.840854,0.497500,0.326665,0.292252,0.376604,0.606691,0.350458,0.561840,0.140928,0.740360,0.614506,0.726308,0.225211,0.313669,0.488764,0.379862,0.758962,0.176114,0.104106,0.156674,0.788074,0.719362,0.313861,0.567690,0.618972,0.351892,0.670913,0.684516,0.392374,0.842357,0.118430,0.901781,0.057057,0.198196,0.110021,0.638887,0.128570,0.164397,0.770835,0.794717,0.842978,0.369688,0.535192,0.143608,0.403611,0.091052,0.328263,0.092424,0.181258,0.494604,0.915202,0.725309
SYN_BIGPN_0591,1,1,1,1,0.677666,0.679269,0.347681,0.111075,0.075294,0.679950,0.578627,0.481835,0.267690,0.423988,0.829640,0.514416,0.053898,0.850936,0.428932,0.844873,0.866191,0.843413,0.569587,0.922535,0.270501,0.511160,0.772701,0.564185,0.142001,0.472934,0.367904,0.432378,0.418962,0.483429,0.110311,0.289684,0.731547,0.116901,0.188626,0.838368,0.724828,0.496128,0.799818,0.693921,0.418457,0.476507,0.317329,0.851930,0.148688,0.563623,0.174622,0.349345,0.661812,0.090785,0.843993,0.086970,0.148016,0.341478,0.096412,0.746809,0.575446,0.904365,0.874465,0.374665,0.362268,0.220442,0.267352,0.666100,0.391225,0.253691,0.098715,0.106998,0.733209,0.471604,0.647904,0.381742,0.759374,0.266651,0.485242,0.372171,0.065406,0.062551,0.569520,0.245637,0.919280,0.556182,0.101317,0.434429,0.422627,0.690324,0.684890,0.169584,0.750905,0.497986,0.376973,0.326979,0.196623,0.629414,0.425179,0.817378,0.250744,0.237489,0.498170,0.200906,0.618253,0.132482,0.702432,0.338557,0.475813,0.903466,0.725333,0.892647,0.525941,0.176752,0.694852,0.511739,0.686534
SYN_BIGPN_0592,1,0,0,1,0.134925,0.129430,0.399539,0.822368,0.687851,0.476703,0.602428,0.617638,0.386132,0.441202,0.529093,0.893222,0.657399,0.120619,0.695539,0.333966,0.490010,0.394979,0.316179,0.400130,0.571124,0.133339,0.697973,0.910172,0.174882,0.069341,0.180739,0.304435,0.052927,0.761295,0.859677,0.804920,0.331941,0.634401,0.082457,0.789081,0.163595,0.100574,0.057094,0.722873,0.127001,0.205033,0.899476,0.222618,0.247147,0.500649,0.798992,0.146271,0.124624,0.231303,0.225794,0.494057,0.142375,0.575348,0.156826,0.252256,0.907123,0.089094,0.325495,0.245228,0.271790,0.585600,0.598514,0.357344,0.554611,0.723614,0.768189,0.829166,0.156875,0.288666,0.667767,0.238830,0.686447,0.772479,0.909701,0.613206,0.176247,0.931751,0.769434,0.376450,0.860958,0.731415,0.409103,0.523336,0.784923,0.868900,0.780357,0.326886,0.721339,0.643730,0.510250,0.606826,0.860632,0.255232,0.824535,0.438307,0.206187,0.085861,0.366027,0.877390,0.215313,0.767171,0.137258,0.887019,0.908064,0.302891,0.470131,0.576885,0.145138,0.565969,0.413865,0.403456,0.364206
SYN_BIGPN_0593,0,0,1,1,0.799210,0.758044,0.739552,0.353085,0.721475,0.637570,0.518877,0.469733,0.937442,0.163127,0.892234,0.671925,0.132207,0.762333,0.411162,0.816085,0.527977,0.285923,0.669283,0.408303,0.601378,0.892268,0.686711,0.649042,0.619200,0.889897,0.923899,0.413557,0.614900,0.349817,0.104535,0.529456,0.455627,0.578088,0.331087,0.334152,0.471029,0.088173,0.429072,0.624485,0.144129,0.861403,0.433858,0.676030,0.343978,0.308419,0.381139,0.400777,0.578030,0.297627,0.897835,0.408578,0.892463,0.245270,0.612548,0.063085,0.246165,0.601138,0.578151,0.556770,0.456280,0.544169,0.891811,0.325905,0.074944,0.463507,0.583704,0.818013,0.761750,0.647385,0.803874,0.111754,0.863355,0.202436,0.474567,0.638430,0.716393,0.297425,0.151863,0.755750,0.348623,0.517948,0.845534,0.386152,0.463049,0.879680,0.265659,0.258999,0.258921,0.053148,0.617707,0.273350,0.513903,0.072183,0.137350,0.701125,0.129227,0.068352,0.902454,0.317653,0.428012,0.180602,0.309247,0.669946,0.162203,0.270113,0.082574,0.103300,0.619841,0.773937,0.297902,0.313244,0.163284
SYN_BIGPN_0594,1,0,1,1,0.082715,0.344130,0.759688,0.604482,0.443545,0.644892,0.132802,0.921042,0.867867,0.597275,0.273437,0.110233,0.564797,0.882781,0.520371,0.932200,0.462532,0.195184,0.874428,0.936410,0.696610,0.385035,0.288987,0.343393,0.117171,0.445881,0.848226,0.311046,0.242212,0.547858,0.244659,0.764634,0.374998,0.458903,0.670544,0.090697,0.473038,0.593357,0.714062,0.444031,0.729590,0.742018,0.733879,0.307559,0.187018,0.266603,0.507627,0.794940,0.281974,0.293033,0.879870,0.708778,0.882920,0.573133,0.660428,0.431332,0.162657,0.240740,0.903226,0.749877,0.152197,0.189218,0.889144,0.282942,0.579433,0.789334,0.173431,0.384543,0.162507,0.200284,0.835904,0.103030,0.148193,0.059828,0.545810,0.705795,0.254418,0.509348,0.601849,0.532022,0.522220,0.276445,0.613926,0.861862,0.154411,0.743962,0.652302,0.745252,0.144797,0.579891,0.416875,0.937481,0.247465,0.660606,0.796215,0.656551,0.743502,0.845783,0.318542,0.066245,0.087489,0.619812,0.116630,0.616069,0.336917,0.629587,0.227350,0.601585,0.559126,0.186026,0.820198,0.105502,0.162371
SYN_BIGPN_0595,1,1,0,0,0.750398,0.536328,0.884757,0.571171,0.430114,0.783074,0.884419,0.141783,0.837595,0.336393,0.259209,0.676443,0.696048,0.494258,0.911182,0.408935,0.639068,0.167738,0.565944,0.207871,0.329432,0.132553,0.287007,0.943717,0.431055,0.803022,0.495491,0.080071,0.560610,0.752994,0.618284,0.828739,0.800600,0.213915,0.368006,0.525256,0.235982,0.495672,0.088723,0.890281,0.807509,0.638245,0.207402,0.247644,0.168946,0.153769,0.549080,0.224392,0.711605,0.165569,0.791646,0.177057,0.198298,0.661250,0.051881,0.391048,0.654917,0.103264,0.901717,0.478779,0.137260,0.171169,0.463104,0.334045,0.752184,0.407315,0.867305,0.374736,0.247714,0.398190,0.309794,0.188583,0.237238,0.724712,0.141870,0.491677,0.868948,0.675337,0.815315,0.131670,0.725151,0.248945,0.561437,0.771130,0.821860,0.202837,0.469751,0.601036,0.350230,0.338437,0.783807,0.899156,0.369669,0.379568,0.428844,0.738925,0.291252,0.742852,0.816147,0.445744,0.694098,0.087593,0.519474,0.504405,0.491191,0.693258,0.566047,0.940460,0.642254,0.088621,0.866488,0.620686,0.447730
SYN_BIGPN_0596,1,0,1,0,0.547206,0.939825,0.782198,0.165692,0.473225,0.119001,0.804080,0.437232,0.813997,0.746858,0.386804,0.443503,0.259086,0.367959,0.759394,0.683744,0.197088,0.709638,0.135109,0.737728,0.175789,0.723065,0.251778,0.067588,0.588943,0.587664,0.335045,0.198202,0.071841,0.702482,0.421003,0.771794,0.253853,0.226988,0.922330,0.421476,0.718332,0.766466,0.869345,0.830853,0.562632,0.811754,0.702758,0.703666,0.900149,0.758176,0.108231,0.309560,0.938857,0.551491,0.300911,0.647310,0.908041,0.640817,0.595132,0.948580,0.182256,0.424731,0.419718,0.558093,0.330837,0.561276,0.704010,0.416279,0.693969,0.443208,0.876338,0.103161,0.437330,0.542577,0.435754,0.178450,0.135321,0.421291,0.650872,0.309223,0.797353,0.259951,0.561955,0.844597,0.494636,0.222971,0.491138,0.080359,0.283472,0.163270,0.729750,0.910680,0.636255,0.063841,0.783431,0.945452,0.598095,0.228016,0.682095,0.241420,0.149420,0.785606,0.638561,0.124443,0.536558,0.707375,0.214472,0.168630,0.771237,0.337320,0.293593,0.428042,0.132382,0.916155,0.444541,0.369725,0.416706
SYN_BIGPN_0597,1,0,1,1,0.786636,0.811333,0.434234,0.342629,0.142930,0.599670,0.176981,0.418041,0.085306,0.615016,0.457933,0.165572,0.257429,0.295785,0.446294,0.070809,0.102439,0.730387,0.619189,0.475607,0.132997,0.146606,0.500826,0.536406,0.313011,0.082009,0.640695,0.403526,0.428656,0.740560,0.430088,0.123225,0.860911,0.181437,0.630412,0.759100,0.770993,0.304965,0.182000,0.708579,0.683148,0.819275,0.773265,0.370269,0.614538,0.938427,0.752243,0.244921,0.415749,0.132929,0.052819,0.305861,0.351275,0.874431,0.487853,0.198159,0.599279,0.824479,0.098838,0.213283,0.573806,0.549488,0.144357,0.787691,0.295750,0.905368,0.603932,0.847904,0.847285,0.697394,0.175975,0.744245,0.264051,0.668694,0.285218,0.755711,0.633840,0.143380,0.331683,0.757433,0.190993,0.348387,0.167163,0.289291,0.758430,0.728492,0.341093,0.086371,0.480310,0.285573,0.258189,0.771072,0.054969,0.566225,0.843149,0.170843,0.235703,0.942881,0.156981,0.572710,0.495861,0.199696,0.536157,0.613569,0.816644,0.485485,0.353644,0.944375,0.312766,0.354057,0.227751,0.572612,0.785868
SYN_BIGPN_0598,1,0,0,0,0.067989,0.677268,0.329895,0.625738,0.299022,0.678988,0.460620,0.475853,0.106995,0.927567,0.372043,0.449252,0.390995,0.726793,0.585517,0.682961,0.229135,0.421555,0.476891,0.896685,0.709163,0.337718,0.371294,0.529994,0.412647,0.255212,0.321624,0.644084,0.745940,0.202493,0.575979,0.737100,0.898069,0.702349,0.681257,0.739494,0.342557,0.523122,0.066268,0.173742,0.083489,0.727831,0.634294,0.687588,0.486251,0.656003,0.946655,0.530424,0.141142,0.186110,0.610777,0.570058,0.511788,0.648721,0.945641,0.875240,0.121141,0.083164,0.362770,0.838814,0.633175,0.159434,0.747287,0.262494,0.342063,0.437763,0.779176,0.254333,0.780105,0.380325,0.532434,0.256439,0.219627,0.544483,0.895194,0.520915,0.422834,0.856135,0.909215,0.914846,0.380065,0.568431,0.150429,0.865057,0.509421,0.068838,0.551331,0.442989,0.684059,0.112018,0.762034,0.846234,0.127044,0.741051,0.078139,0.575167,0.814139,0.295821,0.729768,0.276990,0.243776,0.864840,0.273494,0.936386,0.426679,0.187763,0.733347,0.733868,0.191774,0.826177,0.092988,0.533219,0.153883
SYN_BIGPN_0599,1,1,0,0,0.782080,0.174733,0.158737,0.359834,0.174176,0.694396,0.828090,0.538231,0.359468,0.554624,0.416040,0.920309,0.676079,0.514371,0.773831,0.746519,0.717892,0.148854,0.562319,0.324709,0.925208,0.687820,0.595353,0.485679,0.184171,0.372158,0.341941,0.915851,0.829473,0.919911,0.543514,0.895414,0.525644,0.800445,0.656766,0.362698,0.428490,0.172704,0.180912,0.272185,0.064293,0.818315,0.057681,0.291250,0.724497,0.189057,0.640815,0.805694,0.576558,0.133311,0.517748,0.459202,0.346039,0.611088,0.472937,0.790711,0.358726,0.384942,0.651261,0.835321,0.711806,0.777813,0.736683,0.633139,0.436042,0.565301,0.835016,0.607145,0.430953,0.196656,0.223879,0.882225,0.761965,0.089377,0.710276,0.399340,0.768646,0.614418,0.203315,0.636149,0.203691,0.371997,0.364413,0.155814,0.918850,0.680872,0.943234,0.081489,0.916388,0.209150,0.937626,0.718974,0.890292,0.090328,0.408192,0.122920,0.494144,0.116985,0.208137,0.788108,0.430014,0.357205,0.101987,0.559489,0.528936,0.199282,0.258664,0.812078,0.240734,0.146792,0.944634,0.204576,0.718421
SYN_BIGPN_0600,1,1,0,0,0.342717,0.344498,0.339440,0.719001,0.153218,0.321356,0.269029,0.365600,0.541934,0.781551,0.393720,0.725325,0.902439,0.612033,0.514784,0.862742,0.397334,0.674866,0.071947,0.530033,0.593921,0.084767,0.173343,0.116685,0.666607,0.220159,0.507645,0.674584,0.380654,0.371455,0.521055,0.494714,0.891300,0.256742,0.348814,0.369694,0.171740,0.652359,0.414954,0.556702,0.244290,0.190835,0.829317,0.185337,0.116343,0.528473,0.719065,0.637004,0.527844,0.360701,0.763913,0.936237,0.764808,0.206148,0.185855,0.643382,0.208000,0.610761,0.448566,0.626597,0.749821,0.866840,0.908828,0.346525,0.928519,0.760175,0.948161,0.232281,0.706652,0.861337,0.720737,0.356983,0.367497,0.151468,0.360613,0.392129,0.860175,0.084595,0.372012,0.409565,0.686855,0.187586,0.502781,0.787073,0.904358,0.730361,0.216285,0.685470,0.057235,0.451079,0.084497,0.126956,0.373949,0.418935,0.144312,0.163428,0.422549,0.776595,0.677677,0.235198,0.463242,0.110742,0.733224,0.197918,0.536589,0.422883,0.448922,0.698424,0.253869,0.596285,0.840145,0.661046,0.789686
SYN_BIGPN_0601,1,1,0,1,0.595360,0.236829,0.933459,0.865285,0.726447,0.309758,0.881542,0.428096,0.496889,0.698724,0.893649,0.305896,0.083191,0.747129,0.544755,0.845635,0.521113,0.462644,0.457268,0.803913,0.187585,0.519155,0.676188,0.189511,0.359170,0.876171,0.223762,0.444320,0.413093,0.312277,0.347605,0.855185,0.647428,0.559915,0.408821,0.430082,0.655628,0.530073,0.764931,0.685935,0.883983,0.271225,0.766392,0.900908,0.804722,0.378323,0.164414,0.935636,0.265492,0.890415,0.482211,0.713846,0.509191,0.294495,0.542160,0.413646,0.666920,0.444235,0.065333,0.793995,0.308401,0.749925,0.654533,0.544596,0.154185,0.096526,0.295884,0.911697,0.582371,0.886351,0.670440,0.836240,0.355905,0.660282,0.483866,0.251059,0.649902,0.630515,0.674755,0.643834,0.521537,0.371951,0.934912,0.352304,0.502835,0.768085,0.316913,0.919970,0.367345,0.397388,0.465763,0.818662,0.519912,0.542091,0.561862,0.918862,0.214735,0.790594,0.924783,0.144265,0.648322,0.914244,0.778695,0.664394,0.801659,0.835220,0.359972,0.705565,0.055230,0.768985,0.759146,0.876750,0.485467
SYN_BIGPN_0602,1,0,1,1,0.554284,0.165870,0.199457,0.298846,0.939191,0.567309,0.342550,0.347654,0.248940,0.159712,0.657730,0.625626,0.505591,0.585048,0.673178,0.180519,0.690067,0.812841,0.682452,0.359092,0.811634,0.702910,0.590453,0.657391,0.486759,0.563383,0.692480,0.910683,0.393218,0.264923,0.055278,0.457303,0.735891,0.639771,0.240081,0.877932,0.222380,0.232858,0.636033,0.507718,0.946170,0.465798,0.347455,0.583185,0.802260,0.107024,0.857237,0.422033,0.677183,0.740456,0.531784,0.381575,0.452383,0.818546,0.664241,0.346066,0.312059,0.077203,0.843189,0.505588,0.689354,0.214671,0.296258,0.900999,0.595293,0.627097,0.638403,0.232688,0.442390,0.689511,0.540195,0.506437,0.143433,0.550109,0.154462,0.768751,0.500084,0.663706,0.619615,0.230740,0.352930,0.135652,0.801550,0.196331,0.746510,0.069633,0.191947,0.444124,0.092825,0.510268,0.411684,0.297661,0.188389,0.281992,0.785271,0.827644,0.185780,0.933457,0.156266,0.841232,0.195745,0.406913,0.230895,0.463662,0.746140,0.821228,0.121162,0.086192,0.579141,0.395494,0.373482,0.313241,0.081977
SYN_BIGPN_0603,0,1,0,1,0.444976,0.568594,0.361405,0.331552,0.684060,0.813141,0.908615,0.641232,0.060852,0.672900,0.877343,0.082497,0.363146,0.173292,0.097996,0.295600,0.893081,0.869623,0.291273,0.584954,0.337632,0.734068,0.113708,0.592472,0.819860,0.607893,0.513802,0.378822,0.370785,0.114764,0.814207,0.740154,0.886695,0.854744,0.390669,0.072494,0.845925,0.350046,0.286242,0.357158,0.771647,0.334668,0.609236,0.132867,0.624002,0.094106,0.711241,0.670956,0.207136,0.726545,0.256042,0.227742,0.773973,0.100217,0.701675,0.602570,0.892816,0.190357,0.243849,0.927040,0.452188,0.306493,0.426766,0.764615,0.854377,0.150033,0.550885,0.098269,0.297721,0.366963,0.186770,0.746810,0.086515,0.301662,0.235308,0.625797,0.266417,0.732541,0.068960,0.444108,0.930243,0.435375,0.587956,0.408916,0.087440,0.475842,0.099234,0.272790,0.288099,0.625230,0.237342,0.076269,0.606762,0.715156,0.792809,0.573757,0.764014,0.789969,0.496916,0.384652,0.280610,0.640801,0.537785,0.246641,0.348964,0.559351,0.262138,0.840141,0.548604,0.332123,0.177423,0.130732,0.385263
SYN_BIGPN_0604,1,0,1,1,0.476382,0.245694,0.686583,0.795225,0.632659,0.567889,0.288754,0.536943,0.172958,0.308745,0.790262,0.450517,0.156316,0.661345,0.070833,0.143125,0.060071,0.237256,0.708175,0.603288,0.743062,0.219227,0.232328,0.317842,0.157550,0.937992,0.081956,0.471356,0.553507,0.674548,0.084481,0.569478,0.107240,0.786722,0.100374,0.901492,0.454013,0.176776,0.294346,0.556524,0.861142,0.781921,0.691699,0.189286,0.171823,0.790643,0.235659,0.928459,0.553327,0.352241,0.848773,0.114859,0.120968,0.230774,0.528874,0.902645,0.826718,0.127632,0.642491,0.412230,0.615562,0.216130,0.588383,0.090094,0.709608,0.488549,0.864054,0.717195,0.935921,0.902082,0.354069,0.482433,0.149933,0.470600,0.892676,0.157057,0.447738,0.929182,0.505494,0.637380,0.080646,0.947546,0.086659,0.195767,0.331801,0.943358,0.141543,0.057615,0.908691,0.091177,0.423392,0.135651,0.106459,0.786369,0.924044,0.379647,0.742992,0.613981,0.752184,0.883437,0.473929,0.406027,0.193819,0.190330,0.439412,0.765704,0.533280,0.924249,0.587657,0.148906,0.903454,0.332368,0.112538
SYN_BIGPN_0605,1,1,0,0,0.415248,0.751254,0.512004,0.553193,0.546710,0.942866,0.155313,0.571018,0.899094,0.623105,0.877902,0.080288,0.543917,0.761583,0.518985,0.798876,0.233873,0.943953,0.946695,0.263338,0.825500,0.614530,0.051021,0.411742,0.095576,0.507386,0.204536,0.914015,0.381915,0.114525,0.750910,0.360387,0.178076,0.810907,0.663593,0.768710,0.210543,0.945607,0.797807,0.396332,0.190422,0.938520,0.688328,0.347506,0.074983,0.843209,0.877566,0.871228,0.429984,0.347537,0.451721,0.185644,0.126550,0.721013,0.658348,0.873563,0.309119,0.261487,0.191860,0.534085,0.395523,0.718138,0.345754,0.390871,0.196626,0.286172,0.686098,0.932743,0.742438,0.936846,0.836539,0.384853,0.803995,0.331818,0.691266,0.064975,0.717810,0.210457,0.926131,0.724849,0.925195,0.135032,0.700005,0.249792,0.141507,0.265296,0.321283,0.172469,0.809711,0.402158,0.602174,0.307727,0.754221,0.259881,0.865475,0.348358,0.720445,0.738338,0.131920,0.503768,0.298467,0.401705,0.365603,0.863138,0.871846,0.185736,0.112489,0.392843,0.461383,0.181676,0.478590,0.139030,0.144919
SYN_BIGPN_0606,0,1,0,0,0.825687,0.100049,0.136413,0.528367,0.462304,0.509225,0.785011,0.745504,0.268542,0.367683,0.397194,0.236036,0.744584,0.631623,0.710436,0.283604,0.133067,0.856650,0.566804,0.685954,0.436201,0.063977,0.853025,0.244956,0.686821,0.860199,0.599837,0.620478,0.595074,0.671644,0.908859,0.252090,0.461188,0.055047,0.499130,0.567798,0.288975,0.201969,0.903811,0.278596,0.620099,0.263855,0.124202,0.490461,0.116565,0.134919,0.068585,0.678546,0.397482,0.762944,0.893752,0.445551,0.564719,0.355217,0.636747,0.642100,0.901508,0.253246,0.714933,0.248535,0.839976,0.329772,0.583827,0.199869,0.349337,0.738526,0.773495,0.054825,0.582720,0.122717,0.918591,0.949241,0.339142,0.278608,0.368119,0.816004,0.392656,0.632054,0.928095,0.709629,0.136380,0.637972,0.924115,0.293520,0.800880,0.810893,0.599536,0.531319,0.696596,0.151362,0.097474,0.334068,0.643704,0.654433,0.862703,0.834353,0.885476,0.503168,0.893430,0.271716,0.058839,0.170274,0.933973,0.294276,0.135005,0.337918,0.789944,0.177663,0.431436,0.841603,0.555932,0.168838,0.124571
SYN_BIGPN_0607,1,1,1,0,0.299081,0.083953,0.683846,0.783960,0.591414,0.194209,0.213027,0.882931,0.082677,0.378155,0.495588,0.094311,0.899287,0.630173,0.701630,0.281933,0.722295,0.629677,0.225093,0.423405,0.629715,0.561333,0.358061,0.330042,0.816613,0.895701,0.890346,0.857179,0.266997,0.773376,0.922822,0.739309,0.527023,0.662403,0.943683,0.320079,0.142459,0.191210,0.211337,0.339884,0.316915,0.611534,0.752343,0.215069,0.741243,0.514277,0.196180,0.698246,0.623480,0.310455,0.278079,0.194520,0.562956,0.499967,0.757483,0.291083,0.440564,0.709348,0.192046,0.747807,0.471714,0.492333,0.423951,0.723482,0.463316,0.802121,0.905143,0.212514,0.294720,0.489447,0.728357,0.887478,0.587974,0.694290,0.927187,0.941525,0.835962,0.230291,0.730069,0.471275,0.946428,0.369562,0.302423,0.197681,0.177669,0.429143,0.608720,0.363620,0.719412,0.609934,0.886988,0.212227,0.511527,0.857919,0.362051,0.933549,0.879561,0.620064,0.335925,0.614606,0.884234,0.750951,0.420838,0.576865,0.354381,0.471500,0.633688,0.868178,0.250738,0.293608,0.649688,0.528240,0.763767
SYN_BIGPN_0608,1,1,0,1,0.641398,0.945233,0.169632,0.608549,0.088108,0.879852,0.940574,0.319025,0.338777,0.426791,0.588464,0.867930,0.177363,0.734814,0.132695,0.306087,0.351802,0.663423,0.552478,0.832072,0.217800,0.290106,0.940665,0.144935,0.347193,0.245655,0.688931,0.088797,0.445493,0.256741,0.838730,0.836372,0.650869,0.207892,0.099951,0.600930,0.616227,0.668613,0.200170,0.703613,0.831292,0.869186,0.660535,0.599890,0.741390,0.649447,0.506631,0.897990,0.557083,0.677453,0.401393,0.685483,0.173175,0.663714,0.522890,0.273148,0.483855,0.245366,0.225883,0.652206,0.589951,0.688361,0.181668,0.098522,0.294017,0.399240,0.878968,0.635799,0.574438,0.512822,0.139638,0.910998,0.131154,0.601141,0.894416,0.353201,0.693627,0.695482,0.394290,0.524931,0.792022,0.249046,0.114507,0.211919,0.114236,0.855757,0.109643,0.250503,0.859450,0.400733,0.705693,0.312341,0.692751,0.060882,0.444313,0.497679,0.826022,0.614606,0.668915,0.275419,0.648513,0.753346,0.844143,0.248093,0.295818,0.902235,0.216292,0.148006,0.251508,0.784688,0.294079,0.097479,0.061295
SYN_BIGPN_0609,1,0,0,1,0.781995,0.416028,0.154556,0.387171,0.088308,0.823342,0.442187,0.610919,0.943560,0.718383,0.605784,0.313919,0.525631,0.083984,0.200238,0.636086,0.192999,0.316735,0.795354,0.282737,0.738926,0.212210,0.396607,0.243935,0.236854,0.154084,0.149013,0.918693,0.828658,0.783497,0.112116,0.759404,0.549188,0.663029,0.554238,0.750035,0.701219,0.866631,0.106900,0.883852,0.839187,0.081288,0.756422,0.345216,0.352822,0.929420,0.679666,0.720990,0.123049,0.225565,0.251571,0.886788,0.279225,0.082426,0.361018,0.357921,0.199442,0.668290,0.341839,0.374097,0.308252,0.908651,0.702264,0.596169,0.635108,0.153713,0.204864,0.394769,0.822494,0.511910,0.343646,0.374174,0.559076,0.078763,0.412709,0.423350,0.746025,0.350919,0.795789,0.209387,0.534214,0.065555,0.173015,0.568375,0.093251,0.745805,0.225068,0.364139,0.522623,0.472025,0.492127,0.702532,0.687965,0.517877,0.515718,0.430504,0.520849,0.663902,0.585260,0.295953,0.677630,0.085460,0.189258,0.702143,0.921558,0.578435,0.861348,0.333201,0.798376,0.272746,0.777191,0.352680,0.178574
SYN_BIGPN_0610,1,0,1,1,0.345922,0.617951,0.278068,0.128981,0.053119,0.785015,0.087245,0.171382,0.232698,0.545861,0.396376,0.519069,0.641472,0.540736,0.464770,0.614820,0.829307,0.721568,0.258904,0.371482,0.577496,0.176862,0.460806,0.647015,0.912339,0.450081,0.574968,0.197696,0.294492,0.351722,0.150586,0.583756,0.751317,0.823661,0.110443,0.876173,0.275643,0.401156,0.787557,0.870938,0.491325,0.837364,0.882261,0.362509,0.105724,0.529135,0.398580,0.869191,0.160236,0.273041,0.666187,0.540976,0.160502,0.812254,0.569562,0.675642,0.911488,0.797050,0.062345,0.528807,0.081203,0.480049,0.477733,0.725548,0.204307,0.372096,0.088068,0.479754,0.556589,0.651456,0.053590,0.598728,0.829530,0.563638,0.469000,0.708245,0.624101,0.249441,0.091084,0.268127,0.074885,0.144848,0.228520,0.332818,0.832183,0.154362,0.811215,0.785886,0.897546,0.059187,0.882849,0.634808,0.565885,0.695471,0.121719,0.373037,0.821022,0.224779,0.763220,0.808301,0.675492,0.323150,0.059880,0.793843,0.905894,0.529892,0.916828,0.235313,0.065896,0.683570,0.131654,0.584507,0.766124
SYN_BIGPN_0611,0,1,0,1,0.261242,0.102768,0.540586,0.699207,0.145573,0.496755,0.704004,0.488622,0.924802,0.893534,0.486808,0.296802,0.512233,0.919730,0.103141,0.613586,0.657859,0.216750,0.836593,0.862805,0.460390,0.336293,0.474836,0.416024,0.057391,0.210077,0.677994,0.386139,0.668963,0.746188,0.192963,0.124298,0.579690,0.146491,0.216199,0.792091,0.646882,0.389901,0.437583,0.488276,0.518437,0.738354,0.200393,0.655544,0.228380,0.422570,0.083699,0.766475,0.591088,0.493901,0.659475,0.340494,0.514191,0.426941,0.256308,0.124642,0.618908,0.779171,0.856881,0.151802,0.499092,0.423891,0.941905,0.681898,0.117320,0.247251,0.334926,0.303193,0.704253,0.540004,0.703810,0.596769,0.935269,0.634974,0.530002,0.765932,0.194494,0.645837,0.619122,0.409619,0.376600,0.574515,0.201297,0.489424,0.218354,0.789792,0.388501,0.663233,0.673413,0.323004,0.391902,0.495724,0.858568,0.109697,0.817803,0.131026,0.916962,0.937227,0.246821,0.919728,0.347418,0.277434,0.879659,0.505513,0.473566,0.119719,0.659207,0.390327,0.174655,0.778119,0.139580,0.273906,0.838835
SYN_BIGPN_0612,0,0,0,1,0.856040,0.743766,0.860181,0.170098,0.131319,0.334323,0.393904,0.320086,0.884987,0.536571,0.401827,0.803360,0.886592,0.102173,0.210194,0.925391,0.253991,0.857613,0.137582,0.800400,0.254695,0.213576,0.617940,0.811803,0.912529,0.889621,0.596887,0.235930,0.815225,0.694258,0.874874,0.498901,0.925955,0.734328,0.140476,0.457307,0.311916,0.600215,0.503014,0.105000,0.480404,0.632047,0.378542,0.339060,0.849450,0.854819,0.208514,0.679185,0.472448,0.393302,0.369467,0.152961,0.060175,0.512920,0.867569,0.220189,0.150143,0.790927,0.054834,0.399134,0.125480,0.680983,0.565618,0.340577,0.417860,0.327233,0.094737,0.283997,0.377910,0.099664,0.943091,0.159424,0.275268,0.387979,0.633806,0.622459,0.896817,0.136211,0.781643,0.807470,0.227341,0.132473,0.781898,0.505230,0.948139,0.477350,0.285704,0.768984,0.454425,0.062193,0.298570,0.348883,0.224522,0.836273,0.211733,0.278074,0.779715,0.354227,0.384157,0.670563,0.651213,0.623785,0.418232,0.528499,0.321388,0.113369,0.920644,0.948710,0.668041,0.711559,0.519232,0.272313,0.640574
SYN_BIGPN_0613,1,0,0,1,0.668968,0.352276,0.912318,0.768365,0.497394,0.384371,0.701314,0.855172,0.141293,0.735008,0.356492,0.072825,0.585923,0.385392,0.425496,0.490635,0.546586,0.284154,0.611530,0.735957,0.673668,0.567146,0.879856,0.799854,0.277101,0.709138,0.311112,0.528415,0.336362,0.213055,0.241842,0.929838,0.656717,0.241934,0.698854,0.319817,0.581023,0.878945,0.867480,0.779396,0.748740,0.607898,0.087961,0.285030,0.707537,0.505779,0.109381,0.217596,0.156876,0.905445,0.134706,0.272111,0.357025,0.801700,0.182039,0.761879,0.335117,0.605038,0.332767,0.448002,0.085156,0.499015,0.686808,0.616774,0.788854,0.780204,0.546391,0.532284,0.063411,0.562786,0.860083,0.721852,0.437787,0.920055,0.274802,0.436517,0.337711,0.204053,0.146818,0.902666,0.655619,0.373199,0.752663,0.243481,0.408892,0.755011,0.126807,0.281841,0.811967,0.336858,0.405574,0.750357,0.520199,0.753121,0.542126,0.279053,0.564570,0.510660,0.317572,0.882165,0.217159,0.933517,0.182539,0.743244,0.588369,0.087067,0.862793,0.158007,0.410620,0.345083,0.470068,0.246721,0.250775
SYN_BIGPN_0614,1,0,0,0,0.844420,0.649488,0.743556,0.368593,0.769532,0.209907,0.946822,0.338010,0.239983,0.431166,0.439198,0.541724,0.868908,0.115955,0.388158,0.121850,0.261437,0.546361,0.078720,0.628768,0.390113,0.426273,0.507133,0.163336,0.509284,0.225700,0.627669,0.358773,0.474526,0.433830,0.413665,0.908147,0.677401,0.187748,0.791155,0.660983,0.861046,0.896948,0.710519,0.936171,0.605420,0.831804,0.065357,0.244220,0.746346,0.317370,0.090692,0.675708,0.178355,0.221824,0.645185,0.760614,0.119269,0.896168,0.733127,0.085770,0.528405,0.224184,0.358229,0.318779,0.147492,0.819548,0.253985,0.496032,0.541814,0.559574,0.860272,0.481636,0.334450,0.807437,0.817464,0.811275,0.106290,0.651150,0.286368,0.050645,0.330939,0.378009,0.451917,0.768310,0.914862,0.731644,0.509416,0.103953,0.497509,0.587997,0.793105,0.408608,0.684997,0.558155,0.115431,0.194450,0.555358,0.598315,0.454806,0.940279,0.156042,0.428085,0.149809,0.196087,0.398243,0.053451,0.506976,0.395769,0.574948,0.127650,0.622799,0.115330,0.836846,0.185489,0.403181,0.502038,0.331795
SYN_BIGPN_0615,1,0,0,1,0.561871,0.259834,0.423379,0.177031,0.229349,0.291130,0.227840,0.387947,0.896133,0.825846,0.345253,0.948731,0.686060,0.173064,0.702799,0.503386,0.730775,0.068733,0.939946,0.472508,0.295291,0.435792,0.608586,0.840016,0.325242,0.887758,0.849524,0.302346,0.698992,0.878089,0.929388,0.518105,0.175907,0.455667,0.781129,0.126334,0.085242,0.896225,0.782391,0.263657,0.898507,0.593425,0.756725,0.892518,0.137080,0.425674,0.936289,0.829731,0.455392,0.050533,0.208803,0.370082,0.278320,0.366459,0.344919,0.524698,0.772790,0.495559,0.685805,0.835003,0.296779,0.646094,0.182853,0.587841,0.873703,0.884642,0.270229,0.093474,0.134800,0.570615,0.560752,0.546111,0.933801,0.411336,0.797024,0.595892,0.817296,0.741208,0.942797,0.883863,0.181831,0.679452,0.185051,0.832029,0.744947,0.886186,0.083573,0.756838,0.399267,0.863206,0.209542,0.365911,0.309432,0.541663,0.690561,0.364655,0.834689,0.845125,0.519296,0.644868,0.786385,0.647348,0.435486,0.524165,0.358601,0.686410,0.630850,0.106318,0.193822,0.304577,0.813649,0.166707,0.273350
SYN_BIGPN_0616,1,1,1,0,0.571565,0.130171,0.554984,0.294057,0.930942,0.443067,0.498270,0.763441,0.269586,0.563984,0.682261,0.207702,0.904260,0.783793,0.885457,0.284348,0.260377,0.287996,0.206168,0.242085,0.938629,0.312702,0.249428,0.424399,0.387665,0.365320,0.678240,0.420857,0.271944,0.840990,0.641948,0.718928,0.833261,0.370650,0.424291,0.946888,0.451703,0.435109,0.196786,0.280577,0.263984,0.647885,0.745750,0.288033,0.700987,0.931889,0.360753,0.292291,0.501285,0.188807,0.725295,0.689443,0.345868,0.267107,0.225881,0.575718,0.669628,0.631123,0.400998,0.586946,0.274399,0.828876,0.249706,0.499925,0.518373,0.512045,0.430428,0.499558,0.827347,0.416875,0.815249,0.322259,0.673127,0.335135,0.746081,0.498552,0.401205,0.290877,0.837591,0.221619,0.584170,0.285102,0.765764,0.374047,0.753757,0.906859,0.226359,0.157842,0.328240,0.065645,0.933734,0.211435,0.783433,0.513700,0.524022,0.195478,0.060454,0.412180,0.714475,0.675292,0.860434,0.853715,0.487075,0.611526,0.284162,0.707941,0.463470,0.102935,0.085933,0.753913,0.276402,0.820239,0.123570
SYN_BIGPN_0617,1,0,0,1,0.404671,0.754438,0.845691,0.182978,0.418632,0.065260,0.265232,0.781097,0.059165,0.177027,0.600110,0.705350,0.441162,0.601713,0.492808,0.612470,0.806665,0.127199,0.671584,0.365608,0.303635,0.788612,0.194614,0.275114,0.050127,0.834532,0.571949,0.760652,0.786410,0.244559,0.631835,0.634245,0.705819,0.399481,0.355140,0.457341,0.195696,0.113488,0.121173,0.129919,0.436342,0.499469,0.354536,0.803791,0.879196,0.188235,0.310864,0.107988,0.302192,0.108359,0.093893,0.248443,0.879086,0.567884,0.395345,0.751548,0.790382,0.759751,0.712368,0.626360,0.751440,0.181502,0.533585,0.793758,0.690983,0.915582,0.319677,0.567092,0.415031,0.256953,0.732569,0.432677,0.924200,0.836956,0.131212,0.546418,0.055966,0.642915,0.547282,0.448924,0.130734,0.370803,0.351420,0.886454,0.923144,0.655644,0.215635,0.345457,0.174473,0.892757,0.078344,0.932944,0.795348,0.383374,0.055733,0.429886,0.210978,0.113781,0.486007,0.357226,0.844982,0.845764,0.799427,0.123605,0.495053,0.225212,0.286312,0.351134,0.328398,0.504249,0.287577,0.593102,0.072869
SYN_BIGPN_0618,0,0,0,0,0.190219,0.144967,0.243841,0.820481,0.124583,0.598395,0.491434,0.318643,0.637043,0.390834,0.129083,0.529515,0.758772,0.865164,0.349688,0.320060,0.189453,0.638955,0.694387,0.597486,0.453263,0.785260,0.773614,0.390217,0.639403,0.416506,0.262922,0.178566,0.313604,0.731330,0.670140,0.924182,0.439401,0.794133,0.489401,0.727846,0.658946,0.489464,0.462041,0.775506,0.081383,0.830389,0.518948,0.383962,0.457564,0.070251,0.871926,0.646304,0.669663,0.807091,0.419592,0.371562,0.282731,0.281127,0.578334,0.716892,0.379738,0.435398,0.698670,0.773087,0.590695,0.252864,0.147077,0.800905,0.719898,0.391567,0.565525,0.594306,0.596051,0.379525,0.628000,0.087996,0.697857,0.053983,0.698304,0.121045,0.056747,0.278269,0.070169,0.143107,0.062925,0.488228,0.657785,0.542330,0.158255,0.401556,0.771281,0.358383,0.725040,0.190405,0.725449,0.185289,0.716934,0.391006,0.749232,0.476166,0.307820,0.506120,0.055310,0.455503,0.392273,0.555754,0.567767,0.745737,0.457441,0.414868,0.729738,0.085133,0.647815,0.429295,0.788348,0.921170,0.580371
SYN_BIGPN_0619,0,1,0,0,0.514943,0.817112,0.823412,0.455990,0.482671,0.108059,0.739534,0.597701,0.625154,0.419685,0.774024,0.756014,0.200807,0.474638,0.894876,0.356983,0.152027,0.271301,0.887012,0.630813,0.334926,0.353168,0.652005,0.055953,0.772645,0.654299,0.654389,0.223378,0.852615,0.456268,0.455066,0.404909,0.693136,0.673893,0.440560,0.768597,0.389968,0.109497,0.803712,0.146354,0.673481,0.927228,0.441793,0.224414,0.837738,0.450172,0.153980,0.721937,0.817740,0.176434,0.500665,0.181277,0.186252,0.288604,0.667709,0.905353,0.800927,0.188537,0.521592,0.735697,0.244672,0.704746,0.769658,0.360094,0.908192,0.160959,0.698535,0.886418,0.530210,0.610303,0.642936,0.688124,0.247370,0.544099,0.359302,0.116304,0.682467,0.436260,0.586879,0.266831,0.469180,0.283880,0.725866,0.368026,0.241202,0.786560,0.381718,0.649094,0.716340,0.288885,0.184410,0.836601,0.844478,0.793912,0.244598,0.227090,0.747970,0.123517,0.724947,0.563147,0.238631,0.144957,0.092739,0.836601,0.355016,0.378770,0.552978,0.442765,0.706104,0.821963,0.401344,0.790550,0.578384
SYN_BIGPN_0620,1,0,0,0,0.887593,0.687420,0.125674,0.566028,0.065747,0.189717,0.109882,0.772594,0.267407,0.354870,0.592042,0.235995,0.214578,0.358275,0.750708,0.478671,0.914552,0.572076,0.221733,0.581072,0.093792,0.700573,0.414048,0.884197,0.128239,0.075272,0.450147,0.761013,0.052119,0.558259,0.912352,0.787983,0.755684,0.341842,0.461408,0.474825,0.387200,0.058359,0.197323,0.110345,0.768517,0.815592,0.722964,0.299249,0.170322,0.592426,0.065385,0.475518,0.520556,0.786236,0.616788,0.947700,0.135115,0.737663,0.763999,0.057722,0.318886,0.598523,0.871283,0.241672,0.651129,0.633229,0.545310,0.316540,0.181141,0.624487,0.498389,0.425970,0.550428,0.678234,0.430743,0.364360,0.082923,0.102468,0.518595,0.819233,0.915755,0.072637,0.647571,0.362408,0.766584,0.709837,0.209726,0.783958,0.733899,0.518825,0.465881,0.792801,0.780209,0.740558,0.626931,0.437318,0.066695,0.811025,0.905947,0.262338,0.183638,0.785093,0.727804,0.447906,0.867124,0.171928,0.072470,0.438160,0.932469,0.264277,0.626554,0.802652,0.376658,0.802136,0.779632,0.731746,0.331444
SYN_BIGPN_0621,1,0,1,1,0.541413,0.557330,0.812592,0.602130,0.917328,0.649821,0.056484,0.495798,0.354383,0.599550,0.445643,0.117585,0.193678,0.352174,0.784585,0.363386,0.255810,0.407850,0.925555,0.197187,0.284541,0.494098,0.853661,0.259308,0.629311,0.538563,0.842511,0.817131,0.943410,0.787995,0.159879,0.344426,0.904274,0.273714,0.878201,0.869586,0.804903,0.472948,0.453165,0.615820,0.803208,0.313426,0.414907,0.695243,0.307312,0.846974,0.100461,0.554230,0.835021,0.922033,0.638962,0.340161,0.721179,0.928492,0.497560,0.458849,0.772134,0.512420,0.300549,0.755181,0.110850,0.468785,0.208680,0.479502,0.712878,0.505550,0.627930,0.679922,0.417301,0.438564,0.881851,0.406726,0.063052,0.654390,0.341572,0.586762,0.312717,0.942682,0.169959,0.582643,0.270079,0.287808,0.446360,0.162151,0.838719,0.115458,0.491823,0.699128,0.130122,0.167047,0.481729,0.400076,0.246672,0.455370,0.618431,0.688285,0.152728,0.058027,0.621150,0.486406,0.838734,0.252490,0.779736,0.559917,0.744103,0.306995,0.642082,0.239330,0.594775,0.647501,0.325843,0.172722,0.858449
SYN_BIGPN_0622,0,1,1,1,0.791083,0.839956,0.698767,0.576343,0.188021,0.465746,0.633561,0.122355,0.186288,0.783578,0.338109,0.615143,0.704035,0.635059,0.628720,0.599903,0.843002,0.240264,0.795935,0.658802,0.752484,0.849678,0.193783,0.498878,0.745228,0.895976,0.356612,0.203370,0.934019,0.860765,0.249794,0.889019,0.647448,0.483521,0.299671,0.891279,0.607249,0.446758,0.346679,0.518264,0.168027,0.324665,0.295796,0.407854,0.934744,0.301816,0.535052,0.893390,0.887219,0.236722,0.634379,0.340243,0.342295,0.627941,0.885896,0.344113,0.389685,0.828132,0.580122,0.762630,0.501669,0.931261,0.747740,0.792518,0.646802,0.833493,0.133179,0.834736,0.597515,0.237189,0.826871,0.875398,0.068972,0.879619,0.794839,0.213781,0.271332,0.291316,0.587210,0.688217,0.882052,0.373250,0.670035,0.233946,0.796681,0.100471,0.657873,0.664101,0.592877,0.789445,0.598465,0.891846,0.637850,0.742686,0.571102,0.809546,0.332500,0.382623,0.857412,0.222545,0.634071,0.181388,0.184326,0.610320,0.118030,0.830476,0.210670,0.414174,0.755332,0.620435,0.621295,0.777816,0.511247
SYN_BIGPN_0623,1,1,1,0,0.478389,0.400960,0.480444,0.461052,0.397344,0.233943,0.192874,0.641701,0.214978,0.389295,0.138799,0.945934,0.254075,0.183940,0.473080,0.454166,0.279587,0.435808,0.905793,0.386238,0.323606,0.705352,0.265366,0.165560,0.670683,0.751462,0.352517,0.856034,0.878810,0.602647,0.086138,0.681494,0.127611,0.436569,0.664719,0.111683,0.721822,0.814377,0.355267,0.086417,0.852165,0.924295,0.212166,0.192976,0.274356,0.481730,0.814127,0.671897,0.893047,0.221579,0.781153,0.883060,0.466759,0.390005,0.921261,0.851498,0.425151,0.548854,0.758065,0.467936,0.302538,0.280275,0.496200,0.460762,0.247113,0.654022,0.701156,0.815153,0.170176,0.928863,0.891130,0.191713,0.090086,0.634254,0.843253,0.062240,0.204538,0.466260,0.909309,0.890765,0.855253,0.723828,0.487302,0.382584,0.378535,0.446151,0.402278,0.107403,0.225437,0.178105,0.114576,0.244177,0.228612,0.815577,0.623863,0.345100,0.943461,0.117271,0.933972,0.927725,0.266356,0.806599,0.431196,0.359618,0.825255,0.597578,0.791329,0.708351,0.195729,0.639836,0.633209,0.107690,0.482844
SYN_BIGPN_0624,0,0,0,0,0.539520,0.274812,0.823814,0.921149,0.508254,0.694257,0.279263,0.477692,0.051682,0.847072,0.393545,0.253031,0.053701,0.726276,0.590433,0.857807,0.246349,0.222001,0.324741,0.666588,0.302213,0.126705,0.366055,0.200377,0.297768,0.142567,0.237431,0.658448,0.375391,0.207673,0.460948,0.592960,0.433660,0.836872,0.498894,0.550483,0.155461,0.154489,0.283436,0.638977,0.498940,0.749972,0.297272,0.698530,0.800492,0.468995,0.103397,0.454457,0.489191,0.639497,0.244746,0.566604,0.786249,0.097075,0.638217,0.110991,0.547475,0.767654,0.710026,0.214341,0.485462,0.766237,0.658526,0.647233,0.141429,0.652178,0.726125,0.510442,0.535995,0.428680,0.311271,0.802199,0.789757,0.537214,0.531888,0.325003,0.465190,0.587524,0.303506,0.760206,0.226461,0.768993,0.425264,0.900516,0.130027,0.055227,0.823897,0.099988,0.426984,0.743096,0.180554,0.261305,0.566161,0.133351,0.833192,0.803571,0.694109,0.259807,0.452334,0.925992,0.893225,0.526273,0.705642,0.510310,0.377022,0.450866,0.340774,0.637816,0.866568,0.310061,0.051239,0.806451,0.745272
SYN_BIGPN_0625,1,1,0,1,0.792822,0.711306,0.417360,0.609831,0.377290,0.123285,0.099208,0.788268,0.061858,0.735988,0.526411,0.136831,0.684895,0.477336,0.424042,0.480388,0.562532,0.914353,0.630993,0.808531,0.304929,0.264132,0.461954,0.552361,0.691707,0.304513,0.625023,0.657253,0.295775,0.558091,0.349824,0.629014,0.573635,0.279963,0.244854,0.215747,0.641799,0.093107,0.086184,0.580196,0.647871,0.788768,0.339312,0.456165,0.606842,0.615539,0.196401,0.122721,0.523885,0.188697,0.250365,0.765812,0.360740,0.522773,0.418022,0.879678,0.867484,0.281640,0.076033,0.828602,0.687400,0.589291,0.250746,0.368520,0.288438,0.069438,0.844553,0.763167,0.658333,0.272955,0.619348,0.845332,0.910710,0.740497,0.362829,0.744867,0.426087,0.178493,0.389823,0.085167,0.053664,0.375825,0.780927,0.843000,0.218086,0.437081,0.438330,0.636528,0.507188,0.618670,0.355829,0.303023,0.404778,0.136330,0.379726,0.212230,0.790043,0.133391,0.708679,0.343220,0.575743,0.923198,0.555645,0.533075,0.464462,0.371502,0.063423,0.840128,0.211582,0.836266,0.696118,0.419033,0.346815
SYN_BIGPN_0626,0,1,1,1,0.185822,0.740559,0.228047,0.455137,0.534452,0.670233,0.477326,0.548784,0.332376,0.172352,0.314503,0.467063,0.271915,0.765817,0.108186,0.767319,0.109389,0.172898,0.391216,0.050385,0.920497,0.224633,0.083967,0.580436,0.090645,0.681005,0.198140,0.091204,0.907999,0.372130,0.495402,0.079992,0.678610,0.715112,0.079838,0.783148,0.172519,0.856502,0.272606,0.933949,0.077598,0.523685,0.703499,0.856800,0.439912,0.400018,0.474957,0.455294,0.911657,0.906203,0.677008,0.164646,0.160418,0.665180,0.898470,0.663644,0.844390,0.067060,0.357423,0.120342,0.531532,0.342828,0.414682,0.709382,0.747659,0.719585,0.458603,0.215820,0.374182,0.354654,0.654276,0.123606,0.062159,0.554456,0.407256,0.280601,0.257933,0.574273,0.898528,0.125578,0.334467,0.475344,0.753351,0.545642,0.464370,0.226230,0.275217,0.553801,0.498462,0.662830,0.170216,0.926383,0.628613,0.821497,0.481304,0.101806,0.530666,0.050602,0.761958,0.766816,0.264870,0.658358,0.277442,0.446249,0.574790,0.200373,0.741379,0.917483,0.802863,0.885889,0.739804,0.317489,0.711835
SYN_BIGPN_0627,1,1,0,0,0.313396,0.593089,0.659899,0.467091,0.511458,0.082776,0.342309,0.090903,0.411233,0.314000,0.668565,0.411114,0.906043,0.770637,0.849964,0.947675,0.773688,0.334856,0.255454,0.837420,0.554750,0.244560,0.294060,0.394968,0.421393,0.508766,0.483908,0.554702,0.133267,0.481693,0.727220,0.064821,0.796252,0.770469,0.521518,0.353623,0.566571,0.519278,0.388413,0.566087,0.431995,0.417958,0.498985,0.076755,0.667074,0.942476,0.949076,0.467730,0.655980,0.909605,0.484808,0.291219,0.336803,0.739362,0.768485,0.807452,0.550221,0.795066,0.218589,0.587200,0.611328,0.571206,0.849849,0.722565,0.381554,0.385837,0.324722,0.912344,0.559375,0.320262,0.376349,0.598259,0.321090,0.257598,0.469148,0.400483,0.096927,0.562677,0.129584,0.234928,0.606157,0.919077,0.318722,0.830455,0.861666,0.058459,0.735966,0.080427,0.067629,0.264978,0.396668,0.300534,0.941267,0.454660,0.187885,0.636692,0.181302,0.900056,0.198851,0.633189,0.710857,0.504795,0.409924,0.291413,0.161666,0.170805,0.214929,0.262620,0.826383,0.945057,0.123299,0.943015,0.136266
SYN_BIGPN_0628,0,0,1,0,0.239457,0.498009,0.935904,0.486631,0.334150,0.173393,0.380500,0.733767,0.577690,0.530149,0.104456,0.807755,0.057243,0.902298,0.418360,0.278637,0.548596,0.573019,0.553521,0.247630,0.419831,0.885364,0.451770,0.400055,0.205274,0.351145,0.666331,0.247548,0.240606,0.654615,0.316464,0.887222,0.219277,0.073381,0.685803,0.384356,0.318589,0.072425,0.254595,0.061895,0.102807,0.904216,0.319126,0.298423,0.402555,0.313492,0.384116,0.776290,0.483586,0.423604,0.622235,0.152826,0.357248,0.076352,0.740761,0.373823,0.510964,0.310719,0.317902,0.749194,0.810404,0.378028,0.931654,0.919791,0.133545,0.201011,0.316488,0.880884,0.842135,0.626551,0.054751,0.522172,0.317784,0.875130,0.326694,0.450355,0.639345,0.707045,0.153148,0.843834,0.083291,0.728308,0.466999,0.879242,0.911908,0.690430,0.425069,0.470184,0.273898,0.125865,0.675808,0.619139,0.784523,0.919951,0.588914,0.056535,0.362417,0.676258,0.390091,0.526130,0.215145,0.397422,0.566007,0.240501,0.707553,0.308589,0.876406,0.385078,0.388934,0.585717,0.861849,0.927406,0.854529
SYN_BIGPN_0629,0,0,1,0,0.658193,0.747081,0.656354,0.346790,0.548380,0.591772,0.162321,0.937880,0.301043,0.808449,0.196969,0.555885,0.128560,0.063324,0.082557,0.941215,0.091087,0.161156,0.489920,0.558700,0.571640,0.263648,0.690332,0.653149,0.847722,0.087782,0.526528,0.722608,0.209678,0.345066,0.071176,0.787267,0.396691,0.063125,0.741870,0.563996,0.208533,0.380197,0.566675,0.641563,0.223718,0.229451,0.376114,0.894084,0.476684,0.157994,0.082409,0.531775,0.464333,0.251543,0.685989,0.944756,0.599725,0.305634,0.612378,0.906434,0.864540,0.686070,0.706052,0.080358,0.236268,0.124032,0.930908,0.623375,0.874148,0.883157,0.268535,0.371905,0.219994,0.595396,0.304764,0.874754,0.353781,0.257101,0.480894,0.055312,0.462903,0.808029,0.291186,0.668707,0.802577,0.820396,0.172927,0.638764,0.464772,0.814914,0.569015,0.152752,0.700204,0.935316,0.486630,0.292459,0.719307,0.794358,0.917474,0.334201,0.446513,0.431440,0.250997,0.231197,0.190210,0.342551,0.725288,0.340460,0.762206,0.331795,0.566097,0.648323,0.156867,0.859140,0.655101,0.113607,0.899142
SYN_BIGPN_0630,1,1,0,0,0.184894,0.710887,0.346856,0.588944,0.268098,0.918003,0.272392,0.857835,0.837543,0.740324,0.388638,0.600147,0.452157,0.526807,0.866944,0.583033,0.240288,0.064105,0.746985,0.280362,0.216960,0.840091,0.530210,0.942756,0.555923,0.068523,0.567313,0.119908,0.526173,0.192937,0.222347,0.287529,0.344667,0.547991,0.463594,0.648486,0.179099,0.141913,0.683456,0.489854,0.134113,0.138560,0.424779,0.843403,0.475517,0.838325,0.901874,0.210635,0.421616,0.949418,0.588258,0.873329,0.522699,0.529637,0.523536,0.393141,0.692208,0.913084,0.288617,0.832375,0.903230,0.655595,0.421025,0.393999,0.405292,0.274001,0.879606,0.666150,0.562143,0.269802,0.510672,0.455754,0.937416,0.739195,0.069535,0.247938,0.083574,0.677748,0.378717,0.476883,0.586701,0.690793,0.854720,0.631635,0.920552,0.699547,0.644835,0.284142,0.780360,0.579227,0.767817,0.229366,0.633893,0.421072,0.374147,0.351256,0.492282,0.714825,0.206136,0.326092,0.127349,0.166753,0.556627,0.414687,0.159977,0.502596,0.634731,0.741091,0.103951,0.623623,0.410221,0.425729,0.594694
SYN_BIGPN_0631,1,0,1,1,0.572254,0.299035,0.274509,0.601445,0.420350,0.540289,0.050207,0.074891,0.782800,0.345919,0.568916,0.222338,0.664094,0.129542,0.690182,0.310026,0.531467,0.429475,0.784778,0.737605,0.225677,0.840861,0.662949,0.218999,0.330045,0.474317,0.494621,0.334447,0.622102,0.808100,0.377895,0.486835,0.396759,0.198667,0.087205,0.222392,0.490373,0.319111,0.068828,0.819611,0.138704,0.759252,0.554810,0.240909,0.897646,0.611897,0.843526,0.549489,0.703152,0.314796,0.942476,0.614403,0.413957,0.102905,0.496484,0.945376,0.541308,0.728008,0.337763,0.372815,0.639323,0.180206,0.222481,0.281534,0.195770,0.563589,0.454395,0.941991,0.242568,0.867367,0.592965,0.559420,0.165669,0.739107,0.257580,0.183091,0.460874,0.672116,0.748033,0.194800,0.437397,0.655257,0.566212,0.603063,0.568290,0.183844,0.232336,0.179403,0.551149,0.430556,0.762029,0.653574,0.259677,0.637531,0.146124,0.684772,0.564305,0.909965,0.395484,0.802734,0.552752,0.258460,0.351508,0.379568,0.745422,0.719821,0.444018,0.586581,0.363868,0.576913,0.828932,0.224685,0.785764
SYN_BIGPN_0632,0,1,1,1,0.600814,0.315733,0.058377,0.695058,0.137991,0.380585,0.726958,0.852616,0.173334,0.909272,0.252877,0.494283,0.307646,0.057177,0.293474,0.119001,0.149829,0.752809,0.880538,0.944868,0.687697,0.865129,0.813459,0.054265,0.254630,0.734100,0.237089,0.848931,0.244866,0.833516,0.531876,0.225988,0.319092,0.314901,0.620515,0.640779,0.603738,0.065541,0.908523,0.409706,0.174135,0.811501,0.843768,0.387453,0.130607,0.530999,0.202291,0.153654,0.704865,0.366284,0.107566,0.767132,0.793448,0.138095,0.261636,0.085227,0.517034,0.572405,0.557100,0.631658,0.301958,0.668307,0.133791,0.693626,0.465718,0.647937,0.738454,0.157547,0.307820,0.801894,0.177043,0.166135,0.515643,0.874676,0.407362,0.178424,0.215554,0.536996,0.176304,0.465795,0.948894,0.666795,0.120660,0.167822,0.331208,0.873538,0.249967,0.171561,0.653811,0.778853,0.476590,0.469126,0.494180,0.570131,0.092374,0.825603,0.921006,0.787247,0.723246,0.801138,0.222858,0.651168,0.337139,0.612317,0.507051,0.111590,0.205500,0.133961,0.651004,0.648068,0.242581,0.629605,0.371208
SYN_BIGPN_0633,0,1,0,1,0.353640,0.634495,0.822594,0.333745,0.886668,0.446884,0.932703,0.439985,0.498056,0.104525,0.645843,0.514769,0.427596,0.124216,0.434486,0.178316,0.695742,0.938820,0.442132,0.815558,0.243437,0.151568,0.178642,0.598256,0.361390,0.349633,0.159095,0.503620,0.405171,0.463555,0.929776,0.826096,0.174217,0.523355,0.556702,0.565423,0.426850,0.505753,0.574366,0.508882,0.108922,0.371799,0.878495,0.450772,0.754565,0.082884,0.903086,0.746195,0.801137,0.114901,0.576820,0.183821,0.295903,0.540281,0.525229,0.433946,0.398499,0.205806,0.941505,0.225989,0.869147,0.285010,0.841193,0.817364,0.816441,0.462323,0.721607,0.942326,0.246442,0.771914,0.482830,0.356700,0.525716,0.430469,0.791880,0.668390,0.090579,0.854309,0.571738,0.596803,0.439484,0.634743,0.731359,0.195939,0.478186,0.171705,0.227576,0.087209,0.232034,0.245255,0.640516,0.923849,0.857310,0.527975,0.588895,0.308336,0.513856,0.456257,0.095715,0.668076,0.437807,0.061668,0.258738,0.062847,0.317150,0.617989,0.557285,0.281660,0.763230,0.584885,0.252953,0.158838,0.244548
SYN_BIGPN_0634,1,1,0,1,0.900996,0.600337,0.093478,0.553041,0.639678,0.626546,0.724778,0.583366,0.295618,0.830952,0.180407,0.331195,0.835788,0.059229,0.630495,0.810184,0.148820,0.051207,0.485592,0.456169,0.808502,0.709679,0.480964,0.744324,0.305542,0.213444,0.864623,0.691603,0.143759,0.349587,0.270724,0.383253,0.221658,0.687296,0.275938,0.461767,0.214140,0.521371,0.276742,0.581097,0.150829,0.270953,0.655651,0.595984,0.184969,0.357556,0.477713,0.101368,0.090975,0.769302,0.200272,0.381616,0.560281,0.338842,0.715102,0.397481,0.787147,0.752292,0.720844,0.105545,0.471558,0.682009,0.854378,0.599903,0.126725,0.256841,0.230754,0.710975,0.318663,0.610969,0.687601,0.861707,0.435696,0.436216,0.455651,0.512516,0.633912,0.915470,0.335169,0.513106,0.811685,0.437853,0.921280,0.736799,0.521544,0.205587,0.089105,0.633853,0.861198,0.582915,0.312413,0.293124,0.698636,0.628400,0.276026,0.295184,0.061893,0.507425,0.864792,0.198435,0.518952,0.879406,0.543186,0.308686,0.301916,0.364170,0.936549,0.913882,0.433737,0.054315,0.324507,0.479713,0.384043
SYN_BIGPN_0635,1,0,1,0,0.790010,0.553484,0.243624,0.439612,0.327364,0.797791,0.829032,0.937287,0.458402,0.730970,0.692507,0.501653,0.132542,0.947726,0.401988,0.734882,0.129717,0.058085,0.612073,0.815927,0.132946,0.681916,0.642006,0.488743,0.184693,0.278111,0.521375,0.845550,0.681010,0.670819,0.058431,0.800688,0.667893,0.648379,0.190003,0.881922,0.659208,0.090576,0.583075,0.755494,0.770046,0.198745,0.543506,0.840582,0.693945,0.677232,0.713843,0.404410,0.194518,0.773570,0.228769,0.145123,0.858605,0.562269,0.771174,0.739922,0.081887,0.472868,0.568337,0.492667,0.581797,0.881223,0.807794,0.077127,0.900484,0.864029,0.717996,0.342918,0.949579,0.671905,0.768536,0.469717,0.305119,0.091844,0.193278,0.766148,0.794813,0.152849,0.788973,0.800901,0.833714,0.558458,0.069704,0.784965,0.680893,0.490001,0.731926,0.084012,0.287536,0.844146,0.922684,0.937880,0.769281,0.423685,0.608067,0.867590,0.748142,0.475358,0.281707,0.179537,0.138714,0.718330,0.624962,0.831068,0.075829,0.846566,0.917762,0.638366,0.224906,0.692874,0.648266,0.598839,0.232039
SYN_BIGPN_0636,0,0,1,1,0.549564,0.319070,0.254312,0.925753,0.058436,0.346246,0.659916,0.862302,0.392845,0.121836,0.938512,0.759186,0.113692,0.775263,0.456298,0.610912,0.377894,0.476420,0.112663,0.463444,0.205156,0.156762,0.634103,0.793285,0.553912,0.580893,0.187413,0.697735,0.287553,0.702476,0.190884,0.910010,0.194696,0.482048,0.259078,0.169226,0.502367,0.485628,0.251959,0.309383,0.808889,0.303801,0.089562,0.453183,0.399310,0.747088,0.296985,0.209151,0.727473,0.814398,0.069790,0.735958,0.845010,0.841486,0.530508,0.596605,0.358508,0.451860,0.596656,0.195711,0.492346,0.178078,0.284959,0.265655,0.114126,0.431191,0.119489,0.695730,0.829309,0.837391,0.273700,0.238447,0.629053,0.876952,0.562040,0.447969,0.782755,0.587524,0.865545,0.836431,0.801550,0.255580,0.542940,0.058957,0.166920,0.050059,0.423807,0.670521,0.104500,0.775437,0.132210,0.282689,0.839704,0.152775,0.125897,0.552539,0.110064,0.937038,0.914709,0.612659,0.679755,0.813356,0.786086,0.451130,0.741977,0.567428,0.788626,0.346968,0.172735,0.376506,0.426465,0.945493,0.690639
SYN_BIGPN_0637,0,0,1,0,0.351221,0.119701,0.144031,0.287720,0.827286,0.146955,0.630600,0.124513,0.241404,0.173457,0.778187,0.697484,0.805935,0.122205,0.679538,0.898925,0.213007,0.132902,0.654671,0.268820,0.584333,0.094200,0.785691,0.894042,0.659847,0.769611,0.500672,0.713793,0.539902,0.441145,0.591735,0.619464,0.601552,0.328642,0.297374,0.104169,0.553548,0.837965,0.290045,0.791838,0.511115,0.335397,0.424691,0.919073,0.155766,0.466314,0.592420,0.589879,0.190996,0.650239,0.712339,0.659955,0.652541,0.389469,0.438917,0.264535,0.142638,0.638612,0.664935,0.181686,0.785879,0.582127,0.732808,0.887438,0.169812,0.908481,0.269484,0.585638,0.100941,0.553047,0.444234,0.475012,0.565932,0.281279,0.214798,0.416622,0.756750,0.226283,0.427303,0.590918,0.244949,0.405354,0.365652,0.949245,0.929819,0.735700,0.221934,0.186664,0.539260,0.573594,0.778913,0.545134,0.390614,0.362191,0.789984,0.435713,0.334427,0.332768,0.444946,0.941964,0.750501,0.164838,0.207601,0.897413,0.058969,0.739804,0.469240,0.858146,0.609562,0.928858,0.619949,0.886364,0.239787
SYN_BIGPN_0638,0,0,0,0,0.227579,0.769701,0.288120,0.245687,0.665341,0.297881,0.751795,0.334878,0.796023,0.617200,0.192839,0.583271,0.364016,0.935575,0.083405,0.757400,0.423021,0.569327,0.129138,0.108223,0.349424,0.395422,0.222277,0.202602,0.611668,0.872359,0.633011,0.369664,0.928968,0.225246,0.067015,0.661482,0.848046,0.777148,0.439554,0.591158,0.833125,0.234020,0.195085,0.763946,0.745925,0.654621,0.949896,0.800801,0.878733,0.896099,0.396630,0.715297,0.241577,0.740777,0.105835,0.933334,0.415019,0.473325,0.182199,0.813187,0.498336,0.341554,0.328113,0.741126,0.386173,0.910987,0.315115,0.220954,0.298089,0.065126,0.608517,0.673799,0.256230,0.646353,0.720192,0.207395,0.356914,0.085971,0.863723,0.430273,0.705187,0.538926,0.153636,0.497483,0.649172,0.804622,0.589072,0.776378,0.849126,0.825017,0.941712,0.561371,0.875828,0.494503,0.070030,0.829389,0.488108,0.263939,0.652672,0.587934,0.213356,0.258409,0.825577,0.782833,0.117973,0.928096,0.591510,0.631977,0.504550,0.816427,0.672375,0.066205,0.224877,0.111073,0.052275,0.896411,0.157060
SYN_BIGPN_0639,0,1,0,0,0.458451,0.367502,0.345014,0.718961,0.880014,0.335155,0.368424,0.247073,0.202175,0.596422,0.579571,0.849092,0.166026,0.749604,0.393760,0.178782,0.857946,0.265567,0.201537,0.203708,0.245796,0.601531,0.253222,0.537670,0.084367,0.388695,0.687595,0.190790,0.407388,0.070130,0.492750,0.365702,0.531716,0.868524,0.886529,0.747005,0.160530,0.765948,0.922246,0.348480,0.585686,0.484954,0.069193,0.293915,0.385666,0.792489,0.920569,0.529878,0.461500,0.351604,0.646887,0.061213,0.304681,0.656199,0.616095,0.914865,0.201656,0.212186,0.358722,0.642437,0.780393,0.700505,0.158410,0.900877,0.749402,0.460697,0.796962,0.316063,0.773781,0.597923,0.858713,0.599183,0.795019,0.375429,0.564788,0.634830,0.738830,0.303898,0.908027,0.786955,0.133780,0.290355,0.759744,0.245752,0.494565,0.873050,0.517220,0.426136,0.146559,0.061780,0.233927,0.824424,0.319703,0.321689,0.792837,0.154667,0.235954,0.942848,0.697667,0.716907,0.177835,0.503707,0.561492,0.051825,0.763883,0.657668,0.291206,0.063765,0.344578,0.166312,0.120444,0.150342,0.686942
SYN_BIGPN_0640,0,0,1,1,0.801117,0.786212,0.188002,0.109938,0.425091,0.478830,0.800567,0.107202,0.291421,0.510021,0.340248,0.720878,0.897564,0.460919,0.570606,0.117408,0.684851,0.584314,0.907897,0.376267,0.313902,0.545293,0.730666,0.639464,0.673540,0.557945,0.236459,0.879525,0.321692,0.644734,0.583159,0.830073,0.195283,0.391917,0.749218,0.884526,0.854488,0.799016,0.469696,0.608289,0.294791,0.358276,0.597791,0.339107,0.869178,0.415214,0.557866,0.441755,0.849891,0.733634,0.879846,0.578705,0.139912,0.065509,0.190035,0.158683,0.940431,0.734474,0.490637,0.670670,0.887850,0.139223,0.368903,0.154226,0.151777,0.894652,0.527654,0.796233,0.362053,0.354372,0.933811,0.331422,0.055320,0.410422,0.685195,0.402326,0.166808,0.882586,0.460567,0.321162,0.392369,0.729441,0.403563,0.942824,0.429224,0.403660,0.608238,0.460914,0.326495,0.797433,0.217350,0.495584,0.249184,0.879806,0.257014,0.875044,0.064349,0.167032,0.290646,0.145388,0.243174,0.677289,0.731192,0.376346,0.333754,0.567931,0.607555,0.705641,0.926534,0.848481,0.712588,0.893182,0.317438
SYN_BIGPN_0641,0,0,1,1,0.299339,0.500564,0.521624,0.748491,0.623676,0.231270,0.620163,0.806027,0.613802,0.289509,0.631944,0.632089,0.511939,0.295641,0.777541,0.297855,0.130275,0.804343,0.313130,0.826696,0.184922,0.497855,0.172991,0.898077,0.834801,0.650897,0.430223,0.441753,0.843892,0.806255,0.242997,0.285740,0.183496,0.699638,0.295484,0.265420,0.627841,0.468377,0.062406,0.276058,0.799115,0.171015,0.175675,0.891617,0.700013,0.901807,0.058372,0.635572,0.853946,0.313940,0.731076,0.689521,0.931517,0.401783,0.510288,0.237007,0.924050,0.192309,0.264028,0.086583,0.630127,0.906120,0.199547,0.914949,0.621076,0.577493,0.174065,0.744135,0.701127,0.677404,0.204926,0.301074,0.500747,0.338311,0.880419,0.231730,0.171192,0.421790,0.894144,0.145760,0.102203,0.197847,0.609160,0.673061,0.357105,0.868725,0.205852,0.444625,0.907336,0.063958,0.818884,0.384802,0.591370,0.185336,0.606547,0.742529,0.181966,0.328155,0.814999,0.351566,0.590357,0.560712,0.433312,0.349227,0.385656,0.802470,0.415395,0.237155,0.709859,0.760408,0.338861,0.601156,0.910249
SYN_BIGPN_0642,1,1,1,0,0.782263,0.159793,0.927202,0.893205,0.649184,0.451979,0.614938,0.596795,0.579442,0.375071,0.346338,0.236330,0.642386,0.201325,0.739682,0.742283,0.832689,0.286996,0.555758,0.808985,0.786186,0.409473,0.899004,0.328591,0.349743,0.874978,0.834758,0.764973,0.824686,0.203233,0.062628,0.213534,0.935890,0.136951,0.251092,0.938951,0.395720,0.679839,0.759532,0.691345,0.663679,0.800325,0.929211,0.588773,0.279946,0.797565,0.633808,0.547635,0.748028,0.219739,0.252264,0.431984,0.861831,0.354884,0.393749,0.343666,0.304329,0.132221,0.356523,0.879640,0.681650,0.873503,0.109237,0.906664,0.930651,0.091554,0.251877,0.112889,0.728193,0.322284,0.178672,0.071395,0.078147,0.716805,0.380940,0.738718,0.754396,0.437936,0.805456,0.058077,0.526224,0.067020,0.770285,0.090982,0.523508,0.949627,0.083966,0.685157,0.746183,0.916718,0.482119,0.739704,0.899600,0.089270,0.274155,0.152290,0.643342,0.607742,0.932318,0.110015,0.169171,0.272789,0.174850,0.650461,0.733927,0.690965,0.884305,0.128528,0.574690,0.117138,0.372991,0.451473,0.383633
SYN_BIGPN_0643,1,1,0,1,0.894038,0.783658,0.646846,0.662191,0.380056,0.665603,0.248179,0.711174,0.387919,0.507059,0.596368,0.072208,0.456300,0.605276,0.466858,0.340345,0.431600,0.367892,0.694634,0.357124,0.942829,0.139608,0.859130,0.102136,0.359827,0.356099,0.692630,0.945372,0.113447,0.479301,0.534430,0.660139,0.521943,0.846125,0.188808,0.690531,0.344383,0.570075,0.788458,0.685125,0.829224,0.091811,0.545175,0.403053,0.442816,0.772652,0.832779,0.404465,0.257298,0.505326,0.759572,0.676323,0.058650,0.336187,0.750554,0.428455,0.057536,0.807970,0.073245,0.169051,0.672617,0.800947,0.924989,0.250396,0.944632,0.516995,0.925784,0.558436,0.698895,0.338321,0.468774,0.796587,0.415385,0.531681,0.693760,0.227741,0.184896,0.262840,0.516048,0.376393,0.586244,0.364313,0.339987,0.846437,0.062406,0.281101,0.901713,0.402812,0.377411,0.946299,0.255644,0.199786,0.080904,0.946289,0.646996,0.715758,0.468485,0.276427,0.826316,0.673936,0.370441,0.271019,0.803214,0.836018,0.632770,0.860276,0.080011,0.586856,0.561814,0.075843,0.254848,0.792915,0.084209
SYN_BIGPN_0644,0,1,0,1,0.762371,0.759441,0.520718,0.250451,0.307354,0.642914,0.236787,0.204025,0.290911,0.359855,0.135091,0.920720,0.107476,0.055284,0.720987,0.747778,0.821780,0.237485,0.146918,0.928489,0.152585,0.357911,0.628331,0.410712,0.812999,0.939047,0.541788,0.159378,0.511179,0.475541,0.668117,0.910968,0.503467,0.922767,0.779692,0.864833,0.540687,0.181981,0.398393,0.909028,0.286470,0.815962,0.124655,0.293954,0.775186,0.915800,0.910842,0.124045,0.931347,0.075597,0.410381,0.631156,0.560450,0.061265,0.742480,0.707348,0.431893,0.097277,0.720206,0.060535,0.406423,0.246346,0.161793,0.695497,0.387290,0.476382,0.337705,0.249998,0.075952,0.681891,0.520539,0.586244,0.291476,0.889347,0.465727,0.321960,0.254833,0.509496,0.342991,0.848220,0.256212,0.195095,0.878483,0.114320,0.626226,0.894512,0.492871,0.415536,0.193272,0.540271,0.891071,0.929570,0.884092,0.561538,0.367888,0.287714,0.522830,0.149961,0.664947,0.432408,0.816543,0.299776,0.671394,0.723060,0.067187,0.866032,0.686960,0.092166,0.820249,0.260974,0.616800,0.570570,0.807182
SYN_BIGPN_0645,1,1,1,1,0.641818,0.667426,0.271693,0.878848,0.753940,0.499273,0.489621,0.411813,0.580657,0.869790,0.711419,0.668483,0.306728,0.473367,0.361557,0.547433,0.479552,0.366852,0.527189,0.236624,0.558946,0.210713,0.340672,0.109249,0.689618,0.162868,0.078045,0.438390,0.378213,0.511264,0.459556,0.155967,0.652297,0.181810,0.388229,0.812252,0.559309,0.173435,0.422594,0.241810,0.112416,0.398069,0.474430,0.670338,0.703554,0.222239,0.923688,0.050274,0.714206,0.089452,0.519659,0.719705,0.396863,0.227518,0.145881,0.093767,0.605503,0.083969,0.294648,0.249110,0.085028,0.159960,0.776811,0.788820,0.054681,0.512949,0.440246,0.385098,0.376958,0.432027,0.858466,0.742737,0.906812,0.856473,0.902731,0.418869,0.150297,0.230904,0.918305,0.633070,0.451252,0.596591,0.323628,0.099413,0.434623,0.745579,0.359558,0.234885,0.673462,0.349240,0.800386,0.225296,0.262531,0.944615,0.237546,0.230601,0.343465,0.083702,0.138189,0.076845,0.157327,0.146808,0.780063,0.616917,0.867769,0.506029,0.295366,0.468691,0.339132,0.936479,0.361284,0.428548,0.063820
SYN_BIGPN_0646,1,1,1,1,0.502670,0.191880,0.767735,0.660438,0.610103,0.514473,0.834568,0.556805,0.368237,0.692571,0.249024,0.266956,0.657654,0.223871,0.418683,0.351011,0.945263,0.504381,0.236462,0.616242,0.507186,0.826397,0.213835,0.078641,0.231468,0.920265,0.203448,0.078515,0.360034,0.942674,0.573055,0.426525,0.771163,0.226577,0.184340,0.419963,0.753746,0.527029,0.271047,0.902155,0.470767,0.593497,0.348252,0.551459,0.510564,0.345789,0.242442,0.190458,0.694441,0.636735,0.670181,0.217776,0.699291,0.549460,0.342008,0.754258,0.658278,0.933766,0.938467,0.146838,0.482456,0.911853,0.467234,0.076990,0.320992,0.400309,0.099996,0.926424,0.256860,0.929373,0.286224,0.231000,0.317381,0.184924,0.193098,0.283889,0.859500,0.782390,0.163577,0.594005,0.448989,0.916342,0.430689,0.518202,0.439037,0.283178,0.439293,0.345795,0.191831,0.332888,0.531752,0.402665,0.357673,0.791117,0.720169,0.766557,0.372137,0.367327,0.256307,0.377825,0.664766,0.936337,0.272533,0.511219,0.782734,0.467826,0.681276,0.403905,0.894636,0.302612,0.546123,0.171922,0.888103
SYN_BIGPN_0647,0,0,1,1,0.264164,0.859795,0.511813,0.573565,0.306727,0.690564,0.782775,0.508510,0.898457,0.745231,0.623857,0.767855,0.671219,0.685174,0.116557,0.819967,0.691713,0.153877,0.488658,0.279544,0.556181,0.558851,0.516119,0.158574,0.557567,0.355910,0.783188,0.544085,0.652696,0.659370,0.289573,0.418142,0.149241,0.681844,0.252762,0.392221,0.882265,0.862108,0.138168,0.159835,0.097715,0.537071,0.051339,0.530237,0.876628,0.132068,0.256683,0.678613,0.724612,0.642457,0.358621,0.605878,0.059917,0.178712,0.644337,0.202210,0.532939,0.830799,0.845695,0.165904,0.500068,0.277566,0.174998,0.485700,0.483416,0.149407,0.697707,0.631668,0.433189,0.471608,0.644511,0.238581,0.713106,0.412979,0.697204,0.342689,0.132956,0.715476,0.400524,0.140870,0.926080,0.095969,0.167067,0.644602,0.380533,0.826690,0.427546,0.066728,0.283320,0.466665,0.501471,0.580843,0.818485,0.441179,0.323407,0.341069,0.169471,0.764813,0.347764,0.689170,0.209131,0.562710,0.281864,0.638267,0.674878,0.657730,0.321684,0.301229,0.833830,0.062311,0.668188,0.809589,0.744535
SYN_BIGPN_0648,0,1,1,1,0.824556,0.154813,0.136437,0.283345,0.902648,0.932465,0.184200,0.836813,0.853581,0.884414,0.491177,0.313714,0.306055,0.763128,0.189107,0.890291,0.679234,0.318709,0.163557,0.898303,0.359310,0.456140,0.110525,0.545113,0.643387,0.447227,0.720892,0.852800,0.403899,0.827063,0.903970,0.302456,0.739491,0.380203,0.316669,0.469681,0.568302,0.128235,0.239809,0.472701,0.471197,0.435145,0.248942,0.806043,0.939932,0.329656,0.723403,0.688986,0.277768,0.895556,0.854076,0.758404,0.908340,0.133018,0.946363,0.612322,0.710975,0.594107,0.186758,0.713903,0.070346,0.385722,0.387630,0.349243,0.654311,0.902936,0.691896,0.797626,0.731108,0.262507,0.745272,0.591171,0.406495,0.428068,0.596744,0.103913,0.305863,0.230795,0.215598,0.376403,0.677095,0.643349,0.713409,0.673053,0.416664,0.216990,0.277030,0.852846,0.819293,0.220854,0.704859,0.137687,0.212041,0.647804,0.239000,0.781541,0.755191,0.440661,0.080910,0.850650,0.058379,0.288619,0.610409,0.051548,0.062288,0.165003,0.661150,0.280089,0.090352,0.290381,0.340307,0.249005,0.757953
SYN_BIGPN_0649,0,0,1,0,0.907137,0.652194,0.263248,0.784560,0.654252,0.522563,0.496681,0.604263,0.203470,0.322441,0.220692,0.487248,0.114601,0.940260,0.535024,0.568780,0.665289,0.289420,0.173747,0.702081,0.173787,0.515306,0.215650,0.666668,0.773038,0.135285,0.414039,0.725173,0.216501,0.254873,0.574885,0.263654,0.362083,0.929133,0.705609,0.310462,0.543419,0.317054,0.477848,0.279341,0.332986,0.379159,0.884663,0.089348,0.086042,0.581616,0.278598,0.390936,0.057242,0.286885,0.623644,0.471035,0.624842,0.112781,0.314642,0.494285,0.614100,0.219285,0.875222,0.075299,0.564525,0.836826,0.206541,0.730117,0.300618,0.288367,0.455148,0.337960,0.908229,0.506388,0.133647,0.201051,0.921851,0.931473,0.275685,0.566669,0.821643,0.937976,0.568874,0.144558,0.509596,0.215431,0.152258,0.192476,0.383608,0.282378,0.624730,0.437819,0.310235,0.766975,0.310012,0.134270,0.567476,0.812950,0.141968,0.527805,0.881662,0.615192,0.642651,0.351458,0.830029,0.543577,0.477795,0.132795,0.282987,0.500668,0.839511,0.691862,0.595215,0.693240,0.670208,0.524702,0.840411
SYN_BIGPN_0650,1,0,1,0,0.653037,0.137923,0.553489,0.901460,0.306822,0.521918,0.899946,0.341039,0.878694,0.082556,0.259636,0.715324,0.511950,0.125351,0.211302,0.877074,0.533594,0.634415,0.127515,0.405464,0.771903,0.723478,0.634167,0.581654,0.917844,0.577942,0.842091,0.438617,0.417833,0.808279,0.276478,0.402694,0.150829,0.804229,0.385899,0.680489,0.742009,0.758070,0.114332,0.097180,0.707775,0.559032,0.767389,0.916502,0.053791,0.150196,0.362550,0.816733,0.750024,0.440211,0.624310,0.403010,0.669869,0.755278,0.308632,0.056019,0.868611,0.583747,0.864867,0.705667,0.602138,0.085306,0.610220,0.504735,0.855979,0.468994,0.068410,0.472253,0.866561,0.350298,0.625330,0.820916,0.117993,0.455331,0.896547,0.789462,0.847258,0.838849,0.572208,0.818635,0.400717,0.106526,0.697730,0.786789,0.427658,0.506739,0.768348,0.930443,0.664144,0.747452,0.086730,0.572623,0.600392,0.647085,0.764277,0.720219,0.114347,0.092384,0.329467,0.216497,0.946757,0.164545,0.781341,0.340119,0.949513,0.483925,0.457135,0.859526,0.110511,0.804773,0.370593,0.783197,0.437553
SYN_BIGPN_0651,0,1,1,0,0.947220,0.203665,0.797868,0.292095,0.171502,0.753248,0.461853,0.553357,0.241441,0.694119,0.760130,0.409749,0.582749,0.664350,0.505580,0.601681,0.246688,0.374303,0.582217,0.361810,0.161628,0.076170,0.828990,0.145821,0.830811,0.307374,0.078251,0.694278,0.657620,0.768609,0.594058,0.109413,0.650201,0.939265,0.609803,0.471653,0.639990,0.919928,0.280620,0.481606,0.857428,0.661873,0.466875,0.681397,0.619154,0.149342,0.902956,0.929205,0.745695,0.408887,0.449577,0.717013,0.319433,0.740896,0.375550,0.769849,0.271249,0.800881,0.405640,0.623799,0.267195,0.150508,0.590633,0.560161,0.354938,0.558135,0.473905,0.297073,0.698215,0.661678,0.912334,0.630371,0.669054,0.108232,0.594231,0.661886,0.489771,0.684501,0.534225,0.585032,0.538476,0.663059,0.417815,0.774798,0.157989,0.655569,0.098099,0.106783,0.684186,0.566137,0.934884,0.248730,0.625264,0.267844,0.201631,0.688434,0.929859,0.350623,0.636104,0.149109,0.287636,0.345375,0.094472,0.129867,0.520102,0.585818,0.744045,0.925752,0.681233,0.716418,0.052844,0.691252,0.208191
SYN_BIGPN_0652,1,0,0,0,0.247956,0.380399,0.120877,0.834089,0.675328,0.585608,0.916373,0.800040,0.589122,0.606687,0.388005,0.933957,0.812642,0.560047,0.463439,0.716311,0.692521,0.098894,0.341972,0.658333,0.796492,0.389110,0.423392,0.448828,0.480231,0.077456,0.542738,0.319917,0.519752,0.695221,0.582594,0.655213,0.769035,0.086824,0.172309,0.458141,0.204141,0.074918,0.459092,0.701353,0.857573,0.289598,0.478839,0.243960,0.082155,0.068648,0.266500,0.627553,0.191422,0.696252,0.469497,0.244851,0.358918,0.183599,0.060128,0.147805,0.400739,0.071817,0.321140,0.794414,0.506471,0.600227,0.454595,0.223908,0.497393,0.813649,0.625494,0.356172,0.343372,0.381413,0.451189,0.075042,0.693647,0.718946,0.920802,0.633223,0.648064,0.715743,0.233334,0.422580,0.839479,0.431719,0.792666,0.161527,0.449291,0.712274,0.349122,0.583835,0.502873,0.062159,0.866476,0.856289,0.647780,0.744791,0.632547,0.923910,0.933860,0.234226,0.150642,0.423431,0.408243,0.846834,0.380445,0.116041,0.889409,0.500324,0.268295,0.527644,0.297568,0.220825,0.697011,0.699584,0.189737
SYN_BIGPN_0653,1,0,0,1,0.494290,0.754862,0.797530,0.086400,0.577866,0.863934,0.188269,0.949252,0.719641,0.054585,0.130201,0.717216,0.213833,0.636621,0.595907,0.814977,0.123126,0.843675,0.833631,0.323441,0.442314,0.203882,0.115249,0.838367,0.538716,0.638354,0.914889,0.476185,0.087440,0.072049,0.430567,0.304786,0.276810,0.767877,0.144589,0.704576,0.466330,0.409297,0.405537,0.266666,0.065249,0.841268,0.363361,0.777016,0.632732,0.531767,0.353217,0.522243,0.126345,0.898992,0.243979,0.693960,0.781419,0.085314,0.638047,0.660907,0.921665,0.187889,0.428062,0.753853,0.759890,0.358915,0.162784,0.610975,0.463278,0.189591,0.774746,0.790004,0.278800,0.813987,0.857053,0.331341,0.116433,0.944275,0.378066,0.792628,0.229454,0.071469,0.356265,0.779226,0.827565,0.623205,0.463130,0.258318,0.106853,0.412398,0.100058,0.083035,0.694052,0.379869,0.331430,0.550468,0.699542,0.866122,0.679313,0.644741,0.601443,0.461933,0.947533,0.202881,0.169506,0.641635,0.413867,0.921780,0.570878,0.945111,0.613725,0.806978,0.272853,0.361463,0.271363,0.868584,0.679198
SYN_BIGPN_0654,0,0,1,0,0.204954,0.641770,0.409116,0.335899,0.916368,0.056043,0.656714,0.416544,0.717179,0.902880,0.645662,0.915612,0.262855,0.296365,0.917511,0.213571,0.820831,0.463515,0.734327,0.308648,0.522258,0.547582,0.771814,0.750036,0.877702,0.432628,0.581659,0.801152,0.264256,0.085980,0.636637,0.621625,0.148367,0.813338,0.092269,0.305469,0.853739,0.702698,0.233352,0.570796,0.854176,0.656091,0.490831,0.130493,0.722032,0.436938,0.733080,0.937153,0.303966,0.433093,0.720574,0.202273,0.502847,0.057821,0.169652,0.530711,0.132952,0.095183,0.435838,0.391453,0.897768,0.483024,0.806754,0.405359,0.546077,0.318080,0.564063,0.120703,0.935459,0.559897,0.251867,0.151349,0.925941,0.732411,0.488872,0.632951,0.217873,0.569666,0.338637,0.310108,0.369187,0.276969,0.388865,0.638721,0.560564,0.733631,0.943666,0.586065,0.613163,0.364483,0.227044,0.569678,0.852134,0.531647,0.218203,0.761600,0.746479,0.865501,0.109902,0.926891,0.872671,0.595785,0.783509,0.650211,0.155412,0.491953,0.093234,0.421596,0.378233,0.153913,0.632008,0.244577,0.736391
SYN_BIGPN_0655,0,0,0,0,0.473433,0.865221,0.397988,0.932430,0.714346,0.893867,0.795016,0.371086,0.793886,0.309546,0.186447,0.380399,0.102339,0.082605,0.902960,0.754984,0.590138,0.330911,0.328616,0.193718,0.246301,0.118135,0.247607,0.528839,0.908224,0.252759,0.183612,0.688718,0.287647,0.104546,0.116890,0.275068,0.787252,0.627558,0.375442,0.174644,0.910178,0.406533,0.264930,0.949113,0.748072,0.893879,0.313027,0.186798,0.915231,0.948966,0.500879,0.321504,0.718458,0.536577,0.816135,0.176991,0.881521,0.134109,0.413948,0.798771,0.589711,0.110764,0.100015,0.944891,0.616216,0.176311,0.138922,0.706543,0.441300,0.331904,0.362850,0.512690,0.448361,0.633615,0.542309,0.773568,0.783801,0.587897,0.676422,0.842166,0.226506,0.276145,0.370887,0.051838,0.738703,0.736401,0.645029,0.550334,0.157914,0.424946,0.603631,0.753852,0.832289,0.836492,0.561612,0.172708,0.192247,0.367600,0.258015,0.377812,0.797396,0.364927,0.673111,0.145903,0.790085,0.113041,0.386260,0.764651,0.366876,0.817224,0.492950,0.552973,0.259426,0.488975,0.407067,0.511895,0.652451
SYN_BIGPN_0656,0,1,0,1,0.163209,0.090092,0.650120,0.301719,0.187123,0.889699,0.386837,0.495844,0.681906,0.102576,0.366398,0.244611,0.922275,0.447859,0.175659,0.078050,0.764621,0.560128,0.531983,0.122031,0.341478,0.625693,0.283472,0.428638,0.582553,0.868690,0.425956,0.290831,0.474488,0.101859,0.114605,0.135274,0.452617,0.145118,0.637881,0.658862,0.264614,0.324832,0.682861,0.539911,0.304517,0.427937,0.304506,0.929002,0.595431,0.612965,0.161114,0.096921,0.872627,0.909814,0.421925,0.465629,0.234804,0.789199,0.365249,0.731634,0.300973,0.342430,0.699702,0.594542,0.412045,0.723653,0.657261,0.456537,0.937685,0.074731,0.681637,0.871135,0.923737,0.762815,0.570827,0.373665,0.734746,0.782445,0.661619,0.380893,0.909496,0.615396,0.343525,0.145578,0.523425,0.187918,0.699324,0.704687,0.258488,0.325479,0.197542,0.180597,0.579209,0.378490,0.820042,0.053284,0.806531,0.304042,0.332197,0.827146,0.605203,0.387459,0.434478,0.417935,0.571410,0.282077,0.356561,0.237342,0.102507,0.860581,0.411336,0.514949,0.490945,0.227449,0.622545,0.482283,0.254985
SYN_BIGPN_0657,0,0,1,1,0.616237,0.749574,0.580919,0.704328,0.092591,0.070077,0.938098,0.075574,0.365315,0.734621,0.882313,0.445808,0.775856,0.285279,0.725004,0.164749,0.381572,0.066453,0.307533,0.482196,0.285615,0.163907,0.296753,0.109441,0.113499,0.875772,0.886271,0.365157,0.092979,0.643475,0.910532,0.196658,0.277656,0.696043,0.494195,0.742050,0.136512,0.271679,0.691515,0.865934,0.858518,0.921053,0.605318,0.740780,0.920142,0.404070,0.351504,0.164629,0.539441,0.323827,0.837866,0.402267,0.450431,0.841904,0.687147,0.531861,0.927991,0.301010,0.770473,0.661611,0.865769,0.823751,0.527629,0.861108,0.243893,0.154200,0.462340,0.157518,0.459636,0.095719,0.222904,0.541470,0.590171,0.407465,0.535068,0.434460,0.475117,0.809007,0.531795,0.666456,0.741144,0.572345,0.788913,0.557015,0.132742,0.232434,0.533119,0.061789,0.948533,0.874692,0.154080,0.163482,0.226215,0.424452,0.143370,0.272825,0.563963,0.238671,0.709366,0.353060,0.167883,0.659739,0.645719,0.552496,0.648526,0.522420,0.171127,0.132863,0.870923,0.640744,0.559400,0.695587,0.591208
SYN_BIGPN_0658,1,1,0,1,0.661692,0.156192,0.220822,0.341834,0.297829,0.818026,0.633594,0.590375,0.597614,0.559020,0.493195,0.736262,0.851413,0.072526,0.152346,0.354251,0.835897,0.720969,0.170944,0.748171,0.613938,0.502424,0.866124,0.669933,0.637966,0.347259,0.265029,0.155874,0.391062,0.439006,0.397371,0.072428,0.182613,0.176246,0.771211,0.606188,0.322760,0.142589,0.460850,0.148184,0.257471,0.218868,0.083288,0.408037,0.894790,0.416847,0.575414,0.704716,0.522418,0.509631,0.694220,0.372456,0.496610,0.805673,0.786922,0.941903,0.140218,0.279666,0.195521,0.383587,0.425396,0.690689,0.333534,0.867547,0.882426,0.857165,0.527604,0.335306,0.061128,0.336536,0.391125,0.122449,0.879559,0.482315,0.182531,0.752954,0.093007,0.857583,0.137783,0.381739,0.516124,0.281460,0.631817,0.567957,0.411047,0.450930,0.921632,0.536450,0.464759,0.256444,0.712812,0.516124,0.388871,0.211138,0.465401,0.650840,0.188042,0.790949,0.097301,0.759479,0.272480,0.697696,0.551013,0.056538,0.249888,0.550645,0.533067,0.063906,0.775149,0.378264,0.824959,0.636543,0.239811
SYN_BIGPN_0659,1,1,1,1,0.177499,0.789163,0.646741,0.584511,0.899566,0.728698,0.256596,0.374871,0.123417,0.407652,0.406504,0.128701,0.113555,0.389276,0.238096,0.083170,0.791039,0.306985,0.585012,0.377396,0.777398,0.171611,0.312228,0.851986,0.751478,0.167437,0.542412,0.189995,0.613424,0.676725,0.115991,0.709078,0.327123,0.864735,0.766992,0.060737,0.165436,0.734471,0.775515,0.782591,0.408869,0.677454,0.144204,0.900758,0.310992,0.756377,0.298942,0.622971,0.922290,0.511987,0.478311,0.069928,0.226466,0.402855,0.441461,0.501502,0.672582,0.257074,0.522327,0.667736,0.943563,0.783823,0.427682,0.437758,0.876916,0.072300,0.172698,0.408031,0.852695,0.410165,0.372109,0.363748,0.460050,0.684790,0.239089,0.570976,0.805176,0.929943,0.395547,0.339410,0.837488,0.345985,0.586984,0.531255,0.378777,0.302370,0.704399,0.069698,0.172176,0.241538,0.246041,0.734814,0.573541,0.067865,0.938010,0.856078,0.737443,0.063432,0.872337,0.381212,0.842476,0.825086,0.274547,0.862796,0.170287,0.107016,0.342782,0.143408,0.913692,0.310857,0.723739,0.272224,0.436460
SYN_BIGPN_0660,1,1,0,1,0.256446,0.598761,0.792731,0.572168,0.509187,0.244715,0.708003,0.791540,0.234119,0.713633,0.367956,0.693533,0.520110,0.588131,0.587369,0.717303,0.404361,0.155844,0.556110,0.148011,0.863600,0.563194,0.265538,0.566591,0.265063,0.544113,0.515520,0.348951,0.079080,0.634194,0.601246,0.791625,0.702538,0.825957,0.058882,0.075559,0.801132,0.067838,0.617845,0.228476,0.420635,0.866270,0.291979,0.209494,0.077366,0.747752,0.428288,0.190514,0.632254,0.551403,0.616456,0.786048,0.425827,0.293701,0.075890,0.609733,0.645095,0.678653,0.635028,0.376503,0.575243,0.884521,0.427290,0.815678,0.588892,0.655646,0.270726,0.343778,0.266767,0.900872,0.390737,0.820723,0.834706,0.254304,0.509311,0.175506,0.135740,0.143685,0.208988,0.811018,0.736738,0.772171,0.671423,0.630230,0.933176,0.290451,0.773705,0.844624,0.594724,0.369128,0.601039,0.319209,0.649021,0.578016,0.123302,0.334727,0.825521,0.466862,0.312590,0.284201,0.211314,0.849547,0.186212,0.718642,0.101594,0.211252,0.406989,0.384944,0.562315,0.800769,0.715908,0.343343,0.575210
SYN_BIGPN_0661,0,0,0,1,0.834441,0.202402,0.778996,0.826759,0.410097,0.191105,0.538282,0.178579,0.139628,0.419647,0.308852,0.081984,0.756029,0.780237,0.483375,0.717323,0.121873,0.841625,0.566017,0.937144,0.489758,0.730053,0.536040,0.712929,0.606388,0.522089,0.470578,0.525809,0.081699,0.326244,0.636905,0.572151,0.110855,0.092021,0.512574,0.885297,0.274771,0.471202,0.312463,0.867062,0.400898,0.147685,0.671809,0.592273,0.827970,0.078526,0.145462,0.821508,0.103222,0.837647,0.508413,0.089308,0.345074,0.178425,0.566572,0.905520,0.266193,0.917942,0.666363,0.847560,0.398339,0.106675,0.643176,0.329489,0.438958,0.715486,0.371497,0.293029,0.285492,0.449197,0.752278,0.169841,0.873296,0.705015,0.267056,0.425727,0.311483,0.305303,0.769997,0.808732,0.335536,0.405886,0.826532,0.136746,0.576128,0.834191,0.750484,0.155240,0.946200,0.931062,0.679336,0.154958,0.946153,0.718068,0.497148,0.710458,0.620742,0.078859,0.213127,0.059867,0.376047,0.178571,0.420777,0.381501,0.397916,0.903834,0.484931,0.314661,0.224451,0.552321,0.603354,0.939220,0.158862
SYN_BIGPN_0662,1,1,0,0,0.564490,0.656769,0.417797,0.492187,0.353812,0.517279,0.628110,0.270460,0.859257,0.562113,0.755534,0.931252,0.110116,0.469877,0.347607,0.429505,0.931201,0.492941,0.494167,0.146296,0.126294,0.320312,0.772785,0.944841,0.221692,0.614484,0.232407,0.759859,0.219596,0.716030,0.606636,0.734796,0.883202,0.736428,0.238174,0.382012,0.221454,0.296622,0.570250,0.554301,0.541220,0.779167,0.669998,0.590461,0.919574,0.114744,0.114898,0.592529,0.726465,0.903717,0.064892,0.934701,0.610815,0.759572,0.277316,0.283569,0.759817,0.724818,0.665613,0.802937,0.913678,0.312506,0.803734,0.481929,0.527385,0.931312,0.179424,0.095833,0.927463,0.559439,0.402035,0.476580,0.219312,0.619843,0.185542,0.401274,0.097679,0.484019,0.180010,0.324260,0.939795,0.873113,0.428500,0.739733,0.619865,0.201456,0.891102,0.498329,0.234890,0.924975,0.171560,0.386794,0.792134,0.589849,0.284907,0.626595,0.833822,0.888104,0.255200,0.072387,0.284947,0.700050,0.553208,0.366682,0.678129,0.890095,0.503993,0.090324,0.745239,0.683728,0.725818,0.604574,0.760463
SYN_BIGPN_0663,1,1,0,0,0.784330,0.309511,0.658977,0.797970,0.704091,0.848917,0.444866,0.456373,0.242949,0.339595,0.630310,0.345088,0.905635,0.526757,0.553924,0.468570,0.936213,0.361272,0.311597,0.887991,0.500810,0.210520,0.683752,0.181367,0.050804,0.063958,0.929171,0.547791,0.850039,0.615050,0.462889,0.380682,0.115981,0.630850,0.358308,0.750886,0.638744,0.801977,0.149772,0.639587,0.378499,0.142976,0.462377,0.384668,0.727659,0.391666,0.349684,0.122694,0.192795,0.190942,0.744415,0.877163,0.540069,0.179534,0.343896,0.810916,0.478702,0.168835,0.508698,0.163052,0.722153,0.246782,0.703986,0.292222,0.254060,0.832265,0.526768,0.328927,0.206064,0.834159,0.466393,0.187242,0.686315,0.722562,0.482697,0.759847,0.201215,0.300836,0.422796,0.085157,0.394262,0.447785,0.403036,0.705262,0.655400,0.240824,0.684629,0.496861,0.830785,0.162914,0.586137,0.795982,0.756902,0.534489,0.722409,0.777661,0.588949,0.095709,0.095413,0.654091,0.069897,0.285496,0.464895,0.084827,0.821842,0.079414,0.358412,0.446392,0.898306,0.470928,0.698540,0.251297,0.386311
SYN_BIGPN_0664,0,1,0,0,0.642492,0.432066,0.110244,0.063003,0.343545,0.125375,0.343506,0.101107,0.180741,0.239032,0.088420,0.280687,0.479092,0.826265,0.618338,0.437229,0.314425,0.474059,0.781581,0.748577,0.508749,0.104204,0.220148,0.706516,0.914314,0.488628,0.090589,0.699539,0.741532,0.199392,0.174710,0.468317,0.629357,0.318135,0.781612,0.819576,0.371223,0.705328,0.786467,0.161887,0.516588,0.375656,0.749545,0.810273,0.056220,0.440997,0.788958,0.302481,0.388874,0.107077,0.568851,0.465553,0.252343,0.804855,0.325404,0.168815,0.298713,0.273154,0.299525,0.212875,0.900338,0.279032,0.400447,0.867804,0.472393,0.259136,0.175232,0.671028,0.407353,0.070798,0.867659,0.098394,0.718408,0.290383,0.870645,0.250771,0.083330,0.783858,0.929759,0.587340,0.594530,0.590565,0.265020,0.392035,0.312549,0.480886,0.322241,0.482991,0.587636,0.205994,0.430673,0.322282,0.606860,0.379367,0.756049,0.713580,0.685621,0.681643,0.811934,0.492658,0.531708,0.204114,0.512676,0.605079,0.117377,0.866589,0.235758,0.872037,0.162086,0.741473,0.406759,0.333107,0.191154
SYN_BIGPN_0665,0,1,0,0,0.666536,0.648546,0.145063,0.880563,0.866591,0.683286,0.063584,0.842047,0.648397,0.566216,0.638814,0.790178,0.598971,0.164530,0.722679,0.763097,0.174037,0.926365,0.938059,0.220675,0.415315,0.600810,0.286978,0.847144,0.136320,0.112660,0.282842,0.102193,0.348581,0.342035,0.116661,0.112053,0.483347,0.189200,0.226307,0.651896,0.750866,0.483743,0.737778,0.843295,0.703844,0.114758,0.093912,0.307607,0.218287,0.289471,0.069958,0.719189,0.802149,0.565363,0.240412,0.338743,0.895893,0.880825,0.176491,0.657162,0.769918,0.453716,0.333680,0.066663,0.152268,0.305203,0.362099,0.064279,0.872360,0.908524,0.141258,0.342358,0.361500,0.390174,0.836260,0.136589,0.231977,0.393740,0.050181,0.841942,0.864233,0.751270,0.667818,0.342539,0.683749,0.133094,0.908224,0.175698,0.750010,0.487947,0.231100,0.323983,0.230275,0.807668,0.566007,0.113103,0.414217,0.298947,0.374354,0.708035,0.739783,0.942836,0.503728,0.235647,0.459659,0.320883,0.201261,0.344634,0.523843,0.837698,0.745193,0.750710,0.741233,0.744776,0.084550,0.052848,0.621238
SYN_BIGPN_0666,0,1,1,1,0.661291,0.501807,0.435674,0.901971,0.454175,0.944462,0.477997,0.562153,0.793865,0.071902,0.932905,0.746120,0.694138,0.818066,0.349867,0.348671,0.299063,0.256478,0.720311,0.340403,0.137255,0.838171,0.357986,0.541926,0.696586,0.502151,0.906477,0.507925,0.255112,0.160234,0.862130,0.897620,0.131479,0.173109,0.391753,0.935529,0.075274,0.493033,0.793524,0.117187,0.664614,0.636543,0.314924,0.053920,0.183001,0.657489,0.416532,0.098777,0.293508,0.695321,0.388477,0.800799,0.386203,0.136604,0.859743,0.942156,0.655512,0.855024,0.542884,0.588702,0.123049,0.452786,0.728326,0.431510,0.122530,0.492362,0.685166,0.763117,0.721711,0.822352,0.520764,0.451711,0.792454,0.487497,0.775896,0.129191,0.609741,0.572339,0.384421,0.328130,0.181525,0.367104,0.203581,0.655280,0.707435,0.110641,0.847825,0.769430,0.422189,0.529919,0.298427,0.367938,0.383889,0.487588,0.903455,0.057283,0.692285,0.729340,0.179877,0.830728,0.279111,0.127595,0.642705,0.376108,0.411120,0.309518,0.208807,0.614435,0.814615,0.740743,0.646616,0.599542,0.687384
SYN_BIGPN_0667,0,0,1,1,0.129307,0.875029,0.270429,0.353306,0.171240,0.873344,0.723476,0.925262,0.383099,0.226032,0.122617,0.381841,0.581937,0.122745,0.298439,0.351066,0.055547,0.107115,0.124366,0.063175,0.224820,0.139158,0.185674,0.124482,0.103236,0.885106,0.362326,0.564963,0.215975,0.292325,0.207504,0.540877,0.153506,0.707648,0.067267,0.437779,0.556258,0.516915,0.279129,0.579911,0.328226,0.370089,0.904049,0.155237,0.650328,0.368875,0.883892,0.406346,0.379553,0.293222,0.646580,0.491421,0.356351,0.058967,0.820189,0.907332,0.137607,0.619854,0.067138,0.457412,0.838983,0.901071,0.411387,0.135004,0.167155,0.399048,0.287949,0.535045,0.062054,0.787326,0.086005,0.284846,0.803502,0.273425,0.166773,0.431144,0.911193,0.065724,0.770446,0.934454,0.679287,0.172097,0.245490,0.076052,0.623476,0.795267,0.821791,0.809224,0.624261,0.806392,0.784283,0.812434,0.276389,0.100647,0.260550,0.308137,0.321147,0.647659,0.398152,0.885361,0.925918,0.456984,0.610528,0.282352,0.666084,0.833356,0.833851,0.198888,0.700052,0.791002,0.922576,0.944989,0.558186
SYN_BIGPN_0668,1,0,0,1,0.383992,0.640626,0.365979,0.334196,0.910688,0.534568,0.393118,0.627984,0.253127,0.257864,0.209922,0.805494,0.792861,0.805472,0.261332,0.418755,0.781796,0.873065,0.497097,0.401279,0.173116,0.751585,0.230318,0.665138,0.936587,0.865805,0.546813,0.053531,0.885368,0.476418,0.903827,0.603773,0.945997,0.644751,0.364391,0.130463,0.257484,0.083972,0.206515,0.745556,0.929127,0.775397,0.265128,0.237614,0.531325,0.485618,0.316093,0.443387,0.073449,0.553743,0.094904,0.102159,0.109061,0.229601,0.573898,0.474676,0.128550,0.896971,0.656457,0.385103,0.807978,0.847272,0.162472,0.749818,0.447410,0.709805,0.814401,0.439694,0.544591,0.766628,0.893530,0.345490,0.718760,0.775724,0.600228,0.398614,0.457910,0.269006,0.934190,0.234099,0.376209,0.861012,0.356954,0.575422,0.305163,0.750344,0.566894,0.370994,0.258521,0.131052,0.899816,0.816881,0.571939,0.739188,0.859850,0.521148,0.065650,0.724795,0.658287,0.305082,0.173722,0.700328,0.359824,0.349968,0.620803,0.697027,0.413856,0.831603,0.719096,0.335523,0.792074,0.524914,0.712091
SYN_BIGPN_0669,1,1,0,1,0.177113,0.077973,0.754270,0.059332,0.746835,0.402611,0.618127,0.781585,0.273132,0.197838,0.246753,0.827814,0.339532,0.545283,0.923745,0.275752,0.214411,0.281206,0.697295,0.262857,0.826711,0.450048,0.476559,0.946729,0.430793,0.110331,0.380768,0.515690,0.150077,0.558673,0.184260,0.281592,0.893679,0.707648,0.187918,0.515034,0.067497,0.584142,0.828586,0.072645,0.910832,0.430656,0.394935,0.945039,0.856838,0.457350,0.698554,0.170295,0.108335,0.353418,0.345951,0.744091,0.659503,0.914364,0.855371,0.101976,0.581423,0.926440,0.646141,0.724084,0.857317,0.798029,0.747283,0.115558,0.878399,0.773373,0.929061,0.309800,0.558221,0.925342,0.665913,0.625900,0.817414,0.603097,0.726601,0.570767,0.626345,0.113662,0.513881,0.903297,0.460274,0.624023,0.791569,0.217223,0.054926,0.893809,0.430607,0.761428,0.468440,0.310570,0.175987,0.144545,0.293181,0.571764,0.875069,0.713958,0.851019,0.824858,0.799506,0.290970,0.400299,0.611689,0.608825,0.682260,0.856643,0.089855,0.253614,0.728200,0.424285,0.549987,0.519709,0.229339,0.075566
SYN_BIGPN_0670,1,0,0,1,0.727583,0.314756,0.427886,0.301634,0.654937,0.445724,0.278223,0.933680,0.317735,0.472123,0.445240,0.326992,0.487904,0.937343,0.547832,0.442104,0.149516,0.826196,0.296573,0.149655,0.348365,0.866318,0.703756,0.391859,0.570046,0.227356,0.368172,0.363783,0.156911,0.432634,0.095494,0.597166,0.586512,0.309976,0.259101,0.107772,0.739688,0.694649,0.263786,0.760164,0.414406,0.751267,0.546632,0.343731,0.134079,0.849364,0.116509,0.882645,0.855923,0.370211,0.284868,0.931954,0.346605,0.631437,0.200795,0.416097,0.382830,0.586061,0.190426,0.717858,0.299244,0.445127,0.600213,0.110991,0.507557,0.875047,0.246138,0.527223,0.065261,0.585342,0.173528,0.088128,0.850582,0.069830,0.085838,0.554925,0.881967,0.113608,0.552191,0.517032,0.222553,0.625260,0.401882,0.148308,0.664508,0.667237,0.409731,0.405568,0.253595,0.798431,0.113258,0.488808,0.057044,0.462849,0.313209,0.738675,0.100520,0.647042,0.431025,0.140254,0.196808,0.839180,0.403555,0.063875,0.720626,0.717821,0.884614,0.157667,0.164164,0.139079,0.176219,0.269090,0.375566
SYN_BIGPN_0671,0,0,1,0,0.906038,0.911943,0.424295,0.744520,0.804283,0.630900,0.235183,0.609541,0.589344,0.197376,0.690779,0.699718,0.580067,0.407183,0.931081,0.516182,0.234997,0.353743,0.823019,0.796357,0.627645,0.929323,0.574313,0.207940,0.657621,0.602992,0.204626,0.785515,0.838074,0.566135,0.599131,0.325466,0.624075,0.731984,0.158771,0.665791,0.945940,0.219198,0.906640,0.843248,0.066728,0.628689,0.639759,0.264178,0.867006,0.561955,0.054828,0.337383,0.377153,0.842587,0.506946,0.329366,0.385557,0.866308,0.122910,0.639975,0.937001,0.699074,0.717917,0.357379,0.107469,0.073213,0.562260,0.728250,0.851008,0.241414,0.435166,0.136754,0.089374,0.386556,0.700838,0.089852,0.262249,0.902789,0.496423,0.794874,0.295467,0.659526,0.317354,0.123551,0.523227,0.534451,0.165470,0.272149,0.688887,0.132318,0.403612,0.493898,0.743323,0.682239,0.508024,0.058863,0.368990,0.785065,0.801045,0.526509,0.501357,0.718609,0.779799,0.199261,0.621355,0.660190,0.817125,0.786483,0.483269,0.941713,0.693430,0.173076,0.860170,0.249865,0.338733,0.274252,0.399357
SYN_BIGPN_0672,1,0,0,0,0.796444,0.732938,0.223704,0.782724,0.595887,0.559796,0.867457,0.196333,0.379725,0.746853,0.529170,0.078130,0.309278,0.429961,0.891283,0.783084,0.448740,0.482521,0.229911,0.250738,0.549144,0.769001,0.446121,0.431333,0.350900,0.313252,0.469225,0.052717,0.143994,0.581874,0.112133,0.929439,0.621239,0.429816,0.764035,0.322852,0.618307,0.081014,0.490231,0.579230,0.179182,0.943432,0.223144,0.584068,0.240392,0.167896,0.257151,0.816584,0.261712,0.303542,0.085852,0.397411,0.395793,0.214525,0.728598,0.664646,0.147146,0.128701,0.805119,0.561569,0.934660,0.463541,0.475518,0.917162,0.653668,0.411642,0.465549,0.404960,0.705711,0.500385,0.413816,0.270937,0.433603,0.248795,0.129759,0.337609,0.909692,0.539227,0.530644,0.757814,0.611494,0.313397,0.060753,0.761764,0.716878,0.365098,0.554494,0.494475,0.162095,0.592842,0.502840,0.770235,0.215936,0.718575,0.479271,0.823851,0.882106,0.586017,0.885396,0.067029,0.100042,0.908589,0.150937,0.195221,0.236085,0.633753,0.787566,0.260552,0.088624,0.327195,0.937147,0.237853,0.361033
SYN_BIGPN_0673,1,1,1,1,0.069296,0.886356,0.582928,0.633759,0.890704,0.935701,0.363745,0.414736,0.130293,0.848513,0.288220,0.493272,0.276604,0.611130,0.810815,0.942780,0.417160,0.280655,0.506846,0.692955,0.253051,0.568387,0.405616,0.309530,0.240928,0.548396,0.373807,0.394052,0.623371,0.750352,0.675522,0.100346,0.065409,0.738467,0.826273,0.658055,0.147588,0.126972,0.750617,0.669984,0.226710,0.204489,0.472743,0.880781,0.149299,0.926635,0.803880,0.781644,0.064036,0.623195,0.722472,0.817048,0.558358,0.482571,0.102220,0.777694,0.309978,0.056053,0.083910,0.834905,0.359616,0.276651,0.776401,0.887671,0.172539,0.800789,0.469423,0.499405,0.135167,0.861793,0.621494,0.220845,0.096219,0.813447,0.843059,0.771622,0.191106,0.401317,0.260805,0.467782,0.200891,0.783059,0.483126,0.697664,0.418252,0.312356,0.260963,0.582329,0.264746,0.855020,0.771892,0.243198,0.837645,0.726387,0.394645,0.658877,0.220384,0.506221,0.073025,0.837045,0.670411,0.719808,0.495396,0.944300,0.840014,0.396198,0.271066,0.394234,0.169650,0.519690,0.937128,0.115873,0.588958
SYN_BIGPN_0674,1,0,1,1,0.728244,0.250960,0.851097,0.941700,0.413640,0.365989,0.523193,0.442147,0.101786,0.741011,0.356804,0.725288,0.512453,0.941791,0.170091,0.080315,0.682948,0.198613,0.329583,0.873514,0.542403,0.114880,0.393402,0.353999,0.339121,0.818203,0.417639,0.325704,0.804180,0.332172,0.383900,0.835287,0.852700,0.635961,0.399167,0.729323,0.351212,0.751125,0.322707,0.359171,0.660728,0.225230,0.942751,0.782710,0.256442,0.175951,0.899882,0.822261,0.598989,0.231840,0.263349,0.392123,0.533975,0.316719,0.171100,0.473864,0.161176,0.401170,0.590304,0.225436,0.634931,0.296076,0.128409,0.542495,0.076262,0.765680,0.210227,0.705965,0.668736,0.364345,0.828303,0.944438,0.559744,0.610599,0.193047,0.875257,0.503866,0.750017,0.191096,0.550754,0.880134,0.155208,0.537791,0.809075,0.144390,0.203322,0.854945,0.694642,0.086327,0.781614,0.250237,0.790854,0.072236,0.210756,0.217112,0.390773,0.476503,0.268277,0.529188,0.267099,0.073312,0.378307,0.275473,0.090087,0.405552,0.133028,0.735129,0.119102,0.362125,0.394290,0.505620,0.857517,0.281830
SYN_BIGPN_0675,1,1,0,0,0.256050,0.660433,0.414930,0.430053,0.373563,0.562011,0.655724,0.343164,0.659996,0.353247,0.731701,0.117953,0.193967,0.367841,0.272951,0.531422,0.282841,0.062691,0.505664,0.104234,0.612467,0.576614,0.711133,0.155425,0.200299,0.758162,0.448167,0.310489,0.693481,0.196500,0.733567,0.231765,0.924461,0.235236,0.265112,0.701225,0.926081,0.281065,0.334918,0.459368,0.719541,0.183543,0.881863,0.838580,0.946632,0.883739,0.432150,0.128400,0.530179,0.330216,0.197975,0.684787,0.759725,0.355864,0.833233,0.447754,0.534813,0.642754,0.464743,0.591610,0.724515,0.464090,0.834412,0.298674,0.537501,0.213297,0.315754,0.795729,0.425854,0.419992,0.901203,0.527987,0.771296,0.727402,0.846126,0.845217,0.254984,0.486520,0.862322,0.270175,0.558218,0.421702,0.468946,0.841432,0.137783,0.744504,0.805343,0.340068,0.050495,0.242093,0.408573,0.766191,0.676362,0.874248,0.814919,0.803504,0.396679,0.748531,0.530847,0.311284,0.077300,0.408531,0.774829,0.333395,0.885098,0.671906,0.941871,0.847874,0.937964,0.371742,0.937332,0.618084,0.422533
SYN_BIGPN_0676,0,1,1,1,0.274859,0.642717,0.197380,0.869842,0.325001,0.074310,0.197532,0.368774,0.790877,0.389274,0.242474,0.607401,0.336932,0.209802,0.459092,0.075381,0.808524,0.208720,0.714145,0.536173,0.248188,0.460655,0.341163,0.220279,0.105963,0.117282,0.840618,0.673977,0.268523,0.080834,0.268999,0.094541,0.938584,0.417664,0.793712,0.450562,0.134003,0.180542,0.314699,0.656327,0.661777,0.061874,0.690436,0.088289,0.563845,0.586162,0.385979,0.665973,0.052001,0.882251,0.151495,0.648426,0.665404,0.886663,0.442357,0.581011,0.590995,0.122114,0.921799,0.217235,0.521900,0.845462,0.277979,0.270615,0.070530,0.164225,0.685456,0.052170,0.160455,0.097207,0.412987,0.532908,0.906538,0.360375,0.768188,0.773746,0.275963,0.445486,0.356810,0.089813,0.378449,0.539387,0.154465,0.216416,0.802565,0.816294,0.894478,0.527221,0.268142,0.852548,0.159257,0.748844,0.553298,0.512767,0.541909,0.754357,0.588485,0.920385,0.335297,0.181438,0.630186,0.310724,0.213294,0.933202,0.265521,0.278167,0.710089,0.479376,0.822988,0.694096,0.342732,0.724880,0.531847
SYN_BIGPN_0677,1,1,1,0,0.774030,0.229205,0.337162,0.517043,0.737400,0.207020,0.935304,0.788681,0.254764,0.215664,0.855006,0.323081,0.923767,0.595594,0.115814,0.557267,0.404729,0.371543,0.596188,0.565255,0.462608,0.638913,0.196039,0.711414,0.375153,0.332914,0.292091,0.886898,0.547032,0.859385,0.189620,0.722927,0.486277,0.050130,0.757425,0.384578,0.790635,0.210651,0.664833,0.232463,0.655257,0.949441,0.325488,0.590440,0.445299,0.424807,0.365456,0.480596,0.243557,0.671726,0.587547,0.795262,0.650057,0.554906,0.203073,0.058323,0.710616,0.118317,0.198850,0.557023,0.236394,0.794566,0.104432,0.396045,0.347683,0.509233,0.161920,0.481908,0.202610,0.767629,0.869013,0.819702,0.826327,0.696234,0.165916,0.912794,0.056337,0.889779,0.483446,0.762239,0.449164,0.244458,0.502844,0.740509,0.061593,0.784885,0.102724,0.204838,0.189835,0.218374,0.886420,0.620492,0.335793,0.649737,0.440862,0.947356,0.765783,0.301716,0.684603,0.207553,0.878378,0.653794,0.123894,0.192632,0.943248,0.145927,0.056007,0.936698,0.200392,0.330554,0.064985,0.547829,0.559198
SYN_BIGPN_0678,0,0,1,0,0.298608,0.750936,0.165765,0.758992,0.537262,0.241441,0.756676,0.471260,0.170917,0.593101,0.788109,0.186325,0.195790,0.410966,0.577489,0.802826,0.305984,0.231922,0.437084,0.179526,0.647358,0.404883,0.491601,0.181740,0.457830,0.683671,0.590451,0.772459,0.159975,0.486792,0.697363,0.626030,0.888348,0.784284,0.413477,0.311309,0.057378,0.723418,0.477264,0.402499,0.584784,0.228485,0.925700,0.457242,0.863725,0.632398,0.663322,0.574403,0.710641,0.826862,0.565397,0.588229,0.568115,0.875302,0.290891,0.778321,0.195211,0.802223,0.608533,0.723992,0.839700,0.104360,0.643844,0.940633,0.516562,0.204072,0.233953,0.483077,0.078674,0.648968,0.408888,0.369684,0.781242,0.077216,0.344983,0.862476,0.631092,0.787762,0.741880,0.782169,0.835079,0.775314,0.536975,0.330766,0.348996,0.680265,0.483892,0.256618,0.620481,0.208729,0.591291,0.602781,0.179713,0.715233,0.512768,0.086926,0.631142,0.360488,0.202343,0.405368,0.502501,0.623786,0.820408,0.714635,0.624001,0.150382,0.873022,0.579625,0.510120,0.749694,0.634437,0.272490,0.356361
SYN_BIGPN_0679,1,1,1,0,0.438204,0.604972,0.516566,0.078929,0.514317,0.889146,0.392263,0.322704,0.595698,0.583844,0.700735,0.350744,0.135492,0.728814,0.147283,0.413898,0.560140,0.278292,0.686786,0.098095,0.440169,0.306963,0.451937,0.562421,0.871191,0.232738,0.828013,0.146649,0.634157,0.480176,0.572902,0.638051,0.235432,0.388799,0.264587,0.398694,0.100914,0.920506,0.450038,0.827818,0.690196,0.340196,0.889235,0.559034,0.943279,0.146127,0.388644,0.261820,0.062150,0.339990,0.177068,0.546830,0.374981,0.619211,0.896082,0.205395,0.489182,0.506416,0.540303,0.699286,0.245212,0.763828,0.595072,0.698621,0.148833,0.095444,0.292170,0.904016,0.166568,0.462901,0.279662,0.287682,0.159541,0.485880,0.250316,0.328561,0.648382,0.452874,0.580955,0.224751,0.478551,0.188042,0.163211,0.160988,0.316385,0.277752,0.339361,0.765210,0.820962,0.716647,0.831642,0.471595,0.857256,0.867243,0.595639,0.840975,0.823387,0.455358,0.601376,0.264963,0.072819,0.844885,0.597127,0.180306,0.912989,0.199345,0.344663,0.651090,0.809182,0.213869,0.319488,0.246056,0.077066
SYN_BIGPN_0680,0,0,1,1,0.080714,0.470913,0.675610,0.914538,0.238126,0.622533,0.095342,0.884971,0.487406,0.153052,0.376834,0.209351,0.725835,0.729705,0.497736,0.263844,0.683048,0.721881,0.871491,0.640714,0.805913,0.155583,0.239743,0.112289,0.416232,0.427539,0.492165,0.716517,0.816750,0.874545,0.077096,0.083381,0.374682,0.598836,0.519271,0.184802,0.627930,0.121115,0.722341,0.852495,0.599067,0.145567,0.811708,0.068035,0.091652,0.783853,0.755659,0.375159,0.397315,0.148875,0.166150,0.357066,0.171742,0.533841,0.347599,0.773763,0.384698,0.363930,0.100370,0.725344,0.764116,0.396100,0.515411,0.706986,0.550993,0.579530,0.827942,0.101487,0.190797,0.609178,0.353992,0.515282,0.215228,0.939758,0.911751,0.101722,0.107373,0.222392,0.707124,0.733089,0.376653,0.886291,0.732956,0.123789,0.162876,0.662565,0.601551,0.830466,0.838815,0.679610,0.815379,0.884718,0.709739,0.320800,0.840530,0.810924,0.347946,0.734457,0.058691,0.618188,0.849409,0.865366,0.104026,0.850412,0.813717,0.549656,0.520476,0.651124,0.601517,0.073678,0.772746,0.376689,0.897060
SYN_BIGPN_0681,1,0,0,0,0.222581,0.878092,0.778764,0.905260,0.382894,0.092532,0.591946,0.536556,0.828665,0.653800,0.378131,0.282129,0.838557,0.679274,0.778585,0.756915,0.922171,0.740202,0.281205,0.387197,0.111085,0.052955,0.208763,0.066283,0.204413,0.665987,0.889295,0.356006,0.447588,0.454410,0.844233,0.134257,0.390664,0.906755,0.428255,0.851323,0.928865,0.786338,0.913662,0.239089,0.332302,0.903939,0.381639,0.060568,0.086019,0.806512,0.207031,0.746323,0.491818,0.130030,0.361045,0.797461,0.085606,0.470033,0.468105,0.310206,0.206454,0.283396,0.168720,0.143280,0.357295,0.137536,0.920809,0.499633,0.747827,0.127351,0.070554,0.827567,0.683547,0.842974,0.299561,0.051775,0.876920,0.904663,0.421215,0.916400,0.220910,0.303903,0.659082,0.703052,0.129328,0.944144,0.248003,0.319100,0.110494,0.559080,0.487420,0.761753,0.095785,0.680453,0.561813,0.255768,0.946271,0.365901,0.680624,0.246782,0.308863,0.687129,0.929890,0.073390,0.442412,0.839187,0.260131,0.145502,0.231327,0.627215,0.227684,0.289262,0.525072,0.911529,0.096199,0.462856,0.367055
SYN_BIGPN_0682,1,1,1,1,0.156814,0.168827,0.252799,0.262946,0.683072,0.173957,0.201476,0.323794,0.399523,0.055075,0.730511,0.128975,0.478756,0.312511,0.441649,0.929028,0.769311,0.775505,0.410517,0.733619,0.804872,0.518050,0.399830,0.070118,0.554557,0.574990,0.746899,0.584391,0.941301,0.476244,0.821335,0.370346,0.495605,0.586213,0.093068,0.907155,0.716287,0.714406,0.382835,0.127886,0.167485,0.704072,0.061509,0.154805,0.470056,0.631292,0.448857,0.100655,0.838729,0.237049,0.808671,0.838766,0.391020,0.739983,0.232998,0.319314,0.702749,0.920208,0.070441,0.406721,0.598025,0.582605,0.195615,0.226505,0.415921,0.815227,0.161059,0.941458,0.740518,0.128492,0.316261,0.308958,0.627786,0.429094,0.941857,0.646352,0.213898,0.158727,0.361575,0.193607,0.308041,0.490114,0.145984,0.388491,0.489894,0.075162,0.899040,0.213743,0.659682,0.699851,0.416300,0.365950,0.544096,0.607335,0.057011,0.495502,0.108291,0.763590,0.627053,0.167806,0.639114,0.224157,0.055973,0.371803,0.663748,0.524570,0.870669,0.752895,0.694364,0.675305,0.601881,0.866014,0.615228
SYN_BIGPN_0683,0,0,1,1,0.083556,0.555157,0.930331,0.808069,0.074315,0.080512,0.394976,0.285953,0.061043,0.348398,0.094368,0.127360,0.804821,0.198283,0.471297,0.606416,0.540304,0.435674,0.371203,0.808332,0.223769,0.566405,0.864488,0.711774,0.722324,0.732501,0.942249,0.353724,0.933088,0.214102,0.370149,0.406427,0.462758,0.166883,0.305193,0.555963,0.087547,0.728164,0.181933,0.642568,0.838649,0.154038,0.623561,0.947381,0.537985,0.559626,0.703132,0.122294,0.871317,0.461537,0.415376,0.072454,0.537211,0.589103,0.470339,0.096953,0.422797,0.857557,0.802922,0.071097,0.794965,0.795381,0.171992,0.061429,0.730590,0.266127,0.645220,0.811175,0.696434,0.325884,0.425417,0.064668,0.371190,0.858336,0.612928,0.651762,0.561124,0.694685,0.387825,0.582849,0.192643,0.225910,0.937706,0.073161,0.141562,0.246888,0.714429,0.146081,0.812646,0.518598,0.387602,0.801856,0.570063,0.483592,0.378501,0.778215,0.380002,0.095044,0.254937,0.208611,0.265476,0.482567,0.639030,0.053543,0.328093,0.633831,0.723851,0.491528,0.311709,0.639449,0.221039,0.074376,0.693098
SYN_BIGPN_0684,0,1,1,1,0.923278,0.875704,0.320250,0.243280,0.136181,0.570477,0.200215,0.125930,0.157556,0.061518,0.364999,0.153700,0.327116,0.142607,0.278965,0.610119,0.339112,0.058366,0.926630,0.757359,0.066007,0.518659,0.131046,0.727378,0.840980,0.541452,0.876175,0.827076,0.827044,0.576304,0.691515,0.125357,0.816413,0.565720,0.099469,0.839961,0.807037,0.827198,0.753340,0.286370,0.450831,0.233955,0.747808,0.141901,0.691787,0.078665,0.733441,0.245078,0.712495,0.058413,0.511269,0.090084,0.800929,0.335359,0.874194,0.780424,0.305472,0.519184,0.880609,0.841855,0.704077,0.529046,0.506993,0.601381,0.150570,0.236358,0.309815,0.125175,0.379693,0.272355,0.315531,0.073930,0.427118,0.715292,0.500586,0.284209,0.094233,0.167358,0.441981,0.731095,0.368301,0.220332,0.057463,0.663845,0.252995,0.390926,0.367791,0.492747,0.514669,0.466811,0.765448,0.884151,0.425804,0.588694,0.941831,0.085521,0.333437,0.478531,0.251301,0.234646,0.717598,0.629884,0.339487,0.592483,0.579747,0.895941,0.437212,0.825704,0.781995,0.055309,0.590532,0.785629,0.803472
SYN_BIGPN_0685,1,1,0,1,0.060375,0.205833,0.192775,0.457169,0.390899,0.736214,0.692879,0.724113,0.715142,0.426532,0.608830,0.763922,0.292016,0.399522,0.220714,0.854987,0.325675,0.279005,0.826958,0.560940,0.762930,0.696412,0.310803,0.291414,0.191701,0.433279,0.592465,0.462758,0.480903,0.078362,0.418300,0.206712,0.611605,0.863436,0.179314,0.633256,0.726032,0.184994,0.752929,0.266521,0.230786,0.092693,0.343908,0.541650,0.721825,0.868858,0.863643,0.448853,0.782164,0.280977,0.775636,0.293206,0.215726,0.945452,0.809347,0.303716,0.105531,0.632096,0.432418,0.087887,0.500708,0.613665,0.214063,0.469834,0.153247,0.166185,0.576827,0.572888,0.357946,0.693480,0.106107,0.349192,0.063075,0.340029,0.377586,0.216074,0.673250,0.575887,0.653227,0.830559,0.134006,0.327595,0.331664,0.260372,0.248962,0.426990,0.106579,0.202645,0.860524,0.403570,0.227107,0.307901,0.611294,0.425431,0.390128,0.518042,0.160581,0.706754,0.174870,0.326071,0.831251,0.380568,0.936578,0.637235,0.860021,0.236876,0.535461,0.133782,0.734014,0.741261,0.302222,0.355512,0.376057
SYN_BIGPN_0686,0,1,1,0,0.278171,0.475956,0.095960,0.656819,0.443072,0.817792,0.470538,0.455284,0.276865,0.707282,0.677588,0.734274,0.305232,0.587657,0.717936,0.208065,0.587266,0.569913,0.797047,0.202649,0.198476,0.289244,0.534283,0.734052,0.595289,0.930788,0.948179,0.707578,0.689839,0.604968,0.928369,0.240127,0.671545,0.817252,0.107591,0.909262,0.755297,0.487065,0.682505,0.319649,0.359531,0.623683,0.425815,0.686553,0.053133,0.201302,0.695327,0.051468,0.548320,0.068506,0.523743,0.300402,0.162414,0.702182,0.817704,0.054035,0.196479,0.912301,0.745374,0.710302,0.904608,0.367605,0.568399,0.676975,0.699461,0.630679,0.683275,0.285656,0.767532,0.661934,0.104644,0.417727,0.193541,0.092630,0.492692,0.638061,0.736819,0.365899,0.567811,0.881770,0.159287,0.491816,0.381226,0.731684,0.640741,0.615792,0.493742,0.298844,0.293637,0.892234,0.213661,0.935300,0.322403,0.812783,0.259654,0.157308,0.111766,0.570459,0.879406,0.880550,0.432544,0.176448,0.100583,0.528324,0.767501,0.895950,0.860960,0.363073,0.206971,0.817403,0.630123,0.927941,0.521564
SYN_BIGPN_0687,0,1,1,1,0.355350,0.126468,0.258533,0.937878,0.587997,0.485173,0.563228,0.708262,0.071414,0.780779,0.087588,0.181109,0.561143,0.690794,0.215249,0.349890,0.886899,0.205965,0.870939,0.473970,0.762327,0.242099,0.120162,0.862283,0.075417,0.554601,0.222454,0.375164,0.791838,0.311025,0.222764,0.356347,0.599626,0.675531,0.225193,0.399819,0.723442,0.899870,0.295362,0.242132,0.615133,0.256537,0.827268,0.424414,0.838905,0.595365,0.256874,0.350371,0.374493,0.123317,0.530613,0.806513,0.911887,0.418460,0.055611,0.689657,0.796294,0.311055,0.172391,0.487179,0.386512,0.358146,0.774458,0.491498,0.069186,0.686926,0.554200,0.893405,0.411515,0.197369,0.208241,0.866400,0.467528,0.875191,0.167262,0.179580,0.499762,0.812387,0.150638,0.903190,0.596675,0.131923,0.852992,0.169021,0.340118,0.848132,0.500348,0.142992,0.335183,0.278150,0.507603,0.807192,0.165251,0.408213,0.210265,0.768901,0.720829,0.702506,0.270017,0.442025,0.312562,0.783521,0.367611,0.093424,0.599360,0.195317,0.402255,0.427692,0.725289,0.929768,0.421530,0.060005,0.180883
SYN_BIGPN_0688,1,0,0,0,0.912223,0.801876,0.771029,0.587868,0.907346,0.768663,0.180814,0.443697,0.429694,0.249971,0.884468,0.569164,0.932572,0.217224,0.808414,0.544655,0.683838,0.755777,0.186608,0.586813,0.671568,0.472498,0.743166,0.284126,0.099113,0.798901,0.831323,0.347958,0.813283,0.431683,0.125682,0.882086,0.563289,0.373026,0.857529,0.654254,0.560830,0.440633,0.940128,0.377761,0.857665,0.205613,0.606215,0.825607,0.375464,0.293264,0.109375,0.464077,0.870291,0.555572,0.188191,0.888606,0.217533,0.577269,0.883064,0.856100,0.737599,0.888859,0.915833,0.790998,0.913434,0.848284,0.935857,0.251883,0.149540,0.172364,0.844278,0.271737,0.521708,0.819844,0.745537,0.580479,0.916860,0.541974,0.789994,0.859522,0.511004,0.626477,0.134490,0.235644,0.202703,0.188286,0.518641,0.429042,0.674021,0.840887,0.677970,0.555485,0.327624,0.328699,0.110460,0.338489,0.802979,0.327681,0.474918,0.652071,0.072040,0.788404,0.325224,0.873547,0.672222,0.550630,0.629910,0.177774,0.488941,0.599170,0.425507,0.698353,0.488477,0.253574,0.134441,0.946870,0.248346
SYN_BIGPN_0689,1,0,0,0,0.158090,0.274962,0.331591,0.487633,0.519329,0.929925,0.449854,0.156628,0.843257,0.516173,0.193862,0.299959,0.853408,0.245354,0.187653,0.651052,0.192274,0.692743,0.837255,0.921551,0.065208,0.327135,0.178191,0.784083,0.886690,0.381155,0.219695,0.375403,0.713460,0.715626,0.903220,0.794728,0.129578,0.365376,0.781084,0.732963,0.383542,0.500672,0.533786,0.767431,0.355192,0.395282,0.150189,0.688761,0.621588,0.907300,0.689460,0.442432,0.568446,0.511319,0.109427,0.479518,0.674255,0.288246,0.138281,0.276421,0.080973,0.300385,0.302259,0.637698,0.132353,0.108846,0.177158,0.910945,0.888494,0.236137,0.124000,0.394390,0.182086,0.399247,0.349688,0.793779,0.695750,0.852924,0.402626,0.601620,0.127446,0.055174,0.374108,0.183393,0.398565,0.204052,0.113984,0.787513,0.439772,0.433004,0.574832,0.245529,0.069309,0.335159,0.613841,0.577046,0.299800,0.114862,0.423332,0.930045,0.716897,0.560418,0.716776,0.763753,0.652562,0.928683,0.725264,0.713859,0.403402,0.701643,0.672569,0.374791,0.199927,0.059566,0.931539,0.293436,0.082320
SYN_BIGPN_0690,1,1,1,0,0.107862,0.549117,0.108229,0.148098,0.213170,0.882672,0.759740,0.409419,0.759252,0.052961,0.497236,0.534652,0.488553,0.086244,0.052154,0.076689,0.153235,0.255228,0.107289,0.125117,0.338001,0.093494,0.874663,0.853681,0.232654,0.448346,0.854087,0.728697,0.263778,0.188254,0.654906,0.417226,0.543301,0.702372,0.227605,0.851885,0.756972,0.754456,0.747485,0.778280,0.117005,0.257197,0.161529,0.355210,0.932527,0.919064,0.316237,0.717915,0.344564,0.937943,0.869015,0.947873,0.394075,0.260257,0.653945,0.597500,0.451779,0.792997,0.415226,0.115436,0.758126,0.441971,0.136866,0.207551,0.078956,0.649962,0.406291,0.140165,0.447840,0.593441,0.917234,0.232443,0.398345,0.268812,0.466310,0.098956,0.168655,0.735714,0.722899,0.576136,0.744958,0.081643,0.334545,0.615536,0.427451,0.406467,0.402947,0.125561,0.330170,0.488203,0.201275,0.452229,0.249999,0.884274,0.383495,0.245457,0.259697,0.859390,0.565303,0.127733,0.724680,0.940530,0.753388,0.932252,0.273676,0.865599,0.208921,0.469130,0.867968,0.332648,0.814522,0.231157,0.216834
SYN_BIGPN_0691,1,0,0,0,0.393557,0.363223,0.628721,0.628431,0.633713,0.722137,0.251949,0.687760,0.199527,0.632827,0.610583,0.256250,0.562349,0.314011,0.337910,0.614915,0.168259,0.512749,0.819218,0.942717,0.113241,0.786111,0.284366,0.945942,0.256018,0.522913,0.173137,0.141366,0.273146,0.580213,0.560969,0.796596,0.839370,0.385874,0.575089,0.324747,0.487129,0.803328,0.389019,0.772964,0.308354,0.067252,0.457438,0.948878,0.719477,0.680482,0.265103,0.357004,0.756173,0.310397,0.376049,0.607971,0.220314,0.488748,0.139159,0.340502,0.631043,0.589294,0.727564,0.941429,0.372483,0.691573,0.258145,0.697735,0.610938,0.614851,0.620291,0.263216,0.437005,0.878810,0.540174,0.614198,0.297941,0.332531,0.511530,0.737464,0.173803,0.912161,0.337964,0.076865,0.152076,0.632438,0.387515,0.835665,0.146357,0.612737,0.454677,0.129165,0.845114,0.181475,0.737404,0.531143,0.217309,0.252588,0.468347,0.286236,0.687111,0.061073,0.602676,0.297420,0.574334,0.700308,0.638651,0.261762,0.830978,0.872055,0.227202,0.142458,0.452827,0.346149,0.835053,0.501163,0.267279
SYN_BIGPN_0692,1,0,1,1,0.174000,0.586407,0.720214,0.373981,0.487193,0.317062,0.636833,0.255732,0.627089,0.223389,0.912772,0.557811,0.638894,0.849826,0.333129,0.174345,0.641807,0.130266,0.707577,0.934793,0.313052,0.367549,0.874291,0.362353,0.858208,0.142858,0.128527,0.246283,0.374316,0.068969,0.563784,0.194381,0.369474,0.671505,0.486940,0.811352,0.454766,0.332204,0.598990,0.607377,0.859394,0.414904,0.069189,0.640745,0.330165,0.159765,0.420423,0.117852,0.402045,0.155903,0.891681,0.119834,0.451573,0.580556,0.359552,0.355164,0.210983,0.451432,0.804422,0.195459,0.155693,0.817690,0.498524,0.319075,0.471602,0.326095,0.685867,0.646410,0.524085,0.322562,0.074675,0.691863,0.440777,0.549303,0.494845,0.398296,0.577494,0.659593,0.634674,0.113336,0.770068,0.860756,0.182689,0.722167,0.709453,0.862297,0.387573,0.052740,0.580050,0.669776,0.537013,0.610223,0.878422,0.405245,0.601384,0.424537,0.678757,0.634506,0.191472,0.133210,0.449740,0.210244,0.632909,0.590948,0.061295,0.243889,0.168199,0.699479,0.638218,0.491404,0.810351,0.518441,0.845124
SYN_BIGPN_0693,1,1,0,1,0.561932,0.689812,0.345806,0.388434,0.834950,0.692154,0.943476,0.193951,0.711052,0.294314,0.562794,0.680358,0.877037,0.876863,0.712377,0.573371,0.860586,0.136659,0.710097,0.757422,0.616037,0.166148,0.321518,0.794482,0.190772,0.418569,0.704771,0.253176,0.106564,0.588302,0.159295,0.315164,0.245984,0.834738,0.256234,0.330145,0.679092,0.811277,0.686186,0.699141,0.635765,0.497113,0.844951,0.231294,0.197934,0.299038,0.441211,0.083068,0.820535,0.926210,0.760338,0.212287,0.348614,0.746318,0.535124,0.633914,0.068180,0.840357,0.355122,0.090028,0.359860,0.760913,0.924398,0.911871,0.643872,0.435377,0.357144,0.882161,0.230783,0.374633,0.328570,0.214654,0.919221,0.915445,0.293596,0.422587,0.813814,0.364284,0.741785,0.911238,0.204141,0.261477,0.457421,0.812331,0.196672,0.388164,0.275672,0.300972,0.706063,0.732904,0.495122,0.094300,0.664510,0.904293,0.287188,0.313559,0.133175,0.719773,0.110450,0.065251,0.699875,0.413643,0.149728,0.389211,0.822906,0.210791,0.206112,0.715768,0.736993,0.757362,0.746686,0.149375,0.517583
SYN_BIGPN_0694,1,0,0,0,0.607971,0.717499,0.624690,0.253331,0.583917,0.741560,0.168551,0.563073,0.902632,0.109868,0.490682,0.843437,0.162950,0.245776,0.514629,0.817654,0.086485,0.642148,0.153757,0.338577,0.571213,0.077384,0.166336,0.816273,0.077604,0.206572,0.755552,0.468180,0.756612,0.397145,0.349503,0.645975,0.545257,0.182432,0.275989,0.303275,0.551144,0.197892,0.398994,0.335808,0.418957,0.893405,0.270921,0.600280,0.060142,0.198284,0.232918,0.925447,0.250889,0.273009,0.669708,0.283958,0.772354,0.499960,0.494815,0.512988,0.431919,0.194136,0.690790,0.842926,0.274459,0.248335,0.604858,0.701367,0.391512,0.604431,0.805034,0.912057,0.096452,0.198153,0.671073,0.682280,0.517216,0.164369,0.639517,0.193150,0.518414,0.667104,0.069601,0.280016,0.579005,0.572594,0.336543,0.845266,0.281986,0.525164,0.242438,0.545744,0.102751,0.852143,0.277203,0.330387,0.474315,0.286810,0.568122,0.177950,0.554116,0.932975,0.429636,0.260173,0.941508,0.941085,0.946106,0.190443,0.928471,0.443900,0.874402,0.400525,0.107781,0.444318,0.268405,0.863678,0.923284
SYN_BIGPN_0695,0,0,1,1,0.618267,0.256626,0.686217,0.944997,0.792522,0.170775,0.768031,0.870417,0.295533,0.073785,0.177932,0.374482,0.052977,0.852839,0.541403,0.107840,0.805770,0.119495,0.053671,0.576621,0.081890,0.917086,0.453553,0.645305,0.198291,0.582293,0.435985,0.884063,0.532244,0.354204,0.367491,0.066814,0.107335,0.806658,0.422968,0.713805,0.894065,0.841275,0.163267,0.142565,0.933137,0.453045,0.363896,0.865300,0.129096,0.670498,0.821150,0.785542,0.253726,0.407350,0.520107,0.439307,0.265972,0.205404,0.898443,0.389188,0.456720,0.700735,0.741931,0.069446,0.510479,0.195223,0.755815,0.810863,0.424693,0.564191,0.637693,0.724685,0.325205,0.283846,0.428524,0.290477,0.326330,0.758174,0.791506,0.367064,0.445213,0.161635,0.136645,0.400887,0.189863,0.724133,0.508840,0.387924,0.884174,0.839460,0.571398,0.763505,0.148019,0.687430,0.881546,0.488657,0.674801,0.279868,0.116692,0.890874,0.867807,0.791442,0.262376,0.440904,0.787779,0.217276,0.126322,0.081292,0.678828,0.922006,0.206369,0.556859,0.426803,0.866165,0.272975,0.516652,0.680325
SYN_BIGPN_0696,1,0,1,1,0.534624,0.727068,0.767546,0.383920,0.566005,0.385011,0.731365,0.666617,0.598371,0.602754,0.328257,0.667996,0.726164,0.644142,0.824248,0.723460,0.941779,0.718372,0.223620,0.216943,0.469543,0.352638,0.122549,0.261299,0.906570,0.370835,0.677006,0.440234,0.412205,0.890279,0.352076,0.807630,0.861475,0.147807,0.737665,0.937805,0.214211,0.772309,0.255410,0.533197,0.687158,0.312573,0.076820,0.839784,0.054389,0.524897,0.702373,0.717490,0.589643,0.687250,0.802013,0.218510,0.383676,0.224892,0.743022,0.374341,0.051448,0.101662,0.220840,0.253749,0.446276,0.618929,0.347993,0.183534,0.394295,0.074917,0.656076,0.442086,0.270797,0.141089,0.239822,0.520394,0.286740,0.119673,0.205289,0.619717,0.113344,0.688190,0.265055,0.942090,0.064526,0.408764,0.207913,0.248478,0.700798,0.438671,0.448909,0.365638,0.718882,0.126818,0.564058,0.695607,0.298683,0.354239,0.865382,0.823781,0.382713,0.798363,0.534387,0.292270,0.716020,0.888211,0.233538,0.674672,0.635085,0.920873,0.644102,0.373416,0.322175,0.495542,0.927271,0.508263,0.794313
SYN_BIGPN_0697,1,0,1,0,0.641177,0.743841,0.220337,0.937702,0.606098,0.149446,0.607215,0.634021,0.123782,0.579459,0.604605,0.277457,0.103420,0.052815,0.150969,0.167638,0.897273,0.480772,0.832575,0.687390,0.282165,0.768187,0.390494,0.764978,0.243108,0.760204,0.156965,0.635053,0.190859,0.355404,0.526289,0.813724,0.934885,0.447977,0.448333,0.663432,0.788473,0.367657,0.650989,0.476261,0.207287,0.610022,0.412113,0.517439,0.722208,0.927167,0.568612,0.562349,0.675878,0.912831,0.335176,0.176179,0.419485,0.883458,0.757491,0.708800,0.401078,0.808657,0.077561,0.371354,0.352646,0.547024,0.441516,0.551582,0.236380,0.582945,0.722520,0.514798,0.425522,0.642538,0.786069,0.065823,0.446390,0.150760,0.596161,0.286145,0.403405,0.393939,0.309333,0.669493,0.245382,0.074643,0.083328,0.681568,0.180491,0.496727,0.730748,0.248578,0.588137,0.057549,0.191961,0.106391,0.651841,0.632497,0.577726,0.253122,0.222108,0.839008,0.210151,0.503176,0.597947,0.726344,0.936636,0.626783,0.758261,0.830094,0.278243,0.700369,0.495220,0.524060,0.349863,0.662301,0.127245
SYN_BIGPN_0698,0,0,1,1,0.403370,0.673984,0.222007,0.136543,0.187844,0.488539,0.371456,0.907287,0.811150,0.753575,0.195848,0.382077,0.678139,0.378452,0.378312,0.365329,0.270433,0.707340,0.940144,0.228661,0.723305,0.110581,0.413097,0.788956,0.150568,0.229428,0.754769,0.802353,0.406724,0.836366,0.054871,0.449729,0.123580,0.595988,0.095414,0.157416,0.767707,0.096178,0.723783,0.371875,0.631735,0.857492,0.554791,0.552384,0.486665,0.234619,0.753494,0.184287,0.494593,0.613489,0.736665,0.635775,0.546944,0.106318,0.328612,0.490274,0.475929,0.202706,0.867619,0.354644,0.293950,0.684733,0.680000,0.500850,0.815084,0.139382,0.477495,0.605201,0.665887,0.146517,0.347710,0.825983,0.521093,0.086480,0.867290,0.161804,0.137651,0.796375,0.159006,0.919815,0.653583,0.484043,0.419787,0.780789,0.700888,0.540897,0.625628,0.447171,0.759312,0.608252,0.478905,0.239806,0.269409,0.421482,0.317211,0.057570,0.374403,0.124286,0.090866,0.639791,0.194672,0.711512,0.836404,0.485966,0.403599,0.198453,0.528024,0.248326,0.178883,0.702575,0.930448,0.276258,0.078090
SYN_BIGPN_0699,0,0,0,1,0.419082,0.536637,0.632927,0.247497,0.943411,0.294707,0.452875,0.301272,0.791071,0.258225,0.656291,0.582162,0.134018,0.850979,0.271323,0.632716,0.543066,0.609155,0.286117,0.778017,0.401045,0.939366,0.904206,0.067418,0.077142,0.184764,0.281243,0.060224,0.524327,0.385474,0.645431,0.271953,0.129261,0.471778,0.905854,0.771733,0.414503,0.678397,0.058153,0.280018,0.645742,0.320974,0.675487,0.734693,0.080377,0.733654,0.927831,0.549069,0.474844,0.809061,0.843452,0.685655,0.208789,0.572138,0.195011,0.576471,0.629901,0.244651,0.825950,0.916260,0.222433,0.115550,0.867857,0.381226,0.406902,0.214720,0.444774,0.066504,0.560685,0.178254,0.476950,0.790589,0.441058,0.379879,0.818714,0.546260,0.171042,0.845017,0.714151,0.790872,0.553596,0.188786,0.657576,0.589311,0.597452,0.147979,0.565052,0.923678,0.316630,0.239736,0.254671,0.091725,0.854770,0.570402,0.762552,0.794983,0.472256,0.528625,0.877231,0.490287,0.272011,0.643066,0.915795,0.298982,0.117734,0.268576,0.713498,0.483914,0.141605,0.881601,0.455099,0.744308,0.333041
SYN_BIGPN_0700,1,1,1,1,0.741494,0.380655,0.784042,0.420034,0.465074,0.752385,0.067852,0.876360,0.683890,0.917548,0.195512,0.142277,0.601235,0.777206,0.118609,0.547303,0.240106,0.896070,0.473721,0.075857,0.832576,0.560043,0.692096,0.913632,0.304112,0.123421,0.646670,0.471086,0.568357,0.850637,0.747733,0.381373,0.163285,0.938057,0.733549,0.869598,0.111518,0.289275,0.727899,0.559133,0.843385,0.070475,0.730982,0.201188,0.666806,0.336325,0.754025,0.069308,0.443926,0.902092,0.155948,0.236024,0.454448,0.897009,0.571508,0.280239,0.713256,0.820793,0.324995,0.412371,0.634006,0.700930,0.372979,0.525575,0.188276,0.674797,0.255295,0.877452,0.461059,0.154607,0.348063,0.573191,0.349451,0.237000,0.862840,0.557704,0.235254,0.364406,0.265170,0.440167,0.421812,0.614816,0.400606,0.081329,0.365554,0.932698,0.241987,0.548916,0.738582,0.452033,0.430705,0.254688,0.396364,0.756122,0.896540,0.093050,0.936462,0.067472,0.731831,0.292124,0.260805,0.412644,0.892111,0.551902,0.812454,0.919655,0.715504,0.739573,0.724332,0.885151,0.694931,0.117929,0.252507
SYN_BIGPN_0701,1,1,1,0,0.721803,0.891692,0.816263,0.858326,0.220736,0.165560,0.132746,0.331677,0.238062,0.785887,0.811978,0.895807,0.140872,0.316556,0.327358,0.698228,0.125345,0.246169,0.595421,0.587376,0.900427,0.338499,0.439272,0.167735,0.302854,0.898335,0.359734,0.852140,0.561420,0.227023,0.705108,0.404715,0.696292,0.174505,0.459151,0.392988,0.215118,0.542652,0.644216,0.366062,0.739433,0.067981,0.340480,0.610316,0.235763,0.644249,0.639854,0.593048,0.861291,0.337630,0.574249,0.065598,0.877358,0.487123,0.149876,0.132432,0.929327,0.459194,0.871457,0.811989,0.712105,0.130993,0.137007,0.583922,0.324557,0.707003,0.694818,0.223214,0.933777,0.842260,0.733668,0.195969,0.341899,0.387162,0.695370,0.675416,0.079232,0.191945,0.915122,0.776586,0.216202,0.657447,0.624115,0.527466,0.565216,0.260260,0.253601,0.779055,0.933019,0.895127,0.483257,0.209868,0.889350,0.230501,0.606537,0.168132,0.355363,0.695331,0.627509,0.772077,0.859111,0.731636,0.340164,0.374139,0.464917,0.052098,0.564454,0.745173,0.713776,0.743610,0.493983,0.859074,0.632658
SYN_BIGPN_0702,1,1,0,1,0.237756,0.148458,0.828297,0.947028,0.477038,0.341557,0.641070,0.426672,0.617520,0.712740,0.538654,0.624525,0.836785,0.430412,0.058793,0.527148,0.789363,0.596430,0.791082,0.071547,0.544370,0.152347,0.519508,0.591087,0.380170,0.098107,0.530834,0.659594,0.451018,0.906233,0.562025,0.342820,0.099301,0.827800,0.152259,0.070415,0.698471,0.518272,0.838919,0.075586,0.066248,0.768307,0.137179,0.341160,0.902442,0.313744,0.763598,0.532882,0.644424,0.897161,0.234725,0.223776,0.562954,0.678903,0.270701,0.227568,0.532129,0.534444,0.281019,0.198953,0.753496,0.494549,0.435095,0.936654,0.489716,0.770696,0.465669,0.232769,0.780716,0.599577,0.792953,0.377718,0.554665,0.660917,0.515390,0.380839,0.587404,0.666490,0.939942,0.724903,0.471264,0.367735,0.317361,0.551178,0.622416,0.866911,0.871514,0.190769,0.774382,0.252197,0.098171,0.437965,0.103243,0.427567,0.555194,0.387960,0.819967,0.227572,0.518478,0.118430,0.704277,0.170887,0.787693,0.083204,0.806274,0.776186,0.844992,0.294922,0.385116,0.570873,0.529685,0.529000,0.057828
SYN_BIGPN_0703,1,0,1,1,0.230471,0.621967,0.526630,0.382952,0.581036,0.423567,0.065639,0.913816,0.922798,0.494097,0.351791,0.617733,0.500359,0.666175,0.432782,0.233603,0.280258,0.746369,0.212487,0.584229,0.283059,0.887816,0.083008,0.764037,0.399138,0.658287,0.133943,0.676415,0.949307,0.855266,0.190249,0.695776,0.548025,0.264063,0.457953,0.256631,0.136362,0.587147,0.729508,0.509095,0.091278,0.659928,0.467109,0.603000,0.581109,0.402730,0.378002,0.926481,0.283657,0.211966,0.584967,0.870465,0.843093,0.839232,0.495092,0.515703,0.194089,0.562563,0.416585,0.438333,0.925391,0.115492,0.865698,0.925034,0.258767,0.326567,0.494862,0.769258,0.892551,0.587580,0.260308,0.765466,0.633903,0.178334,0.673731,0.573840,0.457157,0.054826,0.819288,0.925163,0.388489,0.153387,0.338128,0.929359,0.756476,0.292193,0.327972,0.703477,0.800576,0.394546,0.636390,0.906962,0.779415,0.278648,0.181308,0.572344,0.292722,0.287257,0.767231,0.397456,0.800049,0.534136,0.531854,0.395670,0.280757,0.191721,0.152688,0.244000,0.192150,0.111186,0.772295,0.497980,0.797268
SYN_BIGPN_0704,1,1,1,0,0.692636,0.359180,0.148387,0.766100,0.899770,0.746110,0.778243,0.077800,0.538878,0.075094,0.483007,0.069330,0.667819,0.453094,0.684680,0.484845,0.513573,0.383868,0.711501,0.643264,0.359620,0.467187,0.364946,0.682098,0.089019,0.575627,0.802017,0.409134,0.302609,0.788862,0.477990,0.122421,0.321612,0.257133,0.806780,0.349182,0.648204,0.521791,0.118293,0.645348,0.911108,0.595117,0.828153,0.243295,0.844119,0.239479,0.692217,0.156629,0.479818,0.345604,0.613016,0.761863,0.107913,0.844494,0.300025,0.754869,0.884042,0.262272,0.854353,0.156484,0.548522,0.938252,0.457696,0.489643,0.147247,0.225516,0.480089,0.825135,0.877433,0.409643,0.654147,0.352562,0.320919,0.583075,0.146830,0.113320,0.743652,0.306910,0.517927,0.822426,0.851811,0.656613,0.829284,0.949383,0.938242,0.149422,0.643102,0.539769,0.752435,0.851692,0.805839,0.364334,0.907220,0.341243,0.449096,0.719027,0.840642,0.673963,0.294626,0.736633,0.160183,0.460985,0.617846,0.913889,0.421004,0.156967,0.561739,0.687798,0.338710,0.696822,0.172835,0.635038,0.698219
SYN_BIGPN_0705,1,0,0,1,0.149763,0.875702,0.742600,0.296343,0.505135,0.124975,0.280147,0.204632,0.802614,0.780633,0.773912,0.635000,0.236988,0.218420,0.884309,0.238627,0.145836,0.864501,0.423556,0.226824,0.742828,0.223124,0.908903,0.842046,0.491978,0.097730,0.461787,0.355358,0.833064,0.202152,0.303362,0.331235,0.867448,0.848337,0.192322,0.326195,0.332945,0.164066,0.617772,0.151361,0.461296,0.385806,0.576660,0.670020,0.372417,0.682891,0.269232,0.056180,0.145125,0.892502,0.064929,0.922741,0.363574,0.536569,0.489243,0.949265,0.572298,0.258630,0.461460,0.803991,0.841110,0.819318,0.090582,0.512652,0.363852,0.563919,0.118300,0.261285,0.801728,0.390451,0.543074,0.352420,0.401379,0.833198,0.357962,0.556584,0.278835,0.392231,0.103722,0.468503,0.542034,0.139419,0.796603,0.602065,0.638469,0.305911,0.612008,0.483352,0.611183,0.731822,0.181765,0.944865,0.260732,0.878571,0.243456,0.550596,0.721522,0.734341,0.491625,0.676040,0.793454,0.715225,0.205142,0.926766,0.901096,0.915876,0.610183,0.657772,0.487576,0.578820,0.835796,0.599072,0.521376
SYN_BIGPN_0706,1,1,1,0,0.125794,0.870598,0.459112,0.163498,0.248680,0.298392,0.554254,0.401869,0.743182,0.344985,0.609973,0.582383,0.471539,0.187801,0.354300,0.838967,0.083268,0.652236,0.621648,0.666815,0.711027,0.327882,0.486366,0.285429,0.745482,0.156077,0.290713,0.098932,0.607055,0.483498,0.246287,0.145462,0.183501,0.716273,0.852902,0.624171,0.286887,0.062004,0.249590,0.384608,0.431289,0.469170,0.731879,0.522589,0.634021,0.673576,0.431927,0.307970,0.939766,0.630461,0.291876,0.497965,0.596952,0.560243,0.288686,0.646637,0.069894,0.728797,0.459711,0.894854,0.073574,0.573507,0.937959,0.646589,0.424020,0.170754,0.815174,0.803001,0.303996,0.371309,0.310492,0.694254,0.841070,0.508909,0.055871,0.940719,0.820220,0.833391,0.796589,0.635610,0.771222,0.106117,0.101049,0.068552,0.618378,0.582755,0.659214,0.705705,0.592678,0.630460,0.718158,0.416439,0.583591,0.689139,0.347628,0.527391,0.753373,0.810077,0.627441,0.473677,0.091115,0.887086,0.729790,0.351002,0.559897,0.506544,0.943339,0.442396,0.435838,0.417555,0.546372,0.679853,0.904861
SYN_BIGPN_0707,0,1,1,1,0.090992,0.867366,0.837069,0.220484,0.243356,0.175325,0.734018,0.371288,0.146676,0.265936,0.122864,0.850357,0.613362,0.673239,0.618765,0.937531,0.663079,0.712325,0.554309,0.842534,0.759852,0.495381,0.291277,0.152967,0.867322,0.698807,0.800497,0.622075,0.553742,0.863510,0.168227,0.448094,0.262478,0.587398,0.905708,0.932862,0.323226,0.639852,0.334521,0.298977,0.786421,0.205777,0.811393,0.522739,0.180478,0.531296,0.177641,0.680349,0.158868,0.159789,0.093544,0.184744,0.774626,0.470853,0.628113,0.638839,0.390780,0.666895,0.419695,0.670692,0.674786,0.433861,0.816521,0.217036,0.794629,0.604826,0.218355,0.470045,0.208893,0.726343,0.799602,0.127558,0.936794,0.272441,0.747259,0.154228,0.921233,0.097506,0.257445,0.480841,0.224535,0.481856,0.288909,0.465074,0.167307,0.662789,0.294526,0.528655,0.338715,0.313374,0.698810,0.408871,0.190723,0.825865,0.267881,0.711631,0.096479,0.087519,0.232913,0.114160,0.879393,0.481319,0.873612,0.567150,0.238947,0.648128,0.464750,0.672978,0.868114,0.847539,0.154847,0.393839,0.622231
SYN_BIGPN_0708,1,0,0,0,0.864469,0.798453,0.513012,0.840847,0.442527,0.051221,0.669879,0.885697,0.649268,0.626964,0.197514,0.944719,0.584205,0.911485,0.319449,0.664724,0.456168,0.098261,0.138300,0.289784,0.061145,0.487284,0.197164,0.559610,0.556469,0.800205,0.556910,0.422297,0.659149,0.866143,0.059670,0.507085,0.248105,0.651665,0.204078,0.897470,0.769725,0.195858,0.349188,0.208351,0.352375,0.070393,0.613409,0.607740,0.710371,0.120394,0.349918,0.527579,0.841435,0.429518,0.769851,0.663040,0.731116,0.809743,0.632716,0.637659,0.202900,0.368517,0.913601,0.358867,0.704049,0.072719,0.349850,0.118941,0.407476,0.339810,0.278105,0.348085,0.111107,0.344346,0.386185,0.552834,0.452044,0.930229,0.362364,0.310901,0.246253,0.288724,0.490744,0.249929,0.365579,0.143766,0.917472,0.877026,0.426046,0.216157,0.769068,0.927432,0.770177,0.813405,0.716260,0.507185,0.686271,0.187059,0.862629,0.761696,0.140352,0.241185,0.420876,0.447001,0.181908,0.943831,0.697209,0.909760,0.168025,0.465216,0.782841,0.715345,0.689069,0.330474,0.768021,0.132468,0.796882
SYN_BIGPN_0709,0,1,0,1,0.718732,0.859491,0.754710,0.725917,0.360129,0.242115,0.942082,0.758319,0.185045,0.587942,0.777020,0.421714,0.286463,0.232839,0.438878,0.948416,0.930594,0.856564,0.060599,0.915570,0.445154,0.064659,0.053862,0.332757,0.775468,0.067963,0.916161,0.260529,0.927496,0.094484,0.188537,0.811888,0.492497,0.068068,0.679101,0.187865,0.563358,0.419899,0.540701,0.510008,0.910437,0.407618,0.931310,0.300668,0.209072,0.374435,0.125465,0.344614,0.061354,0.767976,0.765626,0.117459,0.418196,0.560544,0.944424,0.340910,0.715137,0.708687,0.938148,0.630950,0.788037,0.392616,0.156731,0.198652,0.197428,0.842990,0.483208,0.189212,0.922158,0.512382,0.570979,0.856851,0.929411,0.920034,0.239780,0.230136,0.633742,0.245245,0.246219,0.750073,0.378926,0.907189,0.738791,0.636468,0.206143,0.526823,0.132144,0.126552,0.293185,0.623377,0.435071,0.563784,0.153837,0.637531,0.757736,0.864932,0.585119,0.778208,0.376421,0.088082,0.112094,0.063258,0.766634,0.536393,0.310084,0.308888,0.888411,0.066142,0.432685,0.860845,0.388360,0.440728,0.199724
SYN_BIGPN_0710,0,0,1,0,0.533836,0.770780,0.198546,0.715641,0.373011,0.593804,0.305673,0.682024,0.707427,0.340613,0.062788,0.793949,0.860473,0.145603,0.501726,0.070789,0.935796,0.355515,0.257645,0.732242,0.417849,0.275008,0.857555,0.382985,0.652655,0.886810,0.155577,0.086940,0.240301,0.254209,0.727129,0.360840,0.419829,0.401575,0.898278,0.585608,0.170995,0.705273,0.120424,0.709428,0.623985,0.266811,0.671660,0.350302,0.210446,0.519452,0.211369,0.592331,0.455373,0.615334,0.770245,0.780917,0.305742,0.906827,0.776864,0.322504,0.602071,0.618884,0.838930,0.219877,0.639100,0.679965,0.859751,0.746304,0.447934,0.102353,0.054868,0.748428,0.746106,0.169074,0.534659,0.794898,0.774052,0.932653,0.272972,0.406743,0.054384,0.935934,0.742340,0.884141,0.203537,0.226290,0.715676,0.129441,0.418916,0.371925,0.859470,0.771512,0.853427,0.631981,0.497761,0.658953,0.356278,0.371836,0.283646,0.298518,0.831904,0.189833,0.226118,0.081040,0.877416,0.940882,0.082743,0.182184,0.664808,0.623015,0.707932,0.862300,0.618652,0.758066,0.371315,0.181162,0.298042
SYN_BIGPN_0711,1,1,1,0,0.650990,0.114250,0.810740,0.500852,0.605842,0.741609,0.508473,0.663860,0.733456,0.084222,0.075299,0.169912,0.183594,0.814595,0.164100,0.843380,0.238872,0.937803,0.706509,0.907403,0.883306,0.195364,0.657845,0.201238,0.187923,0.314368,0.841444,0.591497,0.723444,0.060950,0.728844,0.158478,0.806204,0.357359,0.612060,0.853772,0.245674,0.884985,0.880254,0.365996,0.748725,0.522510,0.703990,0.533633,0.624799,0.245704,0.069948,0.134790,0.293241,0.598874,0.678682,0.299935,0.314813,0.717170,0.774703,0.543954,0.417163,0.108191,0.519023,0.122132,0.341136,0.244036,0.603068,0.709582,0.793044,0.521143,0.894725,0.358248,0.512139,0.444234,0.218515,0.896978,0.501899,0.943365,0.892511,0.913729,0.287463,0.275782,0.220338,0.612722,0.887237,0.056999,0.129379,0.658916,0.208680,0.529543,0.365845,0.065413,0.314277,0.191465,0.661599,0.387421,0.814802,0.780653,0.117667,0.600370,0.695800,0.155750,0.226837,0.174680,0.467232,0.941009,0.284911,0.828737,0.839499,0.334958,0.699298,0.931739,0.244490,0.568426,0.665912,0.390028,0.203834
SYN_BIGPN_0712,0,0,0,0,0.643013,0.143406,0.451969,0.443266,0.946241,0.715795,0.747267,0.897145,0.379641,0.535908,0.284027,0.686391,0.407168,0.385265,0.481915,0.528666,0.340841,0.587624,0.127390,0.315226,0.290669,0.747349,0.437912,0.282763,0.400581,0.431012,0.071427,0.426256,0.347920,0.380219,0.683310,0.290389,0.495430,0.184137,0.107126,0.543689,0.712333,0.706792,0.586019,0.345066,0.252877,0.867171,0.672520,0.340247,0.273812,0.543967,0.364369,0.791589,0.268088,0.243457,0.160576,0.078047,0.055011,0.141525,0.852550,0.726235,0.059284,0.856896,0.814775,0.835026,0.451515,0.442845,0.135929,0.290125,0.767176,0.289484,0.485643,0.502032,0.900964,0.466500,0.927501,0.234011,0.723813,0.323984,0.490030,0.618736,0.892125,0.070246,0.943316,0.826641,0.512247,0.874098,0.215882,0.308403,0.344726,0.907452,0.113060,0.592723,0.692009,0.059147,0.310244,0.413869,0.343051,0.212549,0.116282,0.714715,0.468791,0.730164,0.278573,0.926647,0.510607,0.355187,0.052735,0.383809,0.225382,0.781063,0.491431,0.787768,0.383015,0.402173,0.279694,0.321102,0.429424
SYN_BIGPN_0713,0,0,0,1,0.448105,0.549744,0.111844,0.496843,0.290157,0.459855,0.782714,0.401691,0.904609,0.194041,0.269138,0.315724,0.157524,0.510671,0.516338,0.081645,0.203269,0.917066,0.219308,0.238220,0.475736,0.315264,0.341104,0.686947,0.894362,0.125589,0.286855,0.933385,0.340575,0.354577,0.226298,0.890727,0.778915,0.095786,0.498156,0.780952,0.131298,0.765014,0.519312,0.139904,0.795830,0.748266,0.608429,0.573949,0.529822,0.635546,0.777482,0.222982,0.568609,0.391199,0.073523,0.888833,0.333053,0.373154,0.443279,0.368748,0.910040,0.272195,0.620209,0.146236,0.731708,0.379278,0.437939,0.565932,0.464842,0.947222,0.097947,0.689653,0.086636,0.332748,0.093500,0.488071,0.853059,0.247817,0.425508,0.807893,0.095068,0.522952,0.635176,0.251200,0.365857,0.436285,0.888486,0.324342,0.336634,0.218882,0.303358,0.529928,0.589061,0.677098,0.609021,0.801787,0.265830,0.073389,0.336653,0.105352,0.338203,0.519959,0.113825,0.220255,0.682820,0.149302,0.512238,0.660842,0.140648,0.883650,0.682158,0.179535,0.662747,0.451781,0.490526,0.895614,0.398625
SYN_BIGPN_0714,1,1,1,0,0.292233,0.230341,0.166143,0.105233,0.517277,0.943757,0.323537,0.141987,0.279656,0.517268,0.904379,0.242279,0.150468,0.869714,0.062793,0.078497,0.204305,0.649240,0.914487,0.193968,0.749381,0.512922,0.172145,0.839630,0.623977,0.391708,0.096782,0.072005,0.888773,0.735133,0.387381,0.438352,0.590586,0.317555,0.210184,0.159704,0.123326,0.776775,0.488646,0.278786,0.701544,0.333651,0.379164,0.696014,0.279389,0.424232,0.424800,0.650167,0.679838,0.136386,0.256631,0.831751,0.778143,0.512983,0.542275,0.570067,0.390465,0.288257,0.819210,0.334417,0.514441,0.130729,0.877827,0.730123,0.745607,0.546019,0.139073,0.148931,0.784324,0.812892,0.906408,0.313718,0.176243,0.321824,0.394114,0.381763,0.838885,0.433875,0.783346,0.525204,0.447508,0.566601,0.859294,0.885082,0.414363,0.055319,0.927728,0.052220,0.342620,0.509501,0.688279,0.320371,0.516085,0.318843,0.644075,0.320678,0.320254,0.664797,0.518184,0.301258,0.512593,0.720521,0.217924,0.900407,0.334394,0.278136,0.476936,0.612850,0.746916,0.585670,0.639150,0.909808,0.057020
SYN_BIGPN_0715,0,0,0,0,0.693228,0.267906,0.154028,0.135599,0.520073,0.376489,0.531125,0.842058,0.782504,0.916168,0.796550,0.854860,0.932426,0.800822,0.372016,0.663814,0.286460,0.949679,0.288462,0.478564,0.683059,0.825751,0.291252,0.680450,0.276089,0.936280,0.080354,0.424899,0.624020,0.305024,0.303534,0.764814,0.733169,0.172786,0.111287,0.252683,0.255336,0.601263,0.921513,0.211831,0.145464,0.636004,0.897609,0.136393,0.852579,0.074778,0.492871,0.936432,0.761967,0.253023,0.305187,0.239976,0.140885,0.919492,0.089424,0.726547,0.711175,0.804457,0.333607,0.933849,0.800472,0.134200,0.269736,0.665617,0.858287,0.446387,0.746859,0.117478,0.065635,0.811625,0.357009,0.198469,0.409116,0.681142,0.469742,0.078023,0.686906,0.682993,0.819554,0.323109,0.844357,0.252884,0.767499,0.369712,0.839140,0.536390,0.217102,0.695059,0.529087,0.112494,0.188891,0.562100,0.711735,0.261901,0.891264,0.600712,0.468090,0.672004,0.520016,0.159189,0.486418,0.325430,0.575051,0.528165,0.849543,0.753674,0.823401,0.764353,0.716690,0.900209,0.252982,0.236100,0.062483
SYN_BIGPN_0716,1,0,1,0,0.771441,0.372949,0.475397,0.353016,0.184784,0.759026,0.804807,0.820631,0.537903,0.531009,0.622174,0.370668,0.234803,0.671968,0.542442,0.522478,0.937613,0.282309,0.451933,0.494352,0.828300,0.889659,0.851516,0.788255,0.409602,0.618930,0.160580,0.214209,0.143404,0.506000,0.724022,0.772473,0.869055,0.129120,0.412490,0.847863,0.446239,0.921365,0.633239,0.359939,0.400936,0.285197,0.742872,0.325907,0.760002,0.723552,0.297368,0.319743,0.511756,0.547044,0.552318,0.503142,0.909817,0.653855,0.375836,0.379247,0.428026,0.777501,0.529588,0.220067,0.301142,0.179514,0.064729,0.634546,0.686197,0.240322,0.499367,0.166932,0.634350,0.362686,0.063212,0.402263,0.906604,0.276673,0.202965,0.766374,0.335521,0.546695,0.546670,0.082067,0.838369,0.121210,0.259177,0.090633,0.307488,0.430362,0.504190,0.402374,0.737406,0.803499,0.576438,0.814612,0.570681,0.185029,0.217448,0.275356,0.526677,0.317556,0.085808,0.550771,0.333084,0.293002,0.755339,0.695701,0.539878,0.863933,0.381271,0.684348,0.302816,0.929801,0.721444,0.423853,0.574619
SYN_BIGPN_0717,1,1,0,1,0.326153,0.221966,0.842935,0.189813,0.070424,0.736225,0.569342,0.454950,0.436366,0.064057,0.868695,0.739141,0.924594,0.782465,0.330214,0.532706,0.682346,0.665897,0.635988,0.309506,0.464033,0.649453,0.131663,0.252462,0.149252,0.312799,0.533804,0.358391,0.603709,0.792627,0.101087,0.664148,0.802850,0.782054,0.466914,0.545808,0.860242,0.434295,0.903339,0.577083,0.874022,0.485463,0.403921,0.634157,0.874070,0.632586,0.397938,0.163017,0.528086,0.162659,0.791071,0.938250,0.413729,0.198999,0.272465,0.530440,0.110296,0.823550,0.451349,0.115675,0.647625,0.785787,0.428659,0.927549,0.082814,0.285379,0.360153,0.105538,0.334647,0.409692,0.290054,0.897094,0.755087,0.852197,0.576139,0.925684,0.549235,0.249820,0.908318,0.739003,0.843329,0.485666,0.344426,0.587557,0.552611,0.930223,0.753819,0.312493,0.910546,0.769886,0.755505,0.574573,0.275461,0.547310,0.856838,0.057935,0.931619,0.318358,0.758518,0.321429,0.793314,0.401410,0.680512,0.732841,0.575937,0.863168,0.908795,0.422813,0.771818,0.629425,0.179536,0.670582,0.684027
SYN_BIGPN_0718,1,0,1,0,0.465490,0.333987,0.569286,0.306670,0.377894,0.908436,0.844171,0.316799,0.301448,0.458143,0.864412,0.199141,0.628445,0.872905,0.226132,0.520135,0.374436,0.767406,0.881122,0.753476,0.576057,0.782189,0.646596,0.691252,0.313331,0.116073,0.680359,0.478614,0.810658,0.057476,0.943733,0.190952,0.574266,0.549361,0.202271,0.227411,0.498911,0.165381,0.481799,0.862164,0.694398,0.182044,0.209509,0.883364,0.747197,0.584716,0.610646,0.599515,0.500185,0.269243,0.647701,0.378072,0.560345,0.530432,0.838585,0.745919,0.305096,0.518984,0.286174,0.529570,0.911742,0.632639,0.160753,0.933229,0.068986,0.681592,0.223817,0.909367,0.424547,0.114440,0.066825,0.808537,0.897051,0.800740,0.633319,0.578254,0.058457,0.737758,0.368996,0.537004,0.572679,0.943273,0.609872,0.274346,0.234846,0.370988,0.882553,0.152520,0.610248,0.155540,0.181809,0.173279,0.304956,0.114925,0.050887,0.326019,0.113984,0.138407,0.883097,0.288405,0.772879,0.789353,0.364671,0.278560,0.624032,0.766760,0.811043,0.313764,0.361955,0.266228,0.148140,0.843729,0.478541
SYN_BIGPN_0719,0,1,1,1,0.418902,0.385705,0.063404,0.082123,0.215943,0.783657,0.647262,0.577020,0.243810,0.627511,0.357194,0.453987,0.055518,0.941359,0.396578,0.227714,0.141375,0.688175,0.409321,0.588099,0.759236,0.688559,0.480787,0.791876,0.740169,0.777634,0.866790,0.587976,0.807521,0.902190,0.816311,0.904236,0.815781,0.530304,0.230753,0.094999,0.099398,0.944127,0.276617,0.160360,0.264420,0.336411,0.284860,0.099467,0.265786,0.211104,0.331566,0.850652,0.843564,0.672695,0.279644,0.727531,0.297494,0.210676,0.546967,0.109449,0.698471,0.656915,0.638346,0.670462,0.410720,0.513661,0.708596,0.937722,0.386427,0.618391,0.138802,0.238260,0.455389,0.689963,0.194907,0.623876,0.086139,0.685283,0.384949,0.311628,0.216327,0.888786,0.275898,0.251501,0.729899,0.065166,0.330681,0.881284,0.822641,0.606599,0.150662,0.846352,0.426318,0.844424,0.855489,0.311990,0.875522,0.561667,0.528784,0.590351,0.919515,0.463373,0.563099,0.151548,0.060658,0.600853,0.587206,0.720603,0.561138,0.759558,0.774316,0.370152,0.871685,0.365044,0.719302,0.768693,0.408804
SYN_BIGPN_0720,1,0,0,1,0.512143,0.360761,0.607487,0.725842,0.098982,0.924622,0.443239,0.239806,0.702682,0.242570,0.051133,0.757866,0.710617,0.863630,0.868482,0.544197,0.223400,0.122964,0.889387,0.175309,0.387472,0.099295,0.079941,0.599227,0.103904,0.772432,0.816366,0.879338,0.653214,0.343363,0.133179,0.613311,0.728994,0.828843,0.450656,0.724779,0.577701,0.177448,0.284118,0.224338,0.934550,0.913109,0.903382,0.621847,0.148174,0.784323,0.367434,0.223430,0.868517,0.262612,0.212090,0.696591,0.666257,0.548252,0.457806,0.589827,0.462782,0.765981,0.884712,0.181264,0.148155,0.749500,0.402389,0.740381,0.626238,0.411582,0.905371,0.365757,0.325566,0.281804,0.571804,0.658150,0.451260,0.660687,0.570942,0.385926,0.410107,0.940499,0.127215,0.061083,0.286226,0.549667,0.069092,0.116025,0.640896,0.109508,0.231532,0.126229,0.337240,0.212096,0.948774,0.616206,0.271248,0.721278,0.933675,0.577907,0.682415,0.051067,0.905938,0.305527,0.819350,0.082401,0.639743,0.224262,0.697796,0.125862,0.549849,0.157692,0.384447,0.338575,0.230953,0.949796,0.843654
SYN_BIGPN_0721,1,0,0,1,0.356132,0.427285,0.282240,0.368329,0.399026,0.260790,0.908823,0.575687,0.417077,0.879324,0.660133,0.716622,0.647889,0.498708,0.054231,0.744760,0.444014,0.679219,0.900701,0.780754,0.531360,0.074001,0.763416,0.070976,0.570066,0.854811,0.551629,0.870308,0.862982,0.290040,0.396895,0.333309,0.764049,0.273951,0.338318,0.066145,0.206949,0.166951,0.118400,0.749377,0.910726,0.438693,0.386847,0.905240,0.290833,0.795850,0.415869,0.394482,0.233567,0.687810,0.445046,0.575903,0.358851,0.760162,0.834076,0.302580,0.855034,0.454772,0.425429,0.592750,0.896840,0.659114,0.166817,0.080278,0.515637,0.692518,0.578688,0.143237,0.723329,0.690822,0.221678,0.664956,0.828355,0.440402,0.219728,0.745200,0.142705,0.249009,0.278967,0.734096,0.351749,0.927398,0.747068,0.158676,0.405263,0.099201,0.713929,0.812221,0.840358,0.566336,0.407425,0.871076,0.488899,0.911326,0.846648,0.165983,0.725795,0.179891,0.269666,0.938651,0.443993,0.084526,0.805284,0.166186,0.580931,0.652771,0.767187,0.148142,0.620475,0.141730,0.946674,0.212158,0.383211
SYN_BIGPN_0722,0,0,0,0,0.272594,0.167846,0.692386,0.407326,0.904918,0.434144,0.753992,0.922649,0.187678,0.593000,0.803458,0.574898,0.171683,0.106443,0.190333,0.673633,0.568888,0.242057,0.285165,0.240861,0.177466,0.910590,0.603340,0.125839,0.593593,0.228324,0.308324,0.437275,0.647261,0.239506,0.653355,0.891818,0.478401,0.209435,0.532260,0.265006,0.614129,0.279198,0.056570,0.648911,0.614091,0.865186,0.767007,0.712308,0.329277,0.354946,0.787256,0.661399,0.369272,0.586998,0.677860,0.589531,0.155146,0.459866,0.345740,0.418678,0.672459,0.422007,0.438208,0.424711,0.614328,0.289198,0.872839,0.066970,0.349241,0.305430,0.096832,0.899084,0.390044,0.675568,0.264966,0.806788,0.441499,0.551361,0.872314,0.179908,0.445642,0.701495,0.758283,0.735987,0.068095,0.399939,0.689331,0.856588,0.638944,0.087591,0.181118,0.455812,0.158031,0.505053,0.483596,0.539319,0.206955,0.536238,0.531356,0.562771,0.359941,0.203344,0.075001,0.058394,0.754435,0.330540,0.061358,0.845879,0.214642,0.585102,0.558436,0.730920,0.712902,0.412211,0.431336,0.541642,0.883246
SYN_BIGPN_0723,0,1,1,0,0.351477,0.907783,0.882588,0.217949,0.575566,0.711859,0.414420,0.507776,0.142461,0.125111,0.447191,0.566148,0.169093,0.491130,0.466327,0.624149,0.738340,0.229727,0.871686,0.055103,0.221714,0.534772,0.350760,0.932247,0.355358,0.590209,0.224327,0.481587,0.207200,0.126306,0.614582,0.899239,0.409387,0.710661,0.630595,0.805890,0.934730,0.292030,0.942524,0.356473,0.197599,0.052647,0.929095,0.301568,0.676829,0.203670,0.158642,0.240096,0.407074,0.591577,0.160064,0.618430,0.083793,0.608290,0.728550,0.453949,0.735317,0.767964,0.532222,0.086498,0.431512,0.490222,0.851008,0.461949,0.113085,0.586631,0.944129,0.275691,0.149265,0.789656,0.421036,0.533780,0.928001,0.425320,0.326025,0.560864,0.237383,0.599633,0.460644,0.080248,0.314352,0.566515,0.563329,0.586530,0.626606,0.592453,0.551839,0.094282,0.601450,0.077696,0.316089,0.816789,0.457831,0.312011,0.216890,0.611550,0.886154,0.717853,0.746640,0.344781,0.537630,0.592154,0.885292,0.629105,0.219648,0.246436,0.454744,0.798691,0.783628,0.431749,0.567269,0.375643,0.348685
SYN_BIGPN_0724,0,1,1,0,0.894949,0.939747,0.714006,0.132959,0.701552,0.941673,0.802910,0.204926,0.756218,0.648521,0.075014,0.337896,0.656938,0.897729,0.612595,0.066409,0.367149,0.667372,0.868152,0.179864,0.888885,0.070777,0.611425,0.801779,0.381063,0.097242,0.313963,0.258687,0.085528,0.299631,0.189407,0.288574,0.869558,0.730827,0.447034,0.768829,0.280307,0.137222,0.368295,0.747793,0.690490,0.432476,0.263386,0.369956,0.502599,0.319351,0.183434,0.736744,0.927652,0.393159,0.627623,0.329225,0.270457,0.713314,0.618360,0.474635,0.742950,0.653854,0.286818,0.785574,0.644818,0.296709,0.744670,0.377892,0.080163,0.067500,0.533272,0.398410,0.704195,0.094797,0.604699,0.681189,0.929000,0.441239,0.516838,0.371065,0.172822,0.228951,0.689949,0.687620,0.088003,0.584129,0.797244,0.845661,0.871912,0.703299,0.361937,0.888677,0.915927,0.251440,0.154145,0.895234,0.485834,0.381022,0.846557,0.832206,0.718578,0.816140,0.740771,0.486941,0.167787,0.364155,0.137281,0.482230,0.274807,0.843497,0.831036,0.228996,0.460902,0.113590,0.255191,0.179484,0.098175
SYN_BIGPN_0725,0,0,0,0,0.405864,0.556018,0.864410,0.809549,0.148740,0.797166,0.549273,0.914701,0.822420,0.390016,0.902228,0.941653,0.746652,0.148883,0.334730,0.153425,0.309687,0.205847,0.207691,0.937569,0.119255,0.823726,0.598422,0.463967,0.528231,0.259779,0.349685,0.469511,0.502771,0.563932,0.284498,0.220812,0.578890,0.329833,0.930194,0.749912,0.401663,0.441879,0.133023,0.420274,0.241326,0.403112,0.893357,0.876635,0.946831,0.597092,0.518234,0.747738,0.600867,0.779662,0.916471,0.882334,0.577546,0.911562,0.298513,0.667091,0.335766,0.272436,0.433181,0.145390,0.543275,0.168926,0.831665,0.139924,0.465995,0.759536,0.056617,0.653935,0.186898,0.498564,0.791716,0.420245,0.240601,0.077787,0.053634,0.609615,0.442159,0.422305,0.318912,0.159860,0.263400,0.659823,0.617464,0.365379,0.395157,0.477687,0.541216,0.508089,0.163057,0.563279,0.106048,0.550695,0.643425,0.230174,0.163358,0.176066,0.344922,0.567164,0.298168,0.849609,0.437407,0.098945,0.412115,0.826437,0.777763,0.330461,0.530907,0.626027,0.081633,0.098482,0.876776,0.879953,0.182832
SYN_BIGPN_0726,1,1,1,1,0.601716,0.193074,0.581074,0.535696,0.762201,0.629386,0.294247,0.508240,0.205479,0.438735,0.343904,0.305133,0.460560,0.099350,0.836943,0.563753,0.759294,0.630936,0.112793,0.822115,0.252340,0.736285,0.380561,0.833921,0.575051,0.821456,0.169998,0.100323,0.918578,0.159876,0.360063,0.253521,0.388654,0.179264,0.667886,0.315194,0.706161,0.250594,0.756897,0.179818,0.061780,0.100636,0.341628,0.528733,0.371008,0.830242,0.193129,0.860865,0.546505,0.581500,0.328741,0.160538,0.386817,0.216838,0.330944,0.892048,0.316623,0.871637,0.546245,0.912422,0.816027,0.130152,0.498003,0.211202,0.743940,0.174908,0.766192,0.303692,0.312716,0.106951,0.715049,0.688169,0.786607,0.447596,0.686487,0.188293,0.172068,0.457572,0.649834,0.903594,0.133818,0.807565,0.396885,0.732834,0.417486,0.927516,0.374420,0.859122,0.847750,0.398211,0.077665,0.866092,0.247724,0.338464,0.315786,0.220631,0.776775,0.595008,0.092459,0.376825,0.265907,0.068762,0.613379,0.200555,0.690113,0.585001,0.856160,0.272763,0.920875,0.277704,0.218470,0.523026,0.872365
SYN_BIGPN_0727,0,0,0,0,0.550352,0.886062,0.682963,0.284216,0.783819,0.212764,0.437300,0.356852,0.466083,0.609318,0.818517,0.554822,0.720361,0.348291,0.425643,0.198053,0.858603,0.282079,0.100715,0.649590,0.429977,0.762564,0.274248,0.350686,0.323218,0.752586,0.621332,0.259764,0.455498,0.735877,0.457978,0.626152,0.641591,0.267347,0.307458,0.659271,0.901282,0.100681,0.807398,0.592724,0.799622,0.073873,0.127513,0.930170,0.710480,0.515763,0.814587,0.114243,0.583175,0.891803,0.544280,0.679970,0.342633,0.646950,0.222149,0.192356,0.168364,0.799458,0.397263,0.715971,0.790980,0.473480,0.781134,0.060097,0.310150,0.801992,0.085326,0.693510,0.494741,0.192568,0.934330,0.734513,0.755452,0.661554,0.329817,0.433348,0.903641,0.927859,0.050529,0.591076,0.120891,0.099217,0.919269,0.779248,0.171347,0.286360,0.109850,0.551605,0.221216,0.861133,0.507101,0.269462,0.489568,0.096061,0.877403,0.517042,0.782001,0.305388,0.115237,0.771104,0.059076,0.868753,0.490796,0.249353,0.589936,0.585988,0.182655,0.239636,0.855679,0.705527,0.610081,0.373776,0.556289
SYN_BIGPN_0728,0,1,0,1,0.531749,0.837362,0.482050,0.334109,0.127839,0.381557,0.834752,0.668173,0.885574,0.577418,0.641296,0.312405,0.247354,0.118501,0.552666,0.499301,0.201022,0.741859,0.331481,0.753435,0.859432,0.092117,0.176310,0.880304,0.538462,0.215397,0.068147,0.362161,0.872718,0.330033,0.261904,0.798201,0.490681,0.672132,0.871169,0.746276,0.373957,0.886179,0.868032,0.213395,0.823858,0.906930,0.584795,0.357981,0.735861,0.642385,0.503891,0.857878,0.512544,0.852240,0.072143,0.738911,0.860409,0.830442,0.706157,0.220101,0.565719,0.603900,0.247192,0.526083,0.534795,0.093837,0.878209,0.908907,0.180345,0.285222,0.249849,0.167872,0.395533,0.193100,0.526520,0.764442,0.620267,0.522802,0.792933,0.673860,0.319284,0.617165,0.102791,0.861005,0.200692,0.653242,0.898520,0.804575,0.816316,0.235093,0.143647,0.591900,0.194693,0.787750,0.822613,0.189833,0.528959,0.582833,0.690993,0.688176,0.486560,0.914605,0.445594,0.263923,0.496678,0.514400,0.457880,0.297265,0.810504,0.378565,0.765761,0.116913,0.345840,0.269115,0.887051,0.794309,0.151363
SYN_BIGPN_0729,0,1,0,1,0.416735,0.935808,0.763517,0.722329,0.621516,0.068461,0.924874,0.722158,0.454294,0.597226,0.564260,0.786453,0.271705,0.680531,0.185774,0.843176,0.688984,0.626397,0.356634,0.323039,0.111918,0.347481,0.455096,0.672830,0.543801,0.214140,0.136696,0.536842,0.432845,0.423775,0.767394,0.386925,0.494998,0.551458,0.537219,0.671926,0.393966,0.918613,0.115458,0.555779,0.836522,0.345341,0.636107,0.888866,0.616034,0.372969,0.663954,0.201315,0.460738,0.226926,0.662188,0.222120,0.786013,0.556911,0.089790,0.413700,0.252443,0.083241,0.486448,0.387214,0.807334,0.930102,0.942205,0.247864,0.650380,0.083039,0.310397,0.307864,0.711612,0.364778,0.810686,0.443791,0.346643,0.165849,0.923979,0.876353,0.781356,0.413068,0.790466,0.256488,0.306316,0.445216,0.144755,0.930084,0.655290,0.486827,0.159041,0.251987,0.721345,0.433774,0.731196,0.468548,0.127034,0.126426,0.921558,0.690324,0.667010,0.598648,0.861861,0.284903,0.684916,0.333756,0.534831,0.419719,0.857552,0.784940,0.527178,0.721440,0.555246,0.403046,0.058684,0.239473,0.617292
SYN_BIGPN_0730,1,1,1,0,0.311544,0.131971,0.937412,0.424994,0.690574,0.853274,0.176098,0.199779,0.066298,0.077236,0.703768,0.201563,0.852504,0.078821,0.856667,0.546814,0.656310,0.742074,0.122459,0.056109,0.117002,0.528451,0.069312,0.265842,0.462702,0.379999,0.209196,0.932857,0.076523,0.848116,0.406105,0.184432,0.722239,0.343371,0.078564,0.170908,0.156854,0.692119,0.373294,0.588766,0.843756,0.857180,0.530423,0.169626,0.337117,0.164460,0.385869,0.114490,0.442069,0.949867,0.228450,0.743053,0.305233,0.366179,0.385721,0.597948,0.773363,0.616835,0.111224,0.776837,0.509536,0.737216,0.624378,0.490298,0.676672,0.390791,0.247543,0.823147,0.433236,0.402235,0.325798,0.888442,0.596643,0.518320,0.802127,0.206799,0.516756,0.500421,0.248397,0.663497,0.404392,0.807897,0.719547,0.477569,0.423508,0.582529,0.134612,0.763351,0.502902,0.601927,0.220853,0.923815,0.466155,0.845931,0.299500,0.297153,0.227166,0.557158,0.578219,0.598554,0.322146,0.584602,0.064573,0.734281,0.726305,0.662900,0.051935,0.912840,0.145834,0.478084,0.189451,0.777317,0.840441
SYN_BIGPN_0731,1,1,0,1,0.074902,0.314848,0.922950,0.581725,0.072939,0.770917,0.052622,0.567296,0.855968,0.092097,0.741186,0.256464,0.195704,0.809846,0.527348,0.172161,0.651142,0.056044,0.308553,0.688778,0.218080,0.295357,0.317513,0.688796,0.526078,0.866176,0.373467,0.881402,0.625251,0.513831,0.128181,0.616713,0.214746,0.854025,0.690969,0.404826,0.931056,0.248998,0.682518,0.581035,0.197292,0.371114,0.339661,0.310183,0.891672,0.412970,0.389282,0.737787,0.853104,0.360017,0.533453,0.485697,0.421665,0.824808,0.449796,0.696342,0.593390,0.707890,0.154854,0.362271,0.817363,0.792862,0.754850,0.077407,0.913825,0.067392,0.421317,0.512182,0.099495,0.167871,0.640255,0.314952,0.259048,0.206846,0.416708,0.092798,0.345115,0.217867,0.703975,0.053756,0.919007,0.551132,0.709100,0.771926,0.363450,0.354518,0.570472,0.247432,0.834276,0.947857,0.619586,0.281149,0.926830,0.679045,0.838942,0.568429,0.880533,0.335341,0.718974,0.879209,0.054379,0.072395,0.503348,0.467412,0.386861,0.296615,0.772834,0.245524,0.415212,0.361886,0.892792,0.593895,0.168214
SYN_BIGPN_0732,0,0,1,0,0.882650,0.905953,0.247181,0.054209,0.624452,0.844346,0.298231,0.496032,0.576704,0.468382,0.617347,0.688702,0.061128,0.276801,0.775922,0.290848,0.786920,0.865341,0.829948,0.455392,0.732964,0.335103,0.376165,0.256828,0.716080,0.164348,0.399881,0.495850,0.264887,0.729230,0.886453,0.231706,0.671420,0.258826,0.567385,0.339637,0.166783,0.172359,0.431669,0.522468,0.808414,0.485779,0.372173,0.195646,0.328062,0.587532,0.856870,0.155748,0.051395,0.168364,0.172381,0.110908,0.304045,0.067998,0.837128,0.553729,0.439634,0.587242,0.646863,0.243255,0.197230,0.455606,0.192921,0.485582,0.440713,0.161424,0.820391,0.309091,0.359934,0.067902,0.204145,0.359811,0.515297,0.638393,0.737823,0.447633,0.183177,0.602051,0.317502,0.050227,0.266009,0.136075,0.915100,0.819398,0.418743,0.342020,0.749277,0.851248,0.240495,0.703017,0.921315,0.514143,0.663101,0.424642,0.447699,0.741231,0.565116,0.234288,0.347205,0.472002,0.194769,0.114789,0.908034,0.183296,0.699301,0.391712,0.490329,0.720261,0.412253,0.113789,0.516188,0.171172,0.373238
SYN_BIGPN_0733,1,0,0,1,0.130101,0.202451,0.854349,0.325424,0.631471,0.505904,0.527808,0.632984,0.890156,0.237825,0.783084,0.596449,0.196523,0.254514,0.943688,0.829319,0.708080,0.064614,0.709174,0.290360,0.616538,0.081619,0.208319,0.405666,0.763879,0.797261,0.511363,0.838916,0.410800,0.433672,0.835690,0.855800,0.319928,0.471718,0.459636,0.854425,0.398379,0.466429,0.788783,0.846255,0.601046,0.892551,0.417323,0.078924,0.104175,0.571941,0.652431,0.587617,0.588775,0.813350,0.866715,0.306144,0.247247,0.056467,0.497586,0.548531,0.394431,0.078935,0.145365,0.558586,0.423708,0.363835,0.775792,0.426464,0.196738,0.450793,0.647140,0.793230,0.739590,0.664758,0.487901,0.390259,0.570494,0.607440,0.355793,0.369515,0.470393,0.329065,0.569355,0.396708,0.346287,0.853614,0.452914,0.192578,0.569987,0.707472,0.211676,0.811502,0.750089,0.289507,0.322804,0.845726,0.225858,0.063001,0.422161,0.683529,0.510746,0.844079,0.277360,0.077705,0.452225,0.384884,0.756343,0.402517,0.945323,0.802594,0.526529,0.494460,0.785970,0.565237,0.441137,0.127437,0.871393
SYN_BIGPN_0734,1,0,0,0,0.774407,0.666008,0.505261,0.137599,0.259300,0.785778,0.834139,0.810917,0.505961,0.224649,0.782756,0.898922,0.180383,0.770333,0.161623,0.259419,0.199662,0.208189,0.648055,0.266617,0.826651,0.657308,0.783905,0.115858,0.703921,0.697012,0.618200,0.242773,0.593509,0.942909,0.884000,0.660153,0.538554,0.747820,0.052006,0.095643,0.114464,0.318957,0.175715,0.627287,0.605499,0.690373,0.848424,0.423925,0.936283,0.165000,0.444879,0.433284,0.325895,0.633246,0.403059,0.532873,0.423650,0.203025,0.783542,0.075091,0.234470,0.569034,0.114576,0.736456,0.544387,0.182398,0.852995,0.609029,0.298028,0.116433,0.190111,0.706118,0.650679,0.565038,0.737524,0.861892,0.754168,0.586840,0.908375,0.295056,0.877529,0.259059,0.284113,0.109827,0.380432,0.512265,0.167957,0.274533,0.634983,0.703522,0.631091,0.163360,0.436171,0.422116,0.355228,0.295036,0.230267,0.937952,0.319140,0.757051,0.160019,0.421757,0.061430,0.201059,0.525553,0.852624,0.478914,0.304541,0.081324,0.291697,0.677687,0.841255,0.484978,0.128030,0.711795,0.296065,0.064442
SYN_BIGPN_0735,1,1,1,1,0.721604,0.383752,0.477039,0.155538,0.425644,0.466232,0.928140,0.736669,0.654574,0.774425,0.602321,0.327179,0.203122,0.432581,0.127715,0.572618,0.808153,0.171519,0.535203,0.367764,0.313039,0.462312,0.412942,0.562774,0.341614,0.945284,0.539751,0.306722,0.099429,0.104088,0.426419,0.262153,0.077866,0.645302,0.157112,0.479642,0.920692,0.108440,0.651386,0.785644,0.137736,0.342127,0.412786,0.306281,0.570392,0.752388,0.218022,0.144741,0.778899,0.751087,0.830031,0.394367,0.766861,0.611432,0.275556,0.940189,0.691794,0.293617,0.708116,0.703073,0.179197,0.130517,0.882546,0.335481,0.917889,0.465680,0.611495,0.585208,0.767347,0.380032,0.775118,0.052942,0.505174,0.899963,0.089382,0.130388,0.775685,0.479516,0.440246,0.138433,0.858388,0.259701,0.112127,0.342483,0.587270,0.800441,0.523640,0.271176,0.553729,0.628213,0.588451,0.486164,0.925910,0.553352,0.475401,0.086039,0.525379,0.623214,0.768017,0.319828,0.917671,0.056517,0.397461,0.374715,0.685031,0.417964,0.217424,0.360738,0.431813,0.531676,0.399543,0.691394,0.739168
SYN_BIGPN_0736,0,0,0,0,0.341357,0.107896,0.782932,0.686273,0.529052,0.562274,0.097389,0.798150,0.145095,0.096919,0.374037,0.178317,0.339533,0.771851,0.115238,0.168120,0.936495,0.580938,0.199657,0.845517,0.245807,0.559605,0.715215,0.637929,0.183237,0.849431,0.478633,0.693551,0.298489,0.679536,0.606582,0.234295,0.522389,0.691382,0.728840,0.750567,0.389221,0.398242,0.405257,0.592971,0.726099,0.294937,0.654610,0.634830,0.627912,0.607991,0.161710,0.292131,0.609191,0.317473,0.058340,0.897351,0.285105,0.148485,0.693072,0.724287,0.079700,0.392546,0.884915,0.905039,0.883381,0.440819,0.904491,0.873019,0.324807,0.238217,0.308858,0.849149,0.380999,0.944819,0.349339,0.699803,0.154742,0.802034,0.082969,0.633597,0.310289,0.420259,0.523274,0.337818,0.832177,0.180377,0.196529,0.131126,0.486742,0.404593,0.127836,0.325480,0.231753,0.604229,0.479497,0.194575,0.811505,0.370545,0.859408,0.096946,0.494781,0.282312,0.189596,0.656800,0.249746,0.730783,0.367416,0.261764,0.167812,0.422755,0.915935,0.489330,0.548054,0.547220,0.512380,0.261816,0.689150
SYN_BIGPN_0737,0,0,1,1,0.593090,0.052062,0.304368,0.536284,0.447511,0.299214,0.178023,0.895320,0.168491,0.931619,0.183864,0.773443,0.349735,0.380500,0.385913,0.594746,0.611506,0.412090,0.750507,0.058366,0.630477,0.308224,0.247883,0.390155,0.317772,0.344879,0.419754,0.151026,0.084428,0.910334,0.544117,0.569963,0.385522,0.324444,0.816489,0.583821,0.059863,0.843122,0.379889,0.726827,0.103749,0.452530,0.063058,0.784837,0.195748,0.874249,0.596665,0.856831,0.545465,0.535946,0.108665,0.620298,0.666354,0.573090,0.857426,0.276198,0.454368,0.530323,0.945624,0.502979,0.702980,0.463909,0.461720,0.364391,0.053759,0.731158,0.795162,0.395273,0.805215,0.280922,0.520610,0.761535,0.132406,0.325690,0.242974,0.535610,0.131215,0.073887,0.576010,0.948349,0.725304,0.664631,0.224144,0.666331,0.722747,0.078307,0.909320,0.615881,0.474016,0.082798,0.900814,0.729441,0.280322,0.439944,0.549916,0.627950,0.912315,0.141921,0.469343,0.927270,0.606548,0.810439,0.205597,0.415647,0.087812,0.192642,0.831874,0.297770,0.608787,0.575650,0.204001,0.111291,0.098443
SYN_BIGPN_0738,0,0,1,1,0.536433,0.520381,0.544099,0.774609,0.860427,0.495966,0.541297,0.063948,0.578134,0.876591,0.469374,0.062981,0.207436,0.098973,0.715712,0.758126,0.326136,0.224353,0.480326,0.353714,0.489155,0.265306,0.511307,0.652367,0.473700,0.558367,0.620447,0.437971,0.678944,0.889119,0.682795,0.061541,0.920397,0.203711,0.103198,0.815959,0.416849,0.052369,0.056882,0.761185,0.465767,0.900197,0.681798,0.227579,0.826737,0.699079,0.108536,0.726810,0.661098,0.510632,0.459982,0.904408,0.907216,0.657993,0.202701,0.783648,0.166966,0.380842,0.768398,0.458930,0.718319,0.321344,0.910561,0.599563,0.525699,0.864777,0.642931,0.768398,0.917464,0.505661,0.394283,0.340443,0.502982,0.740332,0.778830,0.612105,0.558410,0.114057,0.905606,0.319019,0.482265,0.308003,0.133431,0.176464,0.562259,0.652266,0.203806,0.692383,0.103514,0.194394,0.186048,0.506784,0.508288,0.727001,0.899119,0.642740,0.489719,0.872038,0.852318,0.171924,0.173431,0.636737,0.261254,0.659286,0.429369,0.307806,0.573321,0.617399,0.848853,0.896181,0.376792,0.348869,0.274663
SYN_BIGPN_0739,1,0,0,1,0.762582,0.206495,0.843034,0.179330,0.806477,0.881334,0.624491,0.248472,0.324119,0.460908,0.458806,0.782668,0.380914,0.660753,0.363753,0.849547,0.810732,0.562437,0.544550,0.116562,0.495416,0.843273,0.068542,0.693339,0.472931,0.071004,0.419755,0.249459,0.944745,0.646428,0.068911,0.782678,0.265175,0.474602,0.470737,0.128659,0.543379,0.219551,0.061854,0.519755,0.535174,0.828909,0.408684,0.684061,0.784871,0.764210,0.690885,0.807764,0.083798,0.788314,0.846925,0.896866,0.336985,0.550793,0.700367,0.885867,0.615994,0.682275,0.345170,0.449088,0.511301,0.378211,0.156631,0.507729,0.085227,0.612837,0.558144,0.157139,0.554225,0.095646,0.125894,0.502998,0.444479,0.829933,0.287326,0.200909,0.381676,0.768453,0.585180,0.446448,0.178315,0.110186,0.709277,0.559751,0.546860,0.264897,0.841760,0.650470,0.935043,0.719300,0.464010,0.484879,0.113335,0.376355,0.204006,0.465939,0.464637,0.105435,0.786912,0.695986,0.795432,0.462827,0.904904,0.365963,0.706819,0.733091,0.399406,0.283443,0.235472,0.652439,0.246386,0.257345,0.288206
SYN_BIGPN_0740,0,1,0,1,0.747208,0.168922,0.244238,0.440730,0.204483,0.228110,0.841878,0.906912,0.153429,0.383216,0.700668,0.774661,0.898746,0.634244,0.819972,0.748738,0.778555,0.166344,0.131637,0.620867,0.284285,0.079394,0.644329,0.453790,0.938389,0.086248,0.161381,0.420913,0.258476,0.182172,0.232888,0.888707,0.478208,0.499065,0.060864,0.812082,0.117391,0.421027,0.909471,0.190009,0.402797,0.790678,0.122169,0.249662,0.879812,0.744805,0.593049,0.306675,0.115575,0.781332,0.664714,0.450342,0.846080,0.326361,0.690843,0.668797,0.718657,0.525535,0.554268,0.068564,0.624010,0.920720,0.211695,0.767390,0.053874,0.686454,0.470886,0.435971,0.855232,0.078676,0.602780,0.231000,0.528166,0.318646,0.090143,0.286431,0.288907,0.513025,0.871488,0.420790,0.434832,0.474369,0.664894,0.609860,0.171285,0.538798,0.559271,0.063780,0.334522,0.663110,0.076006,0.312193,0.772385,0.853979,0.117273,0.191914,0.580396,0.191285,0.862277,0.357975,0.792635,0.589694,0.782669,0.232577,0.366279,0.521368,0.537148,0.530398,0.902311,0.672707,0.861588,0.838909,0.225018
SYN_BIGPN_0741,0,0,1,1,0.343558,0.601997,0.591925,0.862733,0.826152,0.774814,0.687229,0.067912,0.208474,0.469061,0.325743,0.160652,0.318864,0.664953,0.748380,0.445554,0.799360,0.923721,0.760642,0.140995,0.648829,0.420265,0.138854,0.617559,0.527543,0.583221,0.566491,0.688081,0.257303,0.879467,0.537382,0.917164,0.494346,0.751465,0.143962,0.771863,0.306174,0.594132,0.592784,0.557606,0.308583,0.237635,0.948073,0.862229,0.475078,0.331524,0.846287,0.746761,0.792397,0.313404,0.646927,0.908963,0.251090,0.772191,0.293168,0.366910,0.797238,0.233536,0.905021,0.817825,0.192787,0.439629,0.862618,0.624889,0.733236,0.085698,0.057778,0.472702,0.714254,0.546516,0.155775,0.299055,0.526228,0.878296,0.583278,0.338467,0.888876,0.825703,0.367471,0.614866,0.854163,0.889591,0.938954,0.252564,0.768478,0.742927,0.686201,0.081062,0.060458,0.947532,0.089744,0.246847,0.566999,0.683348,0.264912,0.137387,0.063972,0.787742,0.905100,0.372192,0.737770,0.695442,0.081372,0.707810,0.609682,0.832560,0.620948,0.235533,0.702823,0.830982,0.509708,0.472758,0.889947
SYN_BIGPN_0742,0,1,0,0,0.110963,0.595126,0.163382,0.519568,0.127801,0.112227,0.451656,0.769650,0.298810,0.529885,0.475706,0.142145,0.245314,0.270404,0.931322,0.483900,0.336457,0.290877,0.239307,0.171199,0.314152,0.869110,0.648663,0.462450,0.396252,0.568182,0.178969,0.882729,0.265440,0.432263,0.661204,0.806034,0.767605,0.168225,0.347652,0.285154,0.447282,0.341896,0.867907,0.679354,0.893322,0.774047,0.719171,0.226518,0.905333,0.487073,0.889303,0.433863,0.604435,0.671804,0.567658,0.826250,0.626916,0.138953,0.064535,0.755272,0.530034,0.431601,0.533729,0.269384,0.143393,0.117773,0.934301,0.729034,0.613423,0.939727,0.671740,0.130439,0.836018,0.914935,0.347507,0.591807,0.792911,0.760759,0.257914,0.634039,0.618226,0.910670,0.485756,0.646423,0.593365,0.484655,0.531003,0.780574,0.193796,0.103327,0.722838,0.409663,0.608037,0.391063,0.809875,0.763951,0.699448,0.871642,0.710823,0.328670,0.461055,0.703051,0.605398,0.575963,0.509617,0.807535,0.555303,0.520454,0.192230,0.159464,0.066631,0.391174,0.525276,0.390080,0.704388,0.128916,0.350396
SYN_BIGPN_0743,0,1,0,1,0.293065,0.886925,0.667897,0.138591,0.403478,0.749668,0.387617,0.888676,0.185730,0.839856,0.092342,0.188404,0.249260,0.788813,0.224844,0.100807,0.394710,0.691256,0.508345,0.284352,0.470912,0.337868,0.939316,0.155510,0.945551,0.284638,0.349228,0.814303,0.170496,0.828455,0.459795,0.145297,0.345156,0.513833,0.479780,0.307298,0.525158,0.287797,0.398063,0.928206,0.515734,0.094355,0.814299,0.632084,0.237976,0.161651,0.159948,0.762791,0.848671,0.665066,0.745320,0.238794,0.745462,0.050979,0.310675,0.257077,0.521863,0.262611,0.505221,0.665278,0.145491,0.285209,0.312112,0.620710,0.685162,0.742974,0.803135,0.296573,0.429778,0.943635,0.394326,0.815509,0.398101,0.210615,0.654503,0.432711,0.286666,0.223780,0.395092,0.917149,0.729485,0.378940,0.116244,0.156658,0.075820,0.424074,0.233769,0.169094,0.261447,0.810263,0.537732,0.932783,0.884555,0.269628,0.840802,0.214524,0.246650,0.729376,0.480092,0.473896,0.400723,0.372673,0.112767,0.441499,0.088949,0.610223,0.535745,0.819770,0.327761,0.691909,0.570816,0.384877,0.380402
SYN_BIGPN_0744,1,0,1,0,0.221278,0.506727,0.324284,0.514279,0.623539,0.603329,0.817371,0.248992,0.657300,0.521666,0.825950,0.682719,0.361865,0.203812,0.634609,0.177148,0.842250,0.578927,0.321099,0.085343,0.939645,0.518382,0.392474,0.845946,0.118790,0.492895,0.330682,0.776741,0.631310,0.620634,0.516092,0.682210,0.587552,0.375074,0.307722,0.942136,0.458861,0.100397,0.207312,0.120761,0.856333,0.804644,0.150388,0.274578,0.735627,0.684837,0.630506,0.626095,0.246840,0.635332,0.305923,0.199885,0.862717,0.400816,0.536698,0.410928,0.754378,0.589121,0.754616,0.877269,0.539067,0.676065,0.092956,0.866455,0.855331,0.839112,0.603540,0.705561,0.221822,0.850774,0.248930,0.318749,0.446908,0.596198,0.934309,0.083130,0.749769,0.842046,0.499804,0.173799,0.179915,0.145779,0.109412,0.510112,0.449569,0.260724,0.064219,0.151830,0.222721,0.875280,0.654862,0.242535,0.364287,0.484485,0.560397,0.736854,0.364750,0.516476,0.851054,0.104275,0.092523,0.758648,0.210161,0.435193,0.548643,0.934882,0.112193,0.169762,0.179889,0.400269,0.930719,0.699086,0.318890
SYN_BIGPN_0745,0,0,0,1,0.532946,0.655608,0.624050,0.788226,0.270205,0.891792,0.556239,0.721354,0.132868,0.764268,0.393993,0.052162,0.305037,0.108335,0.273540,0.152070,0.903110,0.194759,0.872613,0.136617,0.562685,0.540533,0.361019,0.647540,0.909243,0.248298,0.574652,0.820237,0.387237,0.480073,0.086772,0.845062,0.317193,0.853860,0.132158,0.278894,0.907978,0.682927,0.310458,0.776036,0.464564,0.786624,0.211972,0.716266,0.246561,0.371829,0.204096,0.802376,0.076018,0.867423,0.666427,0.222213,0.333734,0.734276,0.184442,0.280442,0.655053,0.598193,0.869383,0.810206,0.542867,0.729049,0.793886,0.822915,0.652912,0.852752,0.135288,0.551570,0.134536,0.547058,0.472051,0.312756,0.608038,0.483634,0.201678,0.572780,0.409608,0.570769,0.921061,0.348912,0.607815,0.938780,0.494795,0.727978,0.465399,0.150966,0.802021,0.858976,0.255412,0.584666,0.938885,0.928991,0.801036,0.082260,0.762792,0.615293,0.139062,0.361608,0.095084,0.489827,0.257356,0.864630,0.741811,0.584882,0.454433,0.534517,0.670567,0.223954,0.208352,0.563904,0.212971,0.286549,0.060255
SYN_BIGPN_0746,0,0,1,0,0.425383,0.466679,0.651918,0.398898,0.269511,0.312373,0.690917,0.705138,0.050519,0.128433,0.323523,0.145129,0.829443,0.563658,0.818206,0.200166,0.383736,0.863835,0.145882,0.485728,0.887675,0.623371,0.188657,0.627304,0.947827,0.320244,0.110453,0.076654,0.614320,0.365032,0.870099,0.634860,0.114448,0.166276,0.412782,0.057350,0.496219,0.572198,0.657394,0.299821,0.269868,0.684498,0.507712,0.911905,0.567135,0.126529,0.386275,0.652578,0.479767,0.294621,0.235328,0.531236,0.644789,0.353628,0.217892,0.892559,0.742995,0.943978,0.297425,0.373029,0.829320,0.475962,0.841409,0.620171,0.757184,0.617580,0.503183,0.671268,0.591203,0.657517,0.866779,0.113692,0.602727,0.287602,0.120016,0.695999,0.256319,0.797214,0.643022,0.069234,0.914811,0.648768,0.094213,0.533219,0.082456,0.195202,0.535634,0.580683,0.748778,0.223399,0.279737,0.349163,0.924300,0.379705,0.495971,0.157999,0.442488,0.722424,0.146165,0.099988,0.069299,0.795652,0.347370,0.256988,0.417896,0.195344,0.051455,0.386747,0.302280,0.355900,0.450606,0.469459,0.928080
SYN_BIGPN_0747,0,1,1,0,0.732601,0.746593,0.241315,0.275403,0.272918,0.272762,0.738459,0.672701,0.943158,0.658249,0.057317,0.700593,0.562004,0.843246,0.893481,0.885638,0.247891,0.913678,0.325972,0.195813,0.203575,0.112175,0.187869,0.861762,0.258008,0.664976,0.893110,0.940131,0.484798,0.609565,0.360599,0.354373,0.425100,0.409406,0.934352,0.750817,0.819713,0.772693,0.081724,0.353164,0.909421,0.662156,0.508050,0.522204,0.548094,0.143457,0.693370,0.156570,0.711066,0.753980,0.652252,0.870630,0.121373,0.276778,0.910503,0.833316,0.390965,0.930228,0.907252,0.863450,0.596818,0.139191,0.162568,0.498317,0.558260,0.507202,0.604235,0.400117,0.361118,0.322092,0.593935,0.600048,0.362187,0.449254,0.575771,0.515227,0.157116,0.512674,0.544360,0.694483,0.126325,0.304328,0.744083,0.685233,0.925261,0.086620,0.705379,0.926025,0.107777,0.184440,0.812735,0.571591,0.510840,0.858254,0.346673,0.795514,0.782080,0.318614,0.630584,0.305651,0.606405,0.171286,0.199709,0.068455,0.438889,0.401791,0.139466,0.092800,0.217494,0.169049,0.476405,0.474391,0.673200
SYN_BIGPN_0748,0,1,0,0,0.817528,0.090046,0.414705,0.904010,0.510987,0.072020,0.732423,0.815107,0.482286,0.519301,0.382724,0.780189,0.106587,0.195850,0.127044,0.936037,0.099886,0.579517,0.236227,0.811856,0.562274,0.219319,0.108459,0.208101,0.276470,0.606365,0.124136,0.462917,0.166814,0.387203,0.344107,0.185363,0.389343,0.359837,0.840748,0.232689,0.900596,0.318470,0.750437,0.062343,0.451696,0.229033,0.231232,0.627001,0.427913,0.837867,0.641928,0.681470,0.860581,0.259806,0.285837,0.798270,0.887425,0.776496,0.844199,0.525564,0.925086,0.532587,0.940348,0.240707,0.300557,0.673505,0.423876,0.919503,0.097208,0.738299,0.596124,0.164932,0.677804,0.513025,0.273067,0.669700,0.634639,0.449938,0.916303,0.266229,0.439348,0.470926,0.123632,0.475831,0.783011,0.175630,0.925400,0.085101,0.251552,0.639002,0.830732,0.478929,0.752739,0.854685,0.361246,0.933816,0.418113,0.323240,0.267537,0.414957,0.600392,0.104364,0.625191,0.217299,0.371075,0.588576,0.224946,0.630458,0.240959,0.345260,0.703923,0.682801,0.314614,0.931116,0.429676,0.133808,0.268480
SYN_BIGPN_0749,1,1,1,1,0.243023,0.908337,0.400180,0.273610,0.892280,0.620689,0.107315,0.394754,0.183741,0.653322,0.531403,0.590586,0.206483,0.467000,0.570179,0.679745,0.150048,0.790650,0.949575,0.462933,0.091017,0.642826,0.502110,0.320091,0.553704,0.175066,0.423111,0.743499,0.931097,0.172588,0.488859,0.259236,0.082322,0.242003,0.417567,0.205716,0.771561,0.949255,0.904600,0.142245,0.505041,0.816731,0.201486,0.844005,0.395556,0.879684,0.226263,0.652413,0.231053,0.484250,0.780626,0.909568,0.458986,0.874368,0.875878,0.143461,0.200030,0.659123,0.871570,0.370895,0.904788,0.288064,0.854452,0.351106,0.773542,0.108504,0.296933,0.422776,0.791141,0.293363,0.948409,0.681922,0.849250,0.193616,0.053693,0.257419,0.896300,0.344874,0.174023,0.705009,0.771120,0.051976,0.517623,0.873602,0.187774,0.265559,0.289556,0.638451,0.210846,0.074453,0.112774,0.790989,0.925593,0.615157,0.742946,0.131453,0.394027,0.516632,0.286540,0.343761,0.271271,0.581877,0.257044,0.466507,0.267330,0.419675,0.811954,0.270823,0.640054,0.318438,0.382453,0.684272,0.484103
SYN_BIGPN_0750,0,1,1,0,0.076254,0.347548,0.920448,0.824877,0.436328,0.241746,0.140610,0.791762,0.883062,0.208840,0.386052,0.893426,0.355217,0.685635,0.728821,0.265525,0.204279,0.189690,0.614092,0.731214,0.553605,0.937376,0.444851,0.818653,0.566348,0.854078,0.661849,0.378007,0.412479,0.843221,0.461501,0.499069,0.196147,0.870189,0.439211,0.244905,0.839902,0.111338,0.145858,0.763886,0.116553,0.586014,0.125627,0.219997,0.780854,0.720072,0.121418,0.420562,0.581865,0.741558,0.328450,0.370891,0.688266,0.503739,0.660286,0.549221,0.400502,0.579471,0.837893,0.578434,0.320608,0.843762,0.473505,0.419721,0.316358,0.879569,0.248954,0.571275,0.323638,0.148453,0.253173,0.195311,0.908216,0.505837,0.316397,0.580380,0.545200,0.555702,0.434296,0.629884,0.348646,0.781987,0.093060,0.296735,0.935365,0.503269,0.107181,0.827098,0.881493,0.321654,0.910071,0.498608,0.712285,0.166662,0.517566,0.623100,0.945422,0.765204,0.628584,0.217500,0.056147,0.174731,0.217566,0.067700,0.469392,0.130697,0.285796,0.603692,0.369412,0.482259,0.889929,0.901689,0.943281
SYN_BIGPN_0751,0,1,0,0,0.435531,0.544433,0.173210,0.183290,0.233007,0.851195,0.498002,0.875652,0.734595,0.657890,0.221648,0.805691,0.481309,0.829723,0.332114,0.335824,0.087348,0.427432,0.059947,0.207160,0.412333,0.342816,0.659542,0.382910,0.292262,0.201743,0.267496,0.158455,0.185068,0.662372,0.901100,0.900344,0.178326,0.900229,0.330007,0.394169,0.919278,0.249917,0.427514,0.690520,0.861082,0.392835,0.080593,0.673179,0.720512,0.448492,0.849675,0.061055,0.254226,0.810967,0.855341,0.811579,0.399067,0.075581,0.281267,0.302383,0.704283,0.939485,0.885766,0.907248,0.338006,0.086601,0.640964,0.938344,0.555942,0.498584,0.933620,0.363409,0.503874,0.055617,0.653820,0.312364,0.324789,0.440911,0.474453,0.769898,0.726475,0.069823,0.219038,0.731861,0.473675,0.145128,0.092650,0.307508,0.925053,0.490458,0.783242,0.783646,0.461666,0.885748,0.491733,0.081620,0.733324,0.330094,0.906437,0.246912,0.500389,0.194210,0.925254,0.437772,0.263849,0.244534,0.681118,0.575454,0.393049,0.839622,0.142596,0.269076,0.644518,0.182563,0.351023,0.562467,0.649555
SYN_BIGPN_0752,0,0,1,1,0.636616,0.572839,0.712698,0.097936,0.102342,0.522830,0.820139,0.051351,0.263041,0.280729,0.442275,0.396437,0.810196,0.351814,0.112683,0.420398,0.804934,0.739019,0.745457,0.920920,0.719422,0.321591,0.474635,0.273621,0.397911,0.912656,0.196244,0.793834,0.369147,0.895818,0.900292,0.720562,0.260831,0.938540,0.397661,0.402215,0.808364,0.444010,0.237435,0.241235,0.947474,0.524433,0.801850,0.713096,0.609474,0.177879,0.605339,0.887784,0.539087,0.080511,0.691774,0.876969,0.660138,0.298917,0.268030,0.247092,0.287883,0.791523,0.244053,0.601558,0.112754,0.148688,0.579870,0.118845,0.303030,0.840758,0.639979,0.050692,0.749619,0.380096,0.097176,0.250690,0.074416,0.307797,0.101876,0.329924,0.167726,0.288026,0.684099,0.889028,0.117762,0.253698,0.614746,0.749039,0.397033,0.913766,0.776890,0.797279,0.145557,0.839691,0.082459,0.752210,0.064424,0.280589,0.059008,0.466443,0.755120,0.779782,0.160584,0.712158,0.477164,0.791692,0.503503,0.170380,0.324768,0.096461,0.093370,0.603287,0.878447,0.622522,0.377188,0.659676,0.202683
SYN_BIGPN_0753,1,1,0,0,0.527378,0.072068,0.297525,0.584848,0.455557,0.458336,0.297603,0.248961,0.683104,0.271639,0.864598,0.675275,0.174127,0.719890,0.390432,0.599361,0.302888,0.758317,0.229684,0.917778,0.158543,0.399648,0.447874,0.735397,0.512128,0.513231,0.704051,0.829545,0.802716,0.738546,0.238399,0.629854,0.074153,0.562506,0.740981,0.157296,0.668705,0.201419,0.609201,0.942122,0.554242,0.157828,0.159219,0.320828,0.304671,0.915019,0.488402,0.188897,0.663265,0.054389,0.830199,0.557368,0.825652,0.738085,0.093650,0.885408,0.721582,0.163678,0.432524,0.398685,0.243474,0.538886,0.861503,0.664234,0.743788,0.797944,0.690973,0.715119,0.618912,0.237907,0.589348,0.671549,0.168499,0.517687,0.108127,0.876512,0.366704,0.477531,0.482859,0.870419,0.164063,0.709043,0.579084,0.425296,0.884045,0.443773,0.288824,0.470013,0.933740,0.386433,0.233052,0.746880,0.917377,0.800270,0.316098,0.851870,0.560158,0.552877,0.783897,0.359465,0.549063,0.704074,0.805176,0.689794,0.170574,0.740061,0.758634,0.667092,0.281157,0.694266,0.549910,0.538334,0.365111
SYN_BIGPN_0754,0,1,0,1,0.382801,0.173557,0.332817,0.815052,0.455787,0.362901,0.344970,0.675420,0.500405,0.239622,0.293136,0.728609,0.060518,0.617577,0.227957,0.850390,0.715101,0.145617,0.898775,0.419402,0.390727,0.142998,0.442782,0.052620,0.721934,0.823509,0.433715,0.467021,0.917857,0.520817,0.682911,0.656635,0.490886,0.489764,0.664550,0.576612,0.802262,0.458806,0.502570,0.936748,0.709721,0.133348,0.246706,0.107201,0.600264,0.158654,0.948288,0.505165,0.580007,0.118824,0.853184,0.685715,0.632078,0.870641,0.647842,0.871630,0.807061,0.629192,0.099721,0.058962,0.859568,0.385192,0.121500,0.601886,0.590612,0.437108,0.892979,0.447028,0.431582,0.394996,0.517167,0.895605,0.662000,0.892760,0.084998,0.223835,0.111443,0.477842,0.370834,0.366712,0.699699,0.229446,0.144901,0.854900,0.721028,0.153864,0.486636,0.407753,0.246754,0.173160,0.847939,0.305769,0.604029,0.404686,0.524147,0.701475,0.091125,0.821613,0.341117,0.596054,0.635628,0.729541,0.623699,0.050472,0.684752,0.788433,0.192507,0.597680,0.307533,0.344038,0.833879,0.354431,0.439782
SYN_BIGPN_0755,0,1,1,1,0.459113,0.533963,0.743761,0.053035,0.917824,0.113482,0.736076,0.397071,0.581487,0.381515,0.328679,0.065814,0.431695,0.134679,0.240528,0.632930,0.857451,0.213675,0.550688,0.750460,0.502290,0.441173,0.728072,0.476820,0.590463,0.682751,0.755227,0.590583,0.919221,0.859618,0.824109,0.614637,0.581656,0.334097,0.106837,0.523836,0.660887,0.125029,0.766843,0.227337,0.402434,0.688245,0.292943,0.606602,0.687461,0.052531,0.216382,0.558386,0.257095,0.097586,0.560287,0.394752,0.724359,0.703259,0.258427,0.657933,0.301878,0.619570,0.264133,0.883766,0.782476,0.870007,0.516400,0.197880,0.917974,0.336437,0.714240,0.721010,0.625874,0.216774,0.180073,0.081617,0.525997,0.802841,0.393536,0.943507,0.671626,0.372546,0.089476,0.863298,0.300364,0.284139,0.066438,0.772683,0.344583,0.362003,0.579409,0.317371,0.813604,0.769851,0.725267,0.645360,0.647643,0.291434,0.747826,0.897282,0.292055,0.392668,0.945319,0.100884,0.283696,0.699636,0.700012,0.052036,0.237199,0.240991,0.237359,0.310928,0.377025,0.595308,0.401426,0.446581,0.724996
SYN_BIGPN_0756,0,1,1,1,0.412001,0.464413,0.266889,0.299812,0.874402,0.419071,0.231643,0.347471,0.744709,0.676089,0.704050,0.082676,0.171055,0.357540,0.552906,0.541256,0.811250,0.419481,0.918927,0.504163,0.334941,0.372495,0.922095,0.097615,0.247677,0.127593,0.273317,0.525753,0.365297,0.528495,0.282210,0.719137,0.111956,0.266435,0.066787,0.897478,0.461222,0.562143,0.375199,0.424051,0.288133,0.589155,0.250144,0.736867,0.157803,0.856343,0.756125,0.794205,0.055604,0.230564,0.145389,0.128534,0.126425,0.262786,0.056759,0.351905,0.202674,0.734719,0.165300,0.229536,0.559207,0.600405,0.352305,0.788426,0.724678,0.265246,0.216968,0.910636,0.196972,0.226881,0.313692,0.738208,0.185832,0.732140,0.096937,0.640491,0.667633,0.392869,0.749022,0.610924,0.554575,0.540470,0.863429,0.821356,0.529260,0.485303,0.716531,0.869639,0.944870,0.317979,0.932958,0.358666,0.052187,0.125547,0.878574,0.591720,0.794156,0.430748,0.543673,0.540938,0.754373,0.182879,0.070000,0.160336,0.078691,0.596974,0.897593,0.313767,0.798091,0.567599,0.603307,0.522133,0.942259
SYN_BIGPN_0757,1,1,1,0,0.157517,0.113758,0.757359,0.809146,0.835670,0.584192,0.777715,0.592782,0.518901,0.450973,0.615194,0.566019,0.309936,0.116902,0.557347,0.300521,0.733096,0.804550,0.593543,0.279465,0.640511,0.741906,0.536611,0.128287,0.128493,0.551585,0.665277,0.943671,0.642033,0.915791,0.751656,0.189830,0.185743,0.510676,0.478148,0.862389,0.306927,0.059974,0.899830,0.306884,0.184121,0.608999,0.123202,0.348850,0.074889,0.855172,0.916805,0.574642,0.179988,0.534250,0.410891,0.355114,0.577101,0.413660,0.142731,0.140593,0.814428,0.481319,0.434551,0.598049,0.053079,0.585410,0.317608,0.676792,0.197055,0.704749,0.941503,0.661169,0.922051,0.853631,0.303856,0.329250,0.457984,0.142472,0.495055,0.582947,0.796947,0.582747,0.131091,0.791512,0.751054,0.173542,0.302688,0.881179,0.886763,0.492834,0.158489,0.639054,0.333163,0.357163,0.917113,0.113838,0.749392,0.703034,0.299721,0.523336,0.353898,0.381206,0.695642,0.673041,0.372513,0.265145,0.366545,0.893710,0.514814,0.279903,0.564936,0.189082,0.249966,0.281717,0.202086,0.491671,0.599946
SYN_BIGPN_0758,1,0,0,1,0.182141,0.380485,0.063323,0.333712,0.884926,0.382913,0.092111,0.056746,0.614241,0.566332,0.229906,0.532945,0.744152,0.593956,0.934781,0.803523,0.366113,0.586139,0.710391,0.160128,0.537690,0.093169,0.190209,0.538787,0.817259,0.452219,0.912765,0.349389,0.855392,0.936372,0.121067,0.771522,0.932653,0.456358,0.804903,0.266612,0.218724,0.056561,0.269672,0.434259,0.177466,0.455153,0.236472,0.341304,0.601623,0.430522,0.618186,0.375135,0.747194,0.542800,0.133345,0.189170,0.504378,0.555674,0.721462,0.650651,0.837170,0.087737,0.579717,0.496772,0.226906,0.786037,0.084988,0.900865,0.424304,0.612692,0.088834,0.857074,0.296339,0.525243,0.166915,0.316570,0.238017,0.914074,0.882249,0.220530,0.185541,0.618427,0.161458,0.430021,0.762650,0.546658,0.479910,0.151946,0.446571,0.890633,0.191330,0.743908,0.751012,0.343335,0.162445,0.098883,0.781188,0.841454,0.464058,0.255994,0.239934,0.188325,0.642124,0.435932,0.883356,0.176774,0.687753,0.829072,0.789696,0.157071,0.634460,0.353619,0.928585,0.391987,0.202096,0.545030,0.314452
SYN_BIGPN_0759,1,0,0,0,0.253416,0.251017,0.296360,0.253194,0.664040,0.383647,0.821004,0.610004,0.766221,0.850732,0.803259,0.096730,0.308589,0.837283,0.427163,0.834817,0.837792,0.947404,0.101212,0.534101,0.274712,0.119330,0.118431,0.828073,0.638855,0.186754,0.566984,0.286688,0.195536,0.351608,0.148630,0.864604,0.768671,0.415914,0.735264,0.890899,0.365281,0.381040,0.204780,0.128139,0.141529,0.328576,0.129073,0.840528,0.708965,0.256142,0.281059,0.116820,0.805589,0.596569,0.435184,0.663708,0.835050,0.174549,0.425109,0.087380,0.733221,0.869707,0.948877,0.627642,0.109319,0.917619,0.158381,0.083389,0.748763,0.144621,0.358597,0.223128,0.784509,0.506852,0.459034,0.362037,0.945879,0.219073,0.622178,0.388129,0.187272,0.414017,0.506456,0.783808,0.439943,0.449229,0.572002,0.306056,0.597118,0.232143,0.362625,0.584089,0.782800,0.129087,0.062002,0.287156,0.453704,0.297766,0.145544,0.277527,0.225391,0.434315,0.851828,0.175012,0.133258,0.737916,0.052357,0.805700,0.315175,0.163695,0.749329,0.275662,0.529963,0.476260,0.117104,0.945852,0.125635
SYN_BIGPN_0760,1,0,0,1,0.696076,0.821449,0.420262,0.131386,0.428149,0.639157,0.263115,0.140873,0.657645,0.649030,0.406614,0.640702,0.911280,0.218870,0.734971,0.814261,0.856591,0.104027,0.238535,0.647510,0.851871,0.107627,0.069477,0.594329,0.180364,0.649077,0.709258,0.705063,0.342468,0.720406,0.291771,0.920765,0.807453,0.772493,0.542121,0.894847,0.846787,0.940330,0.275998,0.846374,0.129195,0.761785,0.492719,0.639370,0.715362,0.611850,0.415283,0.612704,0.275596,0.199672,0.856727,0.844599,0.741120,0.597125,0.154379,0.149751,0.884386,0.489348,0.370895,0.662402,0.222042,0.797024,0.480170,0.622347,0.820210,0.451512,0.194532,0.392267,0.869597,0.628284,0.524057,0.278621,0.308864,0.091664,0.626378,0.921711,0.738327,0.821479,0.065882,0.085185,0.892834,0.747632,0.186028,0.544756,0.084624,0.195245,0.393927,0.499333,0.727815,0.458237,0.508069,0.071623,0.444164,0.562533,0.704679,0.475195,0.255183,0.670915,0.786558,0.600053,0.684514,0.464194,0.164119,0.156730,0.617157,0.666877,0.728331,0.306856,0.564436,0.918868,0.673451,0.570031,0.430825
SYN_BIGPN_0761,0,0,0,1,0.776570,0.172173,0.484991,0.898618,0.502735,0.200422,0.568277,0.363981,0.778132,0.450214,0.312629,0.452454,0.939316,0.255599,0.616451,0.601465,0.868998,0.677538,0.446635,0.470821,0.922488,0.915941,0.838665,0.500327,0.881074,0.338165,0.727293,0.893094,0.811774,0.698712,0.141837,0.159962,0.378736,0.307189,0.413206,0.378966,0.105924,0.822413,0.716312,0.283726,0.076864,0.652637,0.582994,0.468009,0.391865,0.747869,0.620152,0.052307,0.378095,0.737103,0.281549,0.257533,0.709577,0.531731,0.868991,0.755954,0.849367,0.379033,0.838861,0.903152,0.622879,0.719459,0.754901,0.544551,0.858014,0.817136,0.875832,0.465080,0.255486,0.549072,0.876162,0.783393,0.617673,0.843871,0.714084,0.495382,0.591557,0.109819,0.164719,0.595985,0.193617,0.101146,0.318704,0.269056,0.505236,0.754291,0.322852,0.895407,0.574475,0.666389,0.806727,0.451042,0.121519,0.160115,0.127505,0.156097,0.493051,0.425020,0.493792,0.303766,0.455018,0.590861,0.741339,0.320755,0.061785,0.420123,0.411190,0.343777,0.291959,0.502571,0.735749,0.414913,0.811414
SYN_BIGPN_0762,0,0,1,0,0.484919,0.687963,0.571542,0.201388,0.788191,0.718149,0.329179,0.674078,0.341879,0.290207,0.607645,0.551066,0.326691,0.637593,0.470080,0.935118,0.653986,0.366435,0.270963,0.380367,0.825332,0.918099,0.566647,0.156619,0.357702,0.266713,0.394403,0.617896,0.143082,0.479399,0.499758,0.571899,0.494826,0.502236,0.899822,0.786381,0.458763,0.206776,0.396486,0.109719,0.314407,0.769227,0.228671,0.492258,0.757442,0.914738,0.449020,0.233837,0.800207,0.887448,0.333893,0.264265,0.652714,0.507709,0.662608,0.650148,0.507151,0.455541,0.695587,0.528173,0.745326,0.759525,0.098780,0.442848,0.486312,0.778482,0.574091,0.588525,0.390758,0.404012,0.679534,0.504679,0.686547,0.723826,0.697285,0.489488,0.710201,0.468525,0.247941,0.677751,0.272545,0.463602,0.652088,0.844447,0.459071,0.457235,0.255754,0.307518,0.404885,0.639202,0.671407,0.734861,0.202703,0.690796,0.870859,0.842059,0.844460,0.941083,0.852540,0.379383,0.623202,0.525912,0.205229,0.476168,0.651653,0.179612,0.109732,0.926329,0.564350,0.776967,0.356919,0.724045,0.626261
SYN_BIGPN_0763,0,1,1,1,0.310879,0.369673,0.430600,0.850508,0.212983,0.313175,0.806520,0.597382,0.445519,0.268886,0.300961,0.941231,0.132723,0.598130,0.815292,0.460701,0.292262,0.783823,0.126820,0.209458,0.931133,0.499688,0.496334,0.248410,0.216318,0.425411,0.881301,0.828611,0.489158,0.611493,0.221959,0.485891,0.311757,0.176968,0.375257,0.160467,0.137879,0.776100,0.359974,0.086611,0.560137,0.336626,0.160899,0.589195,0.056931,0.909946,0.579950,0.445550,0.817399,0.230231,0.405002,0.464805,0.900545,0.569763,0.715476,0.208692,0.318324,0.945117,0.664905,0.879043,0.214304,0.473286,0.534944,0.167287,0.304896,0.917817,0.744711,0.765476,0.737048,0.329308,0.862635,0.380453,0.696164,0.636636,0.158049,0.738059,0.222745,0.429765,0.666521,0.519516,0.609249,0.518672,0.205249,0.745742,0.761717,0.113182,0.744722,0.192895,0.823518,0.267846,0.415444,0.052329,0.400497,0.204573,0.202140,0.068064,0.530242,0.527279,0.331714,0.696686,0.495148,0.817817,0.201550,0.910434,0.507037,0.429880,0.294332,0.261053,0.661734,0.799405,0.295151,0.710346,0.067923
SYN_BIGPN_0764,1,0,1,1,0.291549,0.750516,0.705238,0.375649,0.469344,0.344560,0.354762,0.556525,0.252173,0.846666,0.796713,0.750133,0.659023,0.766278,0.861274,0.869878,0.066503,0.467130,0.759127,0.827867,0.557442,0.418951,0.099416,0.814825,0.659646,0.421194,0.451529,0.275544,0.160105,0.716378,0.181973,0.092180,0.254378,0.571033,0.582780,0.818253,0.475425,0.709984,0.502610,0.824369,0.608413,0.465105,0.887272,0.305665,0.716648,0.534495,0.509274,0.356441,0.054452,0.630198,0.550929,0.577754,0.258991,0.102478,0.597558,0.413549,0.440990,0.316163,0.177893,0.255858,0.158221,0.677025,0.359309,0.403983,0.185876,0.170147,0.937497,0.449525,0.632647,0.148849,0.891196,0.448579,0.531448,0.171398,0.253291,0.638770,0.501115,0.556607,0.242763,0.431969,0.712093,0.929365,0.878960,0.811874,0.396537,0.295038,0.268811,0.945743,0.445979,0.136945,0.332104,0.730497,0.586494,0.804680,0.153583,0.441847,0.893473,0.941746,0.154090,0.568674,0.786234,0.447207,0.227284,0.627622,0.654161,0.434147,0.618198,0.363504,0.606153,0.634301,0.143736,0.053051,0.762069
SYN_BIGPN_0765,0,0,0,0,0.199676,0.798570,0.200158,0.752693,0.923015,0.245673,0.105859,0.064828,0.895524,0.628453,0.927288,0.760006,0.683863,0.656708,0.291615,0.657298,0.343382,0.619806,0.264804,0.756022,0.866686,0.879509,0.745409,0.103957,0.687542,0.562134,0.182473,0.456602,0.177477,0.128207,0.774307,0.909151,0.143504,0.900542,0.266804,0.889079,0.286764,0.520952,0.370125,0.805292,0.878893,0.233774,0.690206,0.259413,0.448544,0.507858,0.882101,0.719795,0.713557,0.507345,0.164039,0.879807,0.087393,0.123880,0.871258,0.885593,0.877457,0.652844,0.887794,0.170354,0.498783,0.298860,0.417225,0.894014,0.636327,0.083486,0.345889,0.925756,0.178017,0.233671,0.704001,0.198645,0.053551,0.300683,0.744028,0.069926,0.772871,0.691957,0.066847,0.878211,0.256857,0.297076,0.947914,0.282592,0.843550,0.372326,0.452882,0.708659,0.053056,0.282971,0.199242,0.697816,0.273552,0.941079,0.536208,0.749325,0.607076,0.143199,0.878254,0.304239,0.731766,0.278026,0.283453,0.409232,0.485900,0.369533,0.754195,0.576488,0.148292,0.276852,0.456622,0.298286,0.747903
SYN_BIGPN_0766,0,0,1,1,0.514920,0.884374,0.527467,0.714492,0.504570,0.757255,0.905353,0.311375,0.760447,0.724233,0.265281,0.775195,0.427949,0.620317,0.196793,0.219230,0.381693,0.205313,0.878763,0.349938,0.731352,0.666121,0.826385,0.137124,0.406367,0.384283,0.239484,0.877917,0.583586,0.106433,0.392991,0.883212,0.117506,0.294652,0.097844,0.611913,0.219851,0.549989,0.387292,0.333659,0.879995,0.684128,0.280718,0.760166,0.555210,0.635343,0.234293,0.574174,0.445559,0.571457,0.895505,0.472137,0.150282,0.109357,0.340149,0.454611,0.198448,0.509636,0.449672,0.653406,0.348968,0.842882,0.919548,0.516714,0.490983,0.102665,0.773674,0.824045,0.783636,0.122981,0.533920,0.142576,0.746975,0.251233,0.192064,0.145438,0.185541,0.707228,0.637175,0.475815,0.742211,0.421756,0.316197,0.171540,0.376365,0.940174,0.441656,0.312064,0.243717,0.470248,0.301503,0.609450,0.931397,0.164283,0.203293,0.926668,0.933826,0.546730,0.179457,0.364279,0.829524,0.930368,0.428641,0.292662,0.644730,0.221026,0.336427,0.250869,0.598904,0.455076,0.848069,0.405435,0.450055
SYN_BIGPN_0767,1,1,1,1,0.323791,0.080515,0.496754,0.690658,0.148513,0.368625,0.597565,0.439823,0.463941,0.504677,0.468414,0.409607,0.203012,0.878555,0.076521,0.725024,0.887962,0.088471,0.675091,0.295078,0.612072,0.148055,0.601874,0.622919,0.825944,0.124916,0.118752,0.658029,0.803552,0.081916,0.667137,0.845637,0.726193,0.828095,0.242713,0.353637,0.335745,0.567067,0.763434,0.551070,0.567478,0.475204,0.615810,0.127813,0.265247,0.328028,0.247779,0.574179,0.397404,0.818949,0.547345,0.221902,0.318589,0.729349,0.302371,0.860943,0.687280,0.874718,0.906421,0.088945,0.659551,0.060202,0.547791,0.810366,0.063450,0.177735,0.305877,0.189917,0.307746,0.903883,0.365249,0.350340,0.110720,0.346495,0.924579,0.780221,0.871920,0.403500,0.061210,0.192521,0.469874,0.283792,0.910191,0.576197,0.381900,0.405590,0.625662,0.268712,0.522293,0.639668,0.927792,0.105806,0.462250,0.706864,0.208746,0.392796,0.876221,0.270497,0.786062,0.235612,0.078237,0.709710,0.591954,0.632133,0.764196,0.452449,0.625101,0.834712,0.455221,0.808054,0.092782,0.294821,0.623613
SYN_BIGPN_0768,0,1,0,0,0.651650,0.732465,0.233549,0.629410,0.431547,0.806846,0.694069,0.300565,0.478970,0.341713,0.165389,0.763102,0.740227,0.601040,0.218600,0.304834,0.707269,0.488771,0.296193,0.888079,0.516275,0.448583,0.259904,0.881554,0.600089,0.315270,0.356165,0.132873,0.440878,0.256179,0.445734,0.494860,0.467461,0.777116,0.759069,0.645121,0.626141,0.711169,0.899842,0.110183,0.276209,0.082151,0.575342,0.598565,0.369670,0.740613,0.469137,0.632121,0.927898,0.581231,0.407405,0.417927,0.405797,0.707079,0.341806,0.942082,0.557766,0.806560,0.939231,0.472711,0.526480,0.894506,0.828017,0.193335,0.103509,0.268417,0.909024,0.447108,0.390385,0.445845,0.146023,0.279242,0.391457,0.239775,0.074198,0.404110,0.624710,0.374936,0.825394,0.805764,0.575000,0.848036,0.811249,0.614082,0.270852,0.357370,0.711878,0.073606,0.554917,0.054953,0.679474,0.137957,0.463469,0.470742,0.263892,0.570945,0.707332,0.803950,0.408002,0.253220,0.744149,0.115082,0.898934,0.514003,0.271409,0.693860,0.201923,0.266123,0.630125,0.183240,0.203662,0.063651,0.939273
SYN_BIGPN_0769,1,0,0,0,0.536540,0.211882,0.378270,0.711401,0.400404,0.508823,0.327263,0.156062,0.508852,0.305375,0.059692,0.715695,0.915317,0.076308,0.425822,0.868726,0.353325,0.348741,0.839166,0.069507,0.803625,0.871271,0.436215,0.925858,0.649437,0.399834,0.346835,0.288958,0.529698,0.277183,0.115117,0.449839,0.235971,0.606526,0.911189,0.735742,0.891202,0.345994,0.208028,0.191868,0.903687,0.892591,0.088155,0.352603,0.604797,0.599049,0.163538,0.527295,0.231532,0.512618,0.568355,0.725891,0.579918,0.408780,0.094983,0.762738,0.524474,0.266062,0.302400,0.667173,0.330831,0.747690,0.375708,0.670516,0.480825,0.748679,0.845505,0.482415,0.296624,0.707831,0.432884,0.363076,0.592871,0.130764,0.931736,0.309615,0.824280,0.236669,0.538906,0.531111,0.141961,0.420249,0.916033,0.234926,0.639597,0.081797,0.075996,0.595710,0.788512,0.346174,0.608782,0.868726,0.429140,0.283406,0.555471,0.419002,0.485761,0.167173,0.360918,0.146121,0.910740,0.838314,0.673324,0.733171,0.223128,0.818231,0.641265,0.798024,0.609666,0.849569,0.700175,0.705399,0.382640
SYN_BIGPN_0770,0,1,0,1,0.133479,0.435257,0.598156,0.359030,0.792938,0.161669,0.869692,0.341692,0.122470,0.518495,0.616201,0.509722,0.272569,0.519533,0.896001,0.483864,0.225580,0.816781,0.571234,0.152546,0.193047,0.682998,0.523637,0.927804,0.825940,0.486836,0.282404,0.417721,0.815540,0.560313,0.900148,0.801136,0.809054,0.890143,0.693030,0.120507,0.118466,0.447903,0.875266,0.537037,0.909584,0.498565,0.510615,0.443106,0.235320,0.424171,0.120390,0.332632,0.182301,0.517124,0.627654,0.320357,0.074402,0.411088,0.860043,0.937561,0.320638,0.834848,0.481926,0.123384,0.450676,0.118200,0.355052,0.608890,0.943065,0.694711,0.104485,0.705658,0.339353,0.629583,0.634213,0.793092,0.723307,0.593823,0.655260,0.796606,0.132321,0.080773,0.833922,0.797190,0.660559,0.308555,0.743160,0.617310,0.711724,0.134242,0.245457,0.683623,0.245531,0.289819,0.887460,0.841863,0.805471,0.359749,0.294385,0.289944,0.512035,0.545159,0.810656,0.843715,0.687755,0.728197,0.241075,0.802771,0.180631,0.323350,0.143771,0.363311,0.770822,0.445823,0.579123,0.727689,0.763324
SYN_BIGPN_0771,1,0,0,0,0.588807,0.643928,0.271841,0.730098,0.430486,0.172926,0.921477,0.703484,0.944154,0.703049,0.202612,0.105237,0.133341,0.803492,0.742341,0.654469,0.398243,0.207685,0.924286,0.138514,0.679076,0.860224,0.858131,0.703702,0.607060,0.238229,0.148255,0.640013,0.850961,0.940863,0.219893,0.241033,0.085410,0.840657,0.129820,0.385607,0.248720,0.163492,0.143862,0.248631,0.112151,0.089281,0.372124,0.551089,0.514754,0.517886,0.541408,0.853070,0.081272,0.736737,0.797381,0.929044,0.527899,0.699075,0.545052,0.523798,0.698943,0.848769,0.941446,0.591946,0.762452,0.535834,0.215375,0.887740,0.765024,0.913846,0.452382,0.508784,0.250431,0.553398,0.324736,0.914520,0.456160,0.338723,0.430155,0.281610,0.423238,0.095258,0.464651,0.487707,0.722255,0.250969,0.707984,0.382705,0.664173,0.295390,0.299526,0.387650,0.557840,0.290470,0.308928,0.492022,0.879274,0.348073,0.367445,0.897940,0.285242,0.269087,0.210312,0.717128,0.895709,0.406382,0.380991,0.886360,0.238184,0.767255,0.191888,0.569413,0.798176,0.158248,0.423520,0.327263,0.478605
SYN_BIGPN_0772,0,0,0,0,0.417069,0.806038,0.687736,0.746229,0.339980,0.311976,0.406145,0.675996,0.299129,0.212819,0.609862,0.838418,0.283049,0.880651,0.323139,0.488533,0.220760,0.536195,0.624301,0.483401,0.195635,0.252181,0.633573,0.709071,0.527892,0.472264,0.548139,0.321799,0.664480,0.880267,0.277910,0.439646,0.778901,0.750913,0.530766,0.473190,0.755737,0.880109,0.740212,0.135839,0.813573,0.639296,0.522466,0.281374,0.705033,0.777012,0.649207,0.943458,0.624836,0.196062,0.278281,0.709869,0.098264,0.723883,0.118239,0.170799,0.401944,0.946975,0.734239,0.655975,0.255967,0.656335,0.920258,0.143892,0.797539,0.278103,0.480840,0.748414,0.104680,0.518835,0.779737,0.278746,0.537426,0.055149,0.370690,0.813462,0.707207,0.090253,0.104141,0.543364,0.911073,0.394665,0.582154,0.265326,0.453398,0.888926,0.749414,0.072342,0.927841,0.867675,0.569689,0.546805,0.845102,0.320547,0.359617,0.930108,0.110766,0.178048,0.462418,0.730143,0.507816,0.273081,0.917455,0.435554,0.277390,0.453914,0.736530,0.389984,0.654981,0.675411,0.679287,0.898621,0.131315
SYN_BIGPN_0773,0,1,1,1,0.169302,0.291025,0.898554,0.572394,0.603351,0.430700,0.915269,0.675475,0.289887,0.543016,0.231999,0.353011,0.122777,0.650740,0.740030,0.085056,0.586096,0.468426,0.858373,0.873856,0.059051,0.542311,0.618738,0.436803,0.577698,0.882082,0.674217,0.640812,0.463918,0.291583,0.198017,0.419020,0.368552,0.909207,0.706197,0.182828,0.238134,0.947301,0.332031,0.749559,0.837155,0.342958,0.361859,0.837840,0.719542,0.795539,0.425251,0.446707,0.792970,0.386267,0.136560,0.578848,0.785088,0.531641,0.884574,0.754334,0.363663,0.581664,0.572654,0.902569,0.528969,0.874354,0.365606,0.885462,0.581363,0.760174,0.328435,0.927167,0.701106,0.593742,0.739684,0.191176,0.070927,0.924945,0.421920,0.439778,0.316173,0.601799,0.201077,0.160142,0.066431,0.520179,0.796167,0.432019,0.283282,0.696560,0.616717,0.719608,0.673427,0.583225,0.692739,0.462581,0.186711,0.336988,0.571170,0.636708,0.664637,0.059357,0.453441,0.627052,0.424053,0.300997,0.154313,0.669468,0.855603,0.612147,0.174532,0.829058,0.659457,0.396743,0.559090,0.172607,0.681601
SYN_BIGPN_0774,1,1,0,1,0.467213,0.924236,0.244013,0.496625,0.803655,0.711506,0.711189,0.331352,0.696434,0.251450,0.378929,0.728013,0.523283,0.840991,0.093835,0.507948,0.881774,0.076948,0.566409,0.501234,0.221112,0.580886,0.742005,0.266816,0.546507,0.180249,0.854958,0.593910,0.336999,0.066802,0.360750,0.532756,0.855624,0.795935,0.380039,0.567398,0.815870,0.470391,0.690694,0.093870,0.598634,0.252627,0.205699,0.401092,0.189838,0.247276,0.266298,0.913807,0.497901,0.408379,0.437556,0.104183,0.211315,0.480402,0.672732,0.528340,0.201190,0.873807,0.401987,0.072818,0.614377,0.654840,0.801307,0.520303,0.255605,0.662981,0.214281,0.053367,0.744437,0.147966,0.282690,0.560386,0.564342,0.195772,0.574228,0.064510,0.571380,0.667226,0.101639,0.140776,0.743775,0.555466,0.865759,0.207170,0.337928,0.720285,0.811230,0.364285,0.910253,0.896660,0.315189,0.488167,0.717976,0.294472,0.896675,0.780310,0.617705,0.465075,0.218012,0.131689,0.527194,0.641261,0.095966,0.440372,0.799425,0.949833,0.629519,0.174819,0.708819,0.891953,0.612474,0.197447,0.352488
SYN_BIGPN_0775,1,0,1,0,0.175746,0.187684,0.751258,0.407261,0.390236,0.455018,0.861530,0.549266,0.592381,0.701984,0.351633,0.100558,0.450062,0.789821,0.716045,0.142785,0.256059,0.277717,0.120832,0.736281,0.228908,0.582447,0.086416,0.454332,0.098525,0.168446,0.203658,0.094952,0.317119,0.682534,0.133335,0.488126,0.785738,0.576109,0.547760,0.274193,0.221741,0.295050,0.285294,0.187908,0.221143,0.913114,0.869809,0.629794,0.094564,0.581101,0.864438,0.812494,0.135334,0.149755,0.897529,0.778721,0.942917,0.478637,0.296576,0.459333,0.211825,0.348465,0.141428,0.085309,0.599568,0.351075,0.762589,0.556571,0.765673,0.182812,0.526357,0.282986,0.533349,0.823783,0.069427,0.816327,0.060169,0.610524,0.700461,0.846083,0.796249,0.188205,0.433786,0.787242,0.604963,0.930678,0.569347,0.926698,0.626908,0.261657,0.620067,0.206175,0.565915,0.761046,0.316112,0.563323,0.724354,0.518623,0.524751,0.289554,0.137553,0.590429,0.701435,0.536476,0.352549,0.719525,0.883210,0.464083,0.170394,0.644814,0.884785,0.669772,0.469083,0.618288,0.151952,0.360309,0.763668
SYN_BIGPN_0776,0,1,1,0,0.441227,0.450353,0.660020,0.499714,0.321271,0.543000,0.212786,0.074745,0.537732,0.737016,0.208520,0.608617,0.451848,0.106935,0.500482,0.323874,0.304241,0.819522,0.565668,0.328807,0.255766,0.334767,0.900799,0.573664,0.901894,0.107472,0.297072,0.849257,0.704903,0.425437,0.712169,0.858238,0.140580,0.742543,0.258292,0.387377,0.294321,0.909167,0.057003,0.392766,0.722266,0.674841,0.197369,0.585386,0.121652,0.517069,0.330802,0.266581,0.267649,0.626749,0.692372,0.772716,0.743380,0.938708,0.717390,0.135085,0.202183,0.844062,0.925633,0.691618,0.927006,0.185988,0.483687,0.212488,0.060808,0.925993,0.403990,0.757583,0.264343,0.138765,0.437420,0.277347,0.156638,0.624281,0.433403,0.443124,0.471988,0.851579,0.101867,0.122401,0.876795,0.433534,0.659097,0.173097,0.834259,0.068319,0.601908,0.169292,0.354212,0.630604,0.381490,0.212485,0.942271,0.920956,0.946132,0.268347,0.598289,0.104008,0.255262,0.455548,0.406317,0.241847,0.365141,0.315337,0.214550,0.145986,0.866913,0.104974,0.122128,0.842787,0.904369,0.299416,0.612706
SYN_BIGPN_0777,1,1,0,1,0.249438,0.711485,0.415659,0.501919,0.782879,0.656361,0.722530,0.524624,0.322833,0.881982,0.922800,0.322543,0.878006,0.930827,0.282008,0.334875,0.071219,0.672063,0.769608,0.596247,0.278321,0.078649,0.436739,0.175588,0.328301,0.727340,0.077863,0.640015,0.290655,0.851851,0.190919,0.858973,0.591118,0.109815,0.534579,0.160288,0.269530,0.704164,0.949127,0.817184,0.242668,0.162533,0.579091,0.945274,0.627258,0.684224,0.402645,0.141285,0.793142,0.285575,0.116897,0.512394,0.933860,0.820631,0.329598,0.361173,0.546856,0.100053,0.264492,0.801376,0.890200,0.147968,0.216914,0.321020,0.453454,0.051272,0.530603,0.356020,0.573048,0.548536,0.409128,0.633922,0.410527,0.731007,0.394961,0.402242,0.362867,0.736237,0.735768,0.206667,0.473449,0.636133,0.871022,0.323612,0.091110,0.832343,0.580785,0.179506,0.892632,0.185526,0.763727,0.179784,0.501092,0.520998,0.895234,0.462496,0.448689,0.910833,0.804675,0.737051,0.131172,0.207622,0.153023,0.209287,0.557538,0.178855,0.416658,0.662268,0.306112,0.515547,0.880081,0.098818,0.336325
SYN_BIGPN_0778,0,0,1,1,0.767244,0.949434,0.493568,0.231314,0.608342,0.107290,0.374851,0.337484,0.750211,0.303348,0.564342,0.207344,0.526287,0.083685,0.887259,0.182746,0.255853,0.366638,0.678341,0.711170,0.244030,0.460156,0.428787,0.911095,0.887356,0.617109,0.312607,0.834829,0.549209,0.733393,0.627614,0.266921,0.164396,0.101293,0.258167,0.602213,0.307837,0.294973,0.899043,0.341701,0.823694,0.611063,0.832166,0.808554,0.912033,0.173542,0.942002,0.074479,0.325687,0.823044,0.724598,0.765649,0.387793,0.526982,0.237267,0.457683,0.256249,0.093611,0.730377,0.244453,0.115782,0.075680,0.890565,0.434210,0.842216,0.395858,0.237004,0.326987,0.268657,0.521242,0.104430,0.352205,0.378506,0.539447,0.945823,0.175285,0.842271,0.313970,0.560314,0.612268,0.433623,0.093900,0.612044,0.698449,0.105144,0.421365,0.884884,0.746167,0.840030,0.747795,0.774532,0.386857,0.588811,0.163528,0.588566,0.542528,0.620957,0.375535,0.880800,0.529120,0.649903,0.298941,0.243575,0.175945,0.251306,0.533385,0.277437,0.112960,0.892190,0.727230,0.146603,0.094697,0.513663
SYN_BIGPN_0779,1,1,1,1,0.781035,0.851181,0.498837,0.235805,0.869605,0.220912,0.724728,0.753620,0.706229,0.696530,0.617764,0.165928,0.099985,0.173246,0.068442,0.537057,0.820495,0.382571,0.400360,0.929560,0.941041,0.092677,0.231767,0.213417,0.211329,0.495810,0.112172,0.524686,0.102135,0.732887,0.643550,0.754633,0.150487,0.085980,0.242553,0.213621,0.455085,0.544082,0.736889,0.838810,0.351016,0.502607,0.073914,0.445257,0.573028,0.908435,0.513741,0.654032,0.886016,0.304983,0.119091,0.588102,0.865390,0.255923,0.323983,0.302048,0.151909,0.886925,0.676479,0.561525,0.553840,0.802151,0.270894,0.110572,0.068768,0.732990,0.100377,0.926773,0.552964,0.728099,0.172003,0.091011,0.839090,0.602325,0.750970,0.161736,0.897698,0.198757,0.781725,0.359829,0.235946,0.565338,0.637453,0.331320,0.368247,0.590365,0.812165,0.642547,0.383605,0.878017,0.200005,0.374915,0.489408,0.287799,0.370832,0.441588,0.576613,0.917243,0.771681,0.924533,0.871385,0.768432,0.694911,0.461468,0.717472,0.332329,0.192958,0.144331,0.766980,0.076918,0.476477,0.834033,0.892408
SYN_BIGPN_0780,1,0,0,0,0.082202,0.897804,0.767242,0.689956,0.782459,0.281921,0.322542,0.548366,0.854337,0.754457,0.949645,0.089595,0.467734,0.763420,0.618757,0.499198,0.198354,0.172082,0.819207,0.063456,0.680310,0.411174,0.112380,0.067323,0.915322,0.180487,0.902270,0.779683,0.266281,0.490564,0.113105,0.306166,0.942421,0.684953,0.345658,0.051848,0.555446,0.139764,0.507502,0.450608,0.377512,0.704104,0.289877,0.108735,0.258284,0.594528,0.936966,0.808969,0.819891,0.555117,0.094327,0.753346,0.265703,0.769371,0.910350,0.665463,0.607980,0.298523,0.468066,0.511275,0.505724,0.668690,0.520130,0.175218,0.734809,0.173741,0.614328,0.143564,0.102492,0.234778,0.539742,0.255619,0.183745,0.694004,0.642870,0.682633,0.635526,0.710975,0.232319,0.532061,0.083066,0.418381,0.142267,0.438535,0.804913,0.504718,0.360854,0.241848,0.115526,0.506274,0.081785,0.529376,0.678136,0.439316,0.194731,0.351655,0.176655,0.490516,0.165388,0.547126,0.358079,0.672015,0.120805,0.435387,0.701700,0.099239,0.222394,0.359390,0.346502,0.304116,0.450672,0.098500,0.263531
SYN_BIGPN_0781,1,1,0,0,0.919562,0.591096,0.711162,0.650816,0.618928,0.210537,0.790824,0.271073,0.828831,0.827965,0.370485,0.208408,0.503781,0.416934,0.353401,0.746406,0.611692,0.332457,0.473626,0.350856,0.090374,0.644817,0.143492,0.507182,0.808631,0.804763,0.185022,0.489784,0.643883,0.375701,0.257214,0.532635,0.173520,0.333157,0.522882,0.475231,0.487314,0.917610,0.254842,0.202021,0.827139,0.821363,0.310813,0.200900,0.843319,0.629221,0.537007,0.677082,0.602141,0.589051,0.861761,0.700033,0.114765,0.816120,0.337249,0.086563,0.202210,0.641013,0.592667,0.674143,0.750346,0.301190,0.115012,0.661154,0.517661,0.739469,0.730396,0.729465,0.707335,0.139020,0.933456,0.694066,0.653945,0.262332,0.556240,0.340153,0.385824,0.525424,0.922367,0.829087,0.633630,0.836547,0.666341,0.156501,0.608464,0.520767,0.274243,0.574907,0.195681,0.723550,0.747325,0.814264,0.265556,0.903090,0.314488,0.782191,0.607834,0.445036,0.825244,0.118602,0.312734,0.901528,0.453983,0.704426,0.346318,0.099700,0.508185,0.865882,0.374821,0.156657,0.526386,0.891517,0.453454
SYN_BIGPN_0782,0,0,0,1,0.674541,0.627883,0.910887,0.189835,0.580650,0.520266,0.559976,0.942788,0.506343,0.671856,0.566496,0.783070,0.534839,0.791098,0.787376,0.271648,0.615935,0.274935,0.186291,0.312644,0.576138,0.312417,0.941503,0.265899,0.506643,0.918724,0.674084,0.117618,0.430057,0.882918,0.846852,0.834017,0.084725,0.121701,0.292286,0.643321,0.397909,0.412626,0.060137,0.919232,0.361515,0.238000,0.084328,0.134013,0.795091,0.668999,0.432140,0.257627,0.649678,0.518361,0.134459,0.698792,0.480615,0.668566,0.792921,0.645301,0.601761,0.671360,0.341988,0.682236,0.784957,0.088542,0.142078,0.915314,0.849557,0.133688,0.240232,0.277140,0.761519,0.219883,0.221683,0.170427,0.810969,0.757902,0.087718,0.863566,0.183869,0.717054,0.809366,0.226061,0.505213,0.136837,0.496975,0.060224,0.614537,0.214710,0.110569,0.828149,0.875953,0.432771,0.866370,0.733693,0.438856,0.581334,0.791315,0.807774,0.603919,0.519993,0.465733,0.213471,0.538769,0.786309,0.716718,0.695337,0.121987,0.507588,0.303197,0.693502,0.391888,0.646794,0.397729,0.842259,0.767330
SYN_BIGPN_0783,0,1,0,1,0.282510,0.446710,0.848871,0.169007,0.515188,0.338288,0.455018,0.255961,0.852856,0.339759,0.894936,0.583425,0.910441,0.942568,0.498631,0.417463,0.405169,0.530103,0.144200,0.847607,0.550498,0.847331,0.285736,0.629688,0.225267,0.775619,0.105597,0.719834,0.860020,0.546729,0.817922,0.285995,0.175826,0.935181,0.692791,0.690857,0.108346,0.673030,0.413007,0.094743,0.235873,0.531626,0.250211,0.649532,0.597691,0.456185,0.806961,0.330468,0.525067,0.363103,0.822706,0.518827,0.939738,0.588762,0.896382,0.467957,0.057330,0.432793,0.239603,0.722380,0.268960,0.296156,0.527650,0.185652,0.181484,0.147439,0.583791,0.578329,0.716907,0.493448,0.472978,0.820542,0.916793,0.633370,0.618780,0.356489,0.928682,0.434821,0.526881,0.116365,0.257991,0.594567,0.830582,0.571888,0.394818,0.132651,0.434070,0.360699,0.539636,0.130792,0.760736,0.205193,0.669199,0.708199,0.062892,0.523927,0.149855,0.660961,0.251744,0.114880,0.797728,0.716494,0.821512,0.643391,0.072613,0.278589,0.819085,0.732015,0.272868,0.816045,0.779671,0.764040,0.340386
SYN_BIGPN_0784,0,0,0,0,0.832259,0.309032,0.753840,0.366438,0.153883,0.933510,0.761373,0.834506,0.222501,0.605215,0.805798,0.623882,0.942347,0.326771,0.173931,0.394768,0.134266,0.893462,0.949436,0.730248,0.144528,0.367327,0.237150,0.070220,0.671681,0.853755,0.094005,0.793748,0.197903,0.534261,0.443743,0.296864,0.435854,0.318441,0.703018,0.674181,0.476791,0.198667,0.416967,0.131000,0.921978,0.386322,0.424946,0.485724,0.193254,0.333850,0.692748,0.082739,0.749350,0.639184,0.176987,0.840048,0.461239,0.711423,0.939724,0.331540,0.738381,0.398676,0.823985,0.059029,0.302687,0.499124,0.803906,0.655736,0.138543,0.292160,0.533568,0.525544,0.188967,0.366763,0.124106,0.940599,0.484535,0.257738,0.293520,0.242228,0.312386,0.681120,0.334713,0.802158,0.328493,0.441015,0.905142,0.825425,0.612498,0.401451,0.053730,0.220340,0.180002,0.770257,0.708843,0.930217,0.846322,0.776978,0.305816,0.356202,0.634109,0.318359,0.426562,0.317505,0.285727,0.924439,0.807093,0.949793,0.150745,0.518927,0.625143,0.348696,0.266939,0.617725,0.787033,0.346894,0.273854
SYN_BIGPN_0785,0,1,0,1,0.505120,0.532451,0.124439,0.513395,0.902329,0.707019,0.178521,0.429605,0.739173,0.347340,0.692192,0.068834,0.504942,0.847159,0.242323,0.180483,0.457710,0.331513,0.178978,0.400222,0.350924,0.572844,0.510349,0.187299,0.417657,0.938931,0.174189,0.900198,0.059049,0.510709,0.918678,0.388241,0.699598,0.256424,0.203332,0.719563,0.091711,0.321088,0.547957,0.613914,0.724121,0.150781,0.057315,0.055399,0.104391,0.424367,0.145624,0.793649,0.423959,0.411049,0.172096,0.406501,0.623398,0.166975,0.833434,0.447895,0.328164,0.715750,0.628687,0.493500,0.469145,0.356745,0.238980,0.784554,0.615864,0.846416,0.091523,0.707976,0.319434,0.290382,0.699041,0.840245,0.178803,0.629486,0.420139,0.438206,0.249875,0.364668,0.825698,0.446767,0.742590,0.261097,0.197103,0.120077,0.790529,0.175242,0.703509,0.620806,0.867436,0.644665,0.461903,0.837405,0.330811,0.812246,0.361565,0.743987,0.768736,0.596553,0.387735,0.461518,0.914230,0.229939,0.107508,0.773207,0.183194,0.842041,0.792316,0.178246,0.932027,0.899392,0.862676,0.144207,0.099714
SYN_BIGPN_0786,0,0,1,0,0.102175,0.074579,0.152033,0.631310,0.188866,0.120658,0.371957,0.110395,0.590916,0.704840,0.119561,0.449627,0.317767,0.875075,0.935597,0.466710,0.477462,0.759713,0.833902,0.649905,0.776650,0.178392,0.147846,0.593109,0.448607,0.302056,0.251594,0.826232,0.741981,0.384787,0.429928,0.331143,0.388433,0.066669,0.166032,0.715660,0.832022,0.149208,0.534079,0.852019,0.723527,0.185828,0.327098,0.884414,0.468395,0.192250,0.947612,0.768720,0.189883,0.511234,0.821420,0.101783,0.593175,0.122795,0.190153,0.618047,0.056919,0.738844,0.681805,0.296823,0.351090,0.436862,0.090408,0.413630,0.572331,0.103474,0.692966,0.715781,0.630221,0.312040,0.187151,0.150943,0.148230,0.937078,0.674161,0.372080,0.265853,0.726200,0.375426,0.255938,0.306856,0.438700,0.781807,0.458128,0.486097,0.906005,0.411303,0.425261,0.367116,0.340292,0.820576,0.851032,0.746171,0.327330,0.673802,0.523041,0.881282,0.170220,0.850818,0.766091,0.420436,0.151593,0.440684,0.314984,0.640859,0.096946,0.864007,0.298264,0.753873,0.515796,0.239203,0.344100,0.200509
SYN_BIGPN_0787,1,0,0,1,0.229699,0.769226,0.572404,0.582690,0.598902,0.667910,0.612869,0.838515,0.790823,0.592083,0.549352,0.913120,0.342180,0.672503,0.934640,0.337523,0.779397,0.232867,0.328093,0.934572,0.455491,0.554648,0.102868,0.472222,0.173052,0.872813,0.713839,0.430969,0.465618,0.172568,0.566464,0.238095,0.578967,0.536847,0.810318,0.839009,0.337606,0.374404,0.554228,0.447630,0.529688,0.900123,0.678960,0.882076,0.086718,0.587865,0.261989,0.346416,0.376601,0.391927,0.678314,0.681055,0.925958,0.913865,0.531089,0.791524,0.869627,0.578021,0.060944,0.059706,0.366297,0.759536,0.644534,0.064119,0.568456,0.782340,0.184183,0.097451,0.900768,0.880204,0.905242,0.288658,0.356827,0.864155,0.808974,0.344470,0.380697,0.495557,0.426782,0.456887,0.614002,0.358346,0.400639,0.301776,0.257083,0.287466,0.249951,0.307931,0.450854,0.152570,0.387739,0.331276,0.681119,0.847355,0.888190,0.056009,0.115492,0.440352,0.301851,0.761832,0.644386,0.689390,0.852956,0.696568,0.105897,0.235440,0.919223,0.363596,0.440883,0.853977,0.436227,0.221644,0.717150
SYN_BIGPN_0788,1,1,1,1,0.123858,0.366336,0.105788,0.248800,0.415369,0.485251,0.409903,0.220128,0.544026,0.647804,0.053897,0.849310,0.711369,0.145910,0.845689,0.818880,0.792110,0.236433,0.904006,0.566517,0.372791,0.155111,0.275410,0.585193,0.926350,0.265660,0.740738,0.216558,0.490101,0.192752,0.941743,0.618225,0.194566,0.683613,0.796831,0.376221,0.131951,0.843505,0.435216,0.482815,0.379492,0.243862,0.562436,0.925147,0.157796,0.218177,0.060171,0.262792,0.731741,0.130603,0.527225,0.631644,0.937024,0.874715,0.543427,0.734873,0.909783,0.828278,0.246656,0.340562,0.900493,0.187375,0.678336,0.533203,0.079519,0.410400,0.845197,0.494122,0.841966,0.249367,0.817564,0.847533,0.159059,0.921314,0.876745,0.822469,0.818849,0.677735,0.087083,0.811140,0.168307,0.749821,0.556988,0.745321,0.272874,0.288711,0.736109,0.059283,0.336560,0.390141,0.477131,0.699757,0.556245,0.367896,0.246260,0.164134,0.458535,0.833827,0.446157,0.540739,0.777401,0.310691,0.054291,0.109342,0.196156,0.235043,0.264353,0.197039,0.705428,0.058872,0.653625,0.467021,0.418747
SYN_BIGPN_0789,1,0,1,1,0.437968,0.307697,0.372233,0.281292,0.240162,0.404376,0.149526,0.225661,0.223946,0.107637,0.123493,0.882856,0.737934,0.479693,0.202718,0.863930,0.237324,0.852407,0.168434,0.168517,0.224975,0.905298,0.939786,0.751660,0.347570,0.878444,0.078675,0.916610,0.435284,0.535101,0.271141,0.548525,0.227157,0.837863,0.398976,0.450589,0.083599,0.925969,0.330260,0.803181,0.586651,0.358564,0.608805,0.929068,0.797883,0.242612,0.098420,0.775699,0.088648,0.260645,0.282207,0.129009,0.261003,0.362403,0.636627,0.350361,0.920296,0.853117,0.268610,0.625033,0.614395,0.491098,0.166553,0.392229,0.759949,0.672548,0.660081,0.565130,0.659918,0.442216,0.948993,0.265689,0.650368,0.691431,0.376981,0.079600,0.280093,0.692067,0.770221,0.905588,0.159832,0.332279,0.893565,0.260731,0.765112,0.822600,0.591887,0.383524,0.548091,0.893728,0.470714,0.069723,0.284971,0.130647,0.665291,0.289610,0.053209,0.536359,0.094258,0.711362,0.705803,0.063862,0.278574,0.141744,0.164174,0.128472,0.453808,0.651896,0.778273,0.206864,0.152439,0.645495,0.318782
SYN_BIGPN_0790,1,0,0,0,0.346113,0.704182,0.342173,0.943797,0.902774,0.449141,0.074786,0.581715,0.812024,0.865416,0.397418,0.851822,0.160043,0.414130,0.298142,0.812896,0.685441,0.753849,0.553768,0.676801,0.495235,0.741917,0.419523,0.796504,0.895083,0.431604,0.887636,0.373820,0.667622,0.422740,0.690276,0.523244,0.301317,0.159025,0.805218,0.249648,0.716057,0.898549,0.659974,0.398056,0.153093,0.557446,0.093054,0.626345,0.655274,0.646475,0.750741,0.712682,0.824595,0.761009,0.814102,0.321056,0.071762,0.058080,0.941712,0.350228,0.629854,0.895486,0.624348,0.130307,0.351547,0.216030,0.827698,0.200567,0.540158,0.150082,0.689991,0.818780,0.714899,0.744524,0.541597,0.858553,0.822431,0.101272,0.589590,0.822692,0.396197,0.688390,0.766691,0.757624,0.821285,0.734129,0.538435,0.725175,0.182509,0.904348,0.197551,0.762234,0.672600,0.364385,0.565763,0.764150,0.405938,0.524399,0.711069,0.662733,0.166307,0.923419,0.414202,0.711225,0.226708,0.710571,0.644237,0.914935,0.416342,0.112507,0.325308,0.900623,0.787201,0.903462,0.256150,0.281869,0.536627
SYN_BIGPN_0791,0,1,1,0,0.364451,0.890658,0.382902,0.579247,0.332535,0.689159,0.908030,0.074378,0.798741,0.290019,0.891571,0.092562,0.515445,0.599219,0.238122,0.681485,0.180354,0.841704,0.185454,0.876080,0.279878,0.773922,0.491036,0.941648,0.585163,0.673302,0.224942,0.055818,0.791096,0.094211,0.179611,0.352075,0.454407,0.936472,0.671074,0.602927,0.755050,0.074970,0.874477,0.339331,0.422359,0.717988,0.670647,0.132604,0.338323,0.052837,0.649140,0.471778,0.523660,0.487451,0.174967,0.100437,0.126911,0.291399,0.451165,0.381656,0.346701,0.313485,0.606048,0.555144,0.696825,0.559630,0.484371,0.504157,0.391404,0.583507,0.695828,0.405994,0.639856,0.874459,0.462310,0.235719,0.687896,0.064531,0.220660,0.626436,0.796025,0.398547,0.589954,0.500348,0.858568,0.875533,0.051144,0.930965,0.769016,0.825265,0.474187,0.129339,0.884168,0.240113,0.171672,0.081999,0.137388,0.452558,0.112720,0.273423,0.317023,0.551040,0.051642,0.853644,0.657640,0.813570,0.483191,0.499755,0.633875,0.535285,0.853429,0.253958,0.169265,0.208766,0.421304,0.863426,0.596174
SYN_BIGPN_0792,1,0,1,1,0.541080,0.086219,0.345871,0.435301,0.927822,0.121601,0.719033,0.869480,0.877479,0.931553,0.731591,0.920619,0.138614,0.857817,0.308842,0.622777,0.790321,0.553833,0.262871,0.079339,0.352417,0.180679,0.489252,0.070835,0.540284,0.795943,0.314916,0.052981,0.509071,0.765220,0.892808,0.652787,0.407359,0.088373,0.432331,0.297402,0.925766,0.425967,0.166873,0.671574,0.593603,0.659976,0.428753,0.352144,0.648235,0.108502,0.164040,0.061495,0.760994,0.813815,0.214338,0.297307,0.475390,0.378877,0.843821,0.496890,0.817720,0.385940,0.512335,0.055111,0.751724,0.522598,0.678883,0.695065,0.477589,0.064711,0.938447,0.569988,0.876179,0.714809,0.434363,0.332888,0.153658,0.682519,0.762309,0.863819,0.892194,0.682147,0.427467,0.895087,0.778240,0.662391,0.339816,0.710787,0.203888,0.891956,0.871557,0.268958,0.389736,0.298861,0.466473,0.624629,0.078109,0.878345,0.170300,0.907294,0.231895,0.836480,0.604505,0.912390,0.347367,0.157338,0.382430,0.474664,0.329162,0.719120,0.754774,0.450072,0.878255,0.458758,0.658677,0.563408,0.292428
SYN_BIGPN_0793,0,0,1,0,0.401991,0.198747,0.166615,0.166041,0.404211,0.345612,0.151841,0.574695,0.263548,0.697348,0.573930,0.866818,0.505860,0.051257,0.404051,0.601178,0.468265,0.726283,0.300172,0.355980,0.832085,0.343556,0.165719,0.520173,0.611840,0.357508,0.801622,0.827124,0.329449,0.611301,0.509788,0.830701,0.663832,0.672673,0.409907,0.416267,0.700041,0.820778,0.743498,0.089824,0.897368,0.614927,0.869050,0.938978,0.069629,0.335084,0.537894,0.274021,0.178861,0.075917,0.842483,0.194710,0.788429,0.639293,0.757168,0.641906,0.264904,0.901073,0.392924,0.387176,0.228289,0.907056,0.294877,0.406547,0.372768,0.807736,0.883481,0.067600,0.112009,0.683057,0.167822,0.566969,0.181874,0.883858,0.184501,0.162070,0.805516,0.736766,0.237658,0.063762,0.554650,0.120147,0.842753,0.192340,0.814434,0.524773,0.824640,0.898182,0.409688,0.422887,0.283874,0.527751,0.500002,0.676855,0.130871,0.431309,0.366403,0.564096,0.473695,0.740110,0.457722,0.605572,0.842869,0.158106,0.400629,0.055329,0.943422,0.838076,0.708307,0.933053,0.133192,0.413836,0.852426
SYN_BIGPN_0794,1,1,1,0,0.801679,0.838853,0.484674,0.111917,0.407881,0.544908,0.538550,0.494598,0.214254,0.908739,0.229742,0.113313,0.331641,0.682771,0.870911,0.212266,0.243243,0.535329,0.309707,0.528806,0.879171,0.568615,0.106661,0.745415,0.901759,0.151712,0.531476,0.317560,0.518756,0.219817,0.638173,0.570945,0.265596,0.474031,0.547860,0.892729,0.850252,0.269147,0.595652,0.056165,0.444866,0.754088,0.764304,0.873144,0.584585,0.223951,0.243915,0.895943,0.120866,0.203581,0.390250,0.383203,0.290845,0.239268,0.209241,0.426303,0.609112,0.062669,0.163904,0.764834,0.859893,0.060936,0.105831,0.265530,0.880623,0.243985,0.582044,0.178009,0.894301,0.757510,0.620535,0.910309,0.239995,0.907689,0.261460,0.901579,0.335804,0.543408,0.624617,0.171583,0.608284,0.741154,0.939342,0.154315,0.826377,0.491039,0.852859,0.397953,0.819809,0.610981,0.549678,0.298883,0.477913,0.153162,0.437505,0.107774,0.558762,0.462905,0.613960,0.466706,0.528426,0.603255,0.597269,0.865245,0.783307,0.885458,0.769255,0.649070,0.259498,0.774977,0.419247,0.104070,0.938722
SYN_BIGPN_0795,0,0,0,1,0.612115,0.300542,0.572658,0.108411,0.194593,0.936894,0.896985,0.271585,0.873830,0.052347,0.112521,0.861605,0.228931,0.804455,0.096888,0.829438,0.299653,0.600576,0.869080,0.344934,0.884953,0.304308,0.825657,0.687799,0.812357,0.264582,0.418034,0.871955,0.367137,0.321413,0.839644,0.311712,0.081197,0.089382,0.594416,0.417258,0.113258,0.690233,0.708174,0.487330,0.403867,0.832523,0.101143,0.845953,0.354959,0.677638,0.756751,0.573655,0.430073,0.477751,0.217953,0.210423,0.228631,0.862652,0.448192,0.070051,0.732422,0.656633,0.186921,0.235238,0.834046,0.275983,0.214521,0.478128,0.600119,0.691830,0.071649,0.210977,0.875351,0.119312,0.441305,0.561022,0.574014,0.651586,0.130462,0.240908,0.239781,0.472946,0.282126,0.157455,0.103680,0.353957,0.236928,0.449907,0.678283,0.303976,0.927153,0.248237,0.569773,0.653640,0.850700,0.651961,0.939742,0.156990,0.595390,0.787267,0.861095,0.821019,0.788650,0.096201,0.634145,0.302263,0.063332,0.499748,0.299851,0.701707,0.430104,0.699964,0.890075,0.809455,0.106688,0.377783,0.809699
SYN_BIGPN_0796,0,0,1,0,0.097493,0.385441,0.225239,0.502786,0.208644,0.795877,0.108163,0.631170,0.453676,0.298510,0.350275,0.056853,0.704673,0.775360,0.141585,0.905565,0.536766,0.842208,0.680880,0.841486,0.229878,0.222932,0.649147,0.334623,0.401618,0.655975,0.635663,0.310121,0.531877,0.293535,0.903380,0.909519,0.267813,0.637824,0.538585,0.650172,0.914965,0.940519,0.274346,0.140095,0.948021,0.189851,0.363642,0.786582,0.802848,0.612423,0.524335,0.363815,0.719556,0.640009,0.504666,0.489872,0.391198,0.217422,0.665941,0.364457,0.435850,0.599447,0.527195,0.467857,0.485497,0.570640,0.167646,0.503133,0.838395,0.760749,0.888461,0.257626,0.904170,0.895704,0.723539,0.317531,0.464937,0.474975,0.434865,0.852101,0.790925,0.101630,0.299638,0.629522,0.706418,0.088473,0.282895,0.537981,0.830785,0.444300,0.574819,0.208365,0.338875,0.737453,0.554651,0.918521,0.450268,0.713130,0.651414,0.573977,0.733153,0.735079,0.635855,0.747650,0.816951,0.895280,0.298846,0.230134,0.696377,0.145310,0.217437,0.405300,0.397184,0.624539,0.780745,0.362056,0.219324
SYN_BIGPN_0797,0,1,0,0,0.411991,0.711545,0.769777,0.369736,0.460707,0.330350,0.069593,0.592837,0.562380,0.654827,0.835264,0.689280,0.450934,0.409450,0.105603,0.800934,0.496215,0.291589,0.849101,0.730947,0.715506,0.334545,0.179556,0.543679,0.708717,0.438254,0.424757,0.909091,0.807183,0.182488,0.374213,0.097731,0.210284,0.862045,0.238395,0.132037,0.878302,0.116684,0.703867,0.573415,0.393686,0.099474,0.747000,0.489053,0.305065,0.305637,0.868619,0.702070,0.470160,0.472964,0.534017,0.804587,0.116819,0.128655,0.644738,0.747733,0.798052,0.396603,0.482519,0.650937,0.292537,0.944615,0.844784,0.699622,0.477877,0.529043,0.062429,0.412528,0.769902,0.513346,0.172530,0.552639,0.412892,0.172075,0.452117,0.574283,0.459396,0.710110,0.755360,0.557931,0.775651,0.244559,0.839163,0.580004,0.487639,0.460395,0.721449,0.252334,0.452133,0.298425,0.713268,0.399946,0.137106,0.870725,0.238544,0.258238,0.940633,0.222713,0.514773,0.169116,0.454368,0.108635,0.617211,0.156579,0.368405,0.944351,0.634073,0.256777,0.746554,0.131450,0.443730,0.900673,0.169785
SYN_BIGPN_0798,1,1,0,0,0.656905,0.429845,0.748548,0.431511,0.119997,0.115409,0.857838,0.193893,0.321250,0.681624,0.355164,0.562821,0.254941,0.335428,0.768123,0.093750,0.165541,0.210659,0.456522,0.311686,0.631363,0.687012,0.691613,0.099188,0.110319,0.814083,0.845689,0.818272,0.340447,0.884570,0.612167,0.535968,0.345450,0.052006,0.145977,0.663203,0.630747,0.513667,0.440953,0.234840,0.929203,0.792702,0.895163,0.620049,0.653554,0.243802,0.146074,0.777675,0.376467,0.555728,0.510706,0.651363,0.249247,0.504337,0.800982,0.766954,0.718346,0.393179,0.831662,0.478833,0.893735,0.749038,0.450814,0.356537,0.181123,0.119008,0.301465,0.681845,0.612925,0.773186,0.179379,0.949925,0.710140,0.116858,0.383981,0.587826,0.132337,0.482367,0.450777,0.200095,0.734847,0.490656,0.866415,0.270286,0.191662,0.430103,0.294459,0.328139,0.683967,0.089434,0.100984,0.118212,0.764170,0.790939,0.874985,0.232493,0.383481,0.460356,0.717360,0.918193,0.402464,0.794990,0.760557,0.304233,0.449280,0.521557,0.224460,0.942244,0.721004,0.362529,0.346362,0.892987,0.241838
SYN_BIGPN_0799,0,1,1,1,0.082978,0.425153,0.791558,0.136710,0.414917,0.143523,0.072248,0.354077,0.249761,0.855820,0.932436,0.470543,0.775229,0.152327,0.140409,0.282880,0.626118,0.764879,0.637757,0.259761,0.925043,0.444480,0.482275,0.401296,0.373629,0.918508,0.345610,0.534424,0.879161,0.602757,0.284788,0.720883,0.133356,0.271096,0.766126,0.521042,0.822743,0.799372,0.373856,0.365380,0.374014,0.267441,0.700246,0.604794,0.339507,0.491531,0.912686,0.555138,0.700818,0.265872,0.796506,0.802021,0.644276,0.123699,0.360966,0.376667,0.587847,0.479975,0.584591,0.312767,0.559831,0.712315,0.595508,0.637057,0.061782,0.811260,0.628001,0.940362,0.363644,0.797498,0.740022,0.495026,0.598182,0.102288,0.743494,0.808633,0.095490,0.098386,0.500636,0.311150,0.071364,0.869634,0.431319,0.171546,0.624888,0.621739,0.190463,0.767234,0.152658,0.379126,0.609578,0.829979,0.297595,0.133660,0.246315,0.369599,0.111993,0.439654,0.344363,0.316351,0.935417,0.397557,0.623662,0.924752,0.539636,0.801280,0.052084,0.150295,0.879832,0.811882,0.566382,0.454974,0.667273
SYN_BIGPN_0800,0,1,0,0,0.443812,0.797406,0.637448,0.743116,0.506002,0.255849,0.230851,0.418152,0.930655,0.127022,0.510967,0.071976,0.686520,0.922687,0.074836,0.445073,0.088692,0.398065,0.502114,0.153035,0.394151,0.595450,0.176863,0.516525,0.943886,0.907551,0.837357,0.440212,0.401398,0.872857,0.339348,0.792749,0.822155,0.692595,0.892963,0.232306,0.576751,0.655904,0.096493,0.237119,0.202651,0.739667,0.661037,0.831856,0.152162,0.442489,0.429637,0.163421,0.200733,0.277317,0.833706,0.355575,0.375616,0.918099,0.770852,0.364485,0.789926,0.872790,0.059493,0.692243,0.237338,0.448757,0.150486,0.244040,0.538989,0.553720,0.704004,0.643486,0.114964,0.355095,0.681484,0.330326,0.679333,0.632128,0.252906,0.437008,0.802707,0.633643,0.650302,0.167223,0.776362,0.189216,0.475209,0.346092,0.081914,0.424321,0.089383,0.628087,0.468265,0.323091,0.334818,0.874584,0.907114,0.082516,0.194809,0.411845,0.094058,0.395211,0.397169,0.455632,0.373580,0.437320,0.817665,0.627708,0.830723,0.131528,0.144253,0.191909,0.873087,0.365544,0.637229,0.417923,0.064956
SYN_BIGPN_0801,1,0,1,1,0.372720,0.102855,0.090113,0.503751,0.545528,0.712636,0.490330,0.930086,0.353432,0.670588,0.941079,0.452425,0.269685,0.917979,0.382539,0.363804,0.621250,0.242717,0.494000,0.672425,0.371581,0.116083,0.202013,0.063395,0.355930,0.516517,0.607168,0.919711,0.133102,0.261464,0.880562,0.366860,0.412389,0.079534,0.330783,0.834179,0.732044,0.667297,0.570044,0.314527,0.398124,0.107737,0.690061,0.855645,0.444466,0.893604,0.426124,0.791392,0.625874,0.064698,0.792316,0.358606,0.885061,0.339308,0.465094,0.948600,0.235678,0.449601,0.071455,0.114094,0.685346,0.724804,0.835722,0.850923,0.431165,0.254688,0.399442,0.374686,0.855932,0.145723,0.937958,0.761435,0.125786,0.671141,0.354138,0.508162,0.123269,0.234445,0.855079,0.738982,0.922696,0.840967,0.794178,0.349980,0.498930,0.134143,0.365015,0.076279,0.828688,0.845804,0.948018,0.624500,0.423398,0.350045,0.691089,0.198026,0.320215,0.450987,0.275873,0.111975,0.861966,0.677626,0.756645,0.383953,0.760931,0.654337,0.858678,0.327704,0.678320,0.481520,0.815632,0.065696,0.802878
SYN_BIGPN_0802,1,1,0,0,0.921072,0.097092,0.741076,0.337242,0.115397,0.506214,0.747707,0.157468,0.113331,0.487880,0.942090,0.387995,0.173453,0.346016,0.303085,0.085109,0.457137,0.379923,0.866179,0.761259,0.804293,0.503990,0.082210,0.544878,0.616618,0.472243,0.315260,0.420866,0.570529,0.501107,0.697112,0.283411,0.787280,0.678306,0.478691,0.073160,0.158859,0.257653,0.626399,0.438489,0.268919,0.613790,0.077852,0.580583,0.283181,0.502580,0.308697,0.312650,0.560501,0.178069,0.830370,0.101705,0.626404,0.197415,0.192446,0.750795,0.104455,0.411876,0.461337,0.670717,0.133680,0.764800,0.247921,0.944230,0.945623,0.772360,0.406809,0.817631,0.198853,0.499872,0.535797,0.252827,0.278118,0.597933,0.605868,0.418159,0.827991,0.433417,0.615452,0.780451,0.401721,0.613886,0.354742,0.830498,0.743545,0.649947,0.542950,0.197685,0.310067,0.716801,0.365350,0.924700,0.392863,0.131504,0.403667,0.914459,0.742991,0.334127,0.911102,0.276537,0.150027,0.645356,0.185235,0.309082,0.541145,0.261428,0.754723,0.704283,0.271724,0.907121,0.460248,0.811366,0.646190
SYN_BIGPN_0803,0,1,1,1,0.058828,0.105382,0.467970,0.413519,0.925259,0.429103,0.510094,0.670840,0.393908,0.338960,0.193933,0.601362,0.238688,0.802893,0.858239,0.842749,0.197266,0.065568,0.335410,0.579623,0.235189,0.867962,0.705703,0.552091,0.639905,0.876482,0.449209,0.316074,0.823726,0.343821,0.694742,0.314276,0.454766,0.741299,0.596868,0.390376,0.691724,0.068501,0.483009,0.605544,0.702358,0.097662,0.148029,0.906555,0.287992,0.458004,0.688584,0.216125,0.878784,0.288636,0.539211,0.331913,0.593823,0.466053,0.166035,0.720147,0.566612,0.642343,0.892991,0.532498,0.664829,0.583180,0.162353,0.587257,0.378151,0.948668,0.355449,0.253931,0.929710,0.169937,0.748966,0.766100,0.259886,0.630567,0.785627,0.650360,0.694005,0.110549,0.422636,0.912477,0.124913,0.298871,0.145438,0.523744,0.372842,0.696149,0.350732,0.107421,0.327441,0.771494,0.385036,0.391295,0.394670,0.488304,0.395989,0.146352,0.165939,0.493073,0.095899,0.600800,0.548853,0.351511,0.594065,0.311703,0.631049,0.880790,0.915070,0.944508,0.101237,0.155848,0.426762,0.834158,0.459126
SYN_BIGPN_0804,0,1,0,0,0.427022,0.722544,0.363121,0.271259,0.160220,0.280472,0.887943,0.751000,0.934851,0.628590,0.463919,0.760509,0.341305,0.475379,0.210859,0.109526,0.126824,0.087071,0.090850,0.198663,0.118769,0.878263,0.064443,0.434310,0.608792,0.204602,0.816596,0.365250,0.855830,0.583437,0.809624,0.563754,0.699382,0.779048,0.447241,0.689494,0.091424,0.400401,0.080671,0.211681,0.313158,0.505593,0.210261,0.904196,0.163340,0.620588,0.450257,0.832087,0.597075,0.678496,0.146965,0.488764,0.062965,0.440481,0.364845,0.636546,0.235487,0.688037,0.167966,0.714156,0.509350,0.931533,0.298512,0.619439,0.327132,0.303151,0.803951,0.407715,0.333873,0.662307,0.237407,0.474692,0.613998,0.087336,0.698762,0.909576,0.756255,0.152670,0.101810,0.784861,0.067278,0.462876,0.771885,0.357584,0.674850,0.676334,0.253385,0.414410,0.644743,0.925837,0.462498,0.344385,0.732843,0.632883,0.758825,0.620654,0.620188,0.442039,0.160894,0.083142,0.578135,0.841044,0.696164,0.869136,0.144651,0.090762,0.368047,0.498797,0.740117,0.607989,0.890293,0.830198,0.371582
SYN_BIGPN_0805,1,0,0,1,0.416728,0.714351,0.108992,0.195811,0.226687,0.525139,0.693325,0.794226,0.684205,0.581972,0.131531,0.266684,0.571493,0.652849,0.770681,0.928302,0.822491,0.152053,0.098139,0.286922,0.916297,0.519043,0.295445,0.551537,0.620018,0.194055,0.568884,0.536688,0.344596,0.386202,0.630990,0.194354,0.435157,0.695771,0.521669,0.064847,0.208402,0.079262,0.474420,0.881002,0.398837,0.524873,0.088979,0.217467,0.913727,0.812821,0.300416,0.424899,0.660234,0.369778,0.350188,0.491390,0.385774,0.610202,0.080854,0.644487,0.895784,0.880389,0.797904,0.181242,0.762101,0.312398,0.093026,0.733143,0.496935,0.600770,0.405860,0.450949,0.235724,0.858714,0.414450,0.581755,0.494715,0.426229,0.605899,0.267775,0.318241,0.476267,0.492915,0.721295,0.540386,0.376795,0.544149,0.235919,0.270153,0.353023,0.549406,0.714635,0.340371,0.373018,0.495837,0.275200,0.271010,0.680600,0.432790,0.607872,0.081788,0.278593,0.267763,0.627322,0.122223,0.152922,0.836435,0.241658,0.783767,0.402263,0.568390,0.481221,0.340940,0.629812,0.148743,0.529359,0.901898
SYN_BIGPN_0806,0,0,1,1,0.325192,0.060634,0.387719,0.088154,0.488810,0.902491,0.569732,0.529411,0.073222,0.725490,0.761664,0.786596,0.134502,0.325738,0.251560,0.835162,0.941047,0.227241,0.794648,0.790756,0.270054,0.727206,0.173792,0.519779,0.365286,0.443880,0.408526,0.699308,0.865831,0.425926,0.556143,0.659840,0.793498,0.061354,0.378631,0.349189,0.217163,0.606283,0.750934,0.245114,0.793904,0.391487,0.611076,0.444613,0.114192,0.164985,0.178694,0.210555,0.923843,0.866736,0.321388,0.202348,0.314785,0.081982,0.652271,0.315219,0.121324,0.459655,0.658654,0.692088,0.179439,0.787948,0.783960,0.092172,0.404289,0.450298,0.524916,0.884901,0.189702,0.705483,0.253355,0.199435,0.421443,0.946028,0.944826,0.373419,0.081340,0.386568,0.274098,0.436989,0.836720,0.276507,0.548396,0.737812,0.929045,0.919011,0.069030,0.096713,0.410718,0.292536,0.761288,0.244926,0.930379,0.391345,0.396051,0.164638,0.665436,0.063265,0.225417,0.324823,0.726976,0.781398,0.353466,0.490909,0.717660,0.142361,0.089692,0.065599,0.434711,0.946410,0.712822,0.420488,0.745665
SYN_BIGPN_0807,0,0,0,1,0.903385,0.093120,0.152976,0.123920,0.056798,0.899452,0.197258,0.234905,0.127076,0.194792,0.860956,0.080690,0.633974,0.534674,0.230831,0.579325,0.908695,0.133218,0.451675,0.663886,0.876477,0.600067,0.085273,0.381616,0.884976,0.089269,0.437770,0.191222,0.563575,0.154794,0.295983,0.054968,0.479390,0.654780,0.426296,0.743877,0.896037,0.536255,0.730745,0.433217,0.895409,0.623788,0.275452,0.459586,0.804463,0.727573,0.858977,0.705716,0.514911,0.481077,0.180374,0.730643,0.741055,0.256498,0.178990,0.629431,0.861334,0.696271,0.565452,0.849677,0.456813,0.057014,0.883731,0.704761,0.437348,0.055229,0.472892,0.288242,0.406335,0.485392,0.063573,0.800601,0.415845,0.489859,0.798085,0.131394,0.608987,0.808438,0.410852,0.272226,0.113732,0.417796,0.192837,0.311771,0.716045,0.920348,0.764756,0.112396,0.340227,0.338123,0.859357,0.266423,0.639745,0.501045,0.071508,0.469314,0.578861,0.949512,0.077171,0.629531,0.577692,0.517289,0.698400,0.450350,0.900886,0.833674,0.370013,0.078909,0.702792,0.304283,0.800131,0.213582,0.531290
SYN_BIGPN_0808,1,0,0,1,0.819486,0.804485,0.519632,0.423594,0.481544,0.797552,0.467805,0.297018,0.242013,0.114736,0.180661,0.058564,0.158877,0.572690,0.556718,0.320193,0.758161,0.802060,0.435769,0.473444,0.924396,0.390287,0.284965,0.244708,0.779026,0.361961,0.438052,0.186219,0.751496,0.532228,0.590954,0.786635,0.512674,0.732273,0.437143,0.509861,0.108934,0.741317,0.128224,0.762994,0.431682,0.330901,0.379534,0.305346,0.599417,0.584118,0.854402,0.514624,0.723712,0.942544,0.866549,0.690408,0.769536,0.454617,0.123800,0.372775,0.848203,0.633899,0.354316,0.860605,0.881023,0.591681,0.459113,0.371312,0.381206,0.125422,0.277259,0.210076,0.753043,0.345290,0.254789,0.860867,0.323770,0.738383,0.706163,0.780085,0.750670,0.844079,0.567934,0.499688,0.907232,0.318252,0.090544,0.052270,0.208340,0.120612,0.727835,0.745666,0.795076,0.319862,0.463606,0.936324,0.597295,0.394685,0.740858,0.538996,0.156661,0.440442,0.852679,0.622306,0.278857,0.552869,0.206245,0.440037,0.804664,0.092507,0.153167,0.557816,0.767879,0.655611,0.580478,0.769355,0.394282
SYN_BIGPN_0809,1,0,1,1,0.222489,0.613660,0.181839,0.678455,0.748367,0.600720,0.540056,0.396725,0.296446,0.327169,0.066365,0.396325,0.321619,0.174492,0.482551,0.253902,0.279209,0.311618,0.607862,0.080119,0.839926,0.445299,0.244269,0.508420,0.554977,0.355826,0.823582,0.432518,0.745647,0.662289,0.423072,0.413315,0.765272,0.829349,0.541807,0.232726,0.655848,0.302959,0.864144,0.898894,0.864571,0.650660,0.460977,0.827620,0.405526,0.684870,0.357049,0.209250,0.305450,0.545163,0.694636,0.805421,0.706895,0.843054,0.506327,0.275545,0.575473,0.288980,0.935402,0.636252,0.095479,0.920167,0.540487,0.356520,0.403756,0.594234,0.750690,0.903999,0.755531,0.398870,0.052413,0.451310,0.054707,0.258296,0.286001,0.510704,0.173244,0.854680,0.575832,0.283575,0.066869,0.624222,0.619116,0.752381,0.523759,0.368088,0.580615,0.434984,0.239216,0.519059,0.560366,0.417847,0.509844,0.157058,0.604391,0.760908,0.237349,0.540504,0.886506,0.756766,0.777516,0.297918,0.660413,0.690409,0.836286,0.914082,0.431513,0.167815,0.810560,0.706806,0.103467,0.566026,0.144623
SYN_BIGPN_0810,0,0,0,1,0.399845,0.546910,0.584624,0.747047,0.266991,0.179036,0.123356,0.532625,0.434532,0.460002,0.155425,0.063371,0.330037,0.866319,0.803173,0.883738,0.369173,0.946020,0.629655,0.610752,0.321585,0.302786,0.518231,0.862090,0.694893,0.515489,0.247001,0.439971,0.884706,0.920782,0.351159,0.453372,0.390358,0.590464,0.482790,0.079025,0.082371,0.254616,0.708365,0.936637,0.870852,0.197416,0.627163,0.244330,0.433815,0.853985,0.181334,0.841879,0.396581,0.823015,0.170783,0.332533,0.332914,0.723864,0.416102,0.384722,0.863314,0.309713,0.177150,0.568920,0.877227,0.401237,0.391015,0.424608,0.431690,0.381245,0.579259,0.062823,0.748619,0.460097,0.193290,0.707243,0.435695,0.678417,0.826357,0.748639,0.918197,0.236073,0.496805,0.231877,0.651774,0.607334,0.810164,0.116883,0.607011,0.905933,0.421001,0.876893,0.580332,0.680473,0.847762,0.251373,0.770926,0.591545,0.082989,0.488378,0.801778,0.678365,0.394537,0.824067,0.333930,0.784533,0.327197,0.860099,0.742209,0.515168,0.500392,0.506595,0.511798,0.458532,0.491675,0.450073,0.781737
SYN_BIGPN_0811,1,0,0,0,0.716745,0.533213,0.486813,0.563837,0.100206,0.135932,0.272117,0.232358,0.596306,0.574868,0.720494,0.102831,0.768588,0.803702,0.948845,0.919311,0.444203,0.118132,0.179829,0.645574,0.571962,0.531713,0.620112,0.463881,0.540471,0.560918,0.785521,0.648706,0.648832,0.933630,0.539644,0.262640,0.321388,0.397376,0.713251,0.657760,0.663946,0.583872,0.383418,0.609780,0.416254,0.560053,0.381204,0.483919,0.809461,0.666948,0.614195,0.245885,0.690771,0.164246,0.173463,0.297407,0.332504,0.504131,0.362341,0.783614,0.271414,0.525552,0.880190,0.228543,0.653873,0.920427,0.653519,0.111110,0.134219,0.872218,0.545426,0.460647,0.333128,0.816120,0.851076,0.797159,0.473401,0.858404,0.197332,0.565330,0.810134,0.532913,0.462103,0.774425,0.479163,0.504600,0.123175,0.889371,0.661280,0.477594,0.763869,0.259688,0.778672,0.667661,0.655477,0.060704,0.305878,0.147983,0.646405,0.263570,0.802853,0.885026,0.133874,0.125537,0.635293,0.467413,0.447888,0.697150,0.379250,0.365882,0.421117,0.860961,0.807714,0.710624,0.104050,0.571793,0.493904
SYN_BIGPN_0812,0,1,1,1,0.785050,0.948928,0.431914,0.851426,0.414149,0.100167,0.877252,0.731902,0.343890,0.346255,0.593600,0.631173,0.272955,0.268690,0.413368,0.450432,0.498488,0.087631,0.170351,0.420096,0.758889,0.394805,0.530240,0.460846,0.504048,0.666892,0.867742,0.066955,0.126872,0.675104,0.573073,0.751833,0.605056,0.547860,0.053159,0.801667,0.452546,0.203100,0.276659,0.262066,0.284050,0.247848,0.233183,0.172971,0.659491,0.223508,0.674436,0.300444,0.156171,0.478399,0.093661,0.789385,0.848713,0.781152,0.643515,0.490603,0.807415,0.357412,0.289293,0.610184,0.786899,0.133384,0.456083,0.665211,0.414390,0.504792,0.898712,0.887675,0.191080,0.489995,0.857216,0.250397,0.281454,0.785378,0.467067,0.056358,0.469691,0.623566,0.179164,0.336296,0.102738,0.403150,0.417660,0.471491,0.428947,0.169878,0.366901,0.563129,0.312714,0.293255,0.803432,0.796077,0.271390,0.873811,0.218249,0.575464,0.538913,0.565923,0.807685,0.524609,0.896203,0.465602,0.375983,0.918808,0.379781,0.595958,0.574190,0.228582,0.620233,0.173374,0.400467,0.829089,0.369085
SYN_BIGPN_0813,1,1,1,0,0.262718,0.692969,0.220890,0.754442,0.355679,0.360140,0.934843,0.321384,0.078810,0.090229,0.885621,0.311213,0.260568,0.203749,0.932181,0.947902,0.123501,0.479050,0.876288,0.260792,0.693228,0.179598,0.275715,0.391684,0.452618,0.665383,0.348111,0.131310,0.171171,0.639264,0.482588,0.575080,0.087663,0.403769,0.387973,0.862659,0.059930,0.886967,0.929532,0.367660,0.531229,0.939531,0.515037,0.740060,0.930042,0.056938,0.468443,0.104874,0.845872,0.844840,0.241383,0.909383,0.559108,0.745275,0.509233,0.242172,0.439125,0.126997,0.313651,0.094454,0.858367,0.404371,0.393318,0.332565,0.412784,0.483424,0.183163,0.226475,0.517926,0.498578,0.311648,0.357013,0.554289,0.084052,0.401850,0.369227,0.227212,0.346492,0.538411,0.861797,0.444860,0.267298,0.721765,0.331589,0.567812,0.187616,0.351460,0.056953,0.516495,0.110451,0.369282,0.061902,0.402439,0.411482,0.052671,0.653438,0.446939,0.633233,0.627177,0.290194,0.873187,0.262279,0.490059,0.284813,0.756808,0.824005,0.192469,0.272705,0.184031,0.113544,0.488742,0.186581,0.825973
SYN_BIGPN_0814,1,0,0,0,0.082234,0.164716,0.611786,0.495680,0.345528,0.904381,0.391447,0.160264,0.579840,0.755033,0.761001,0.771963,0.528158,0.666569,0.073803,0.453447,0.232763,0.096128,0.106268,0.160137,0.183834,0.567978,0.374600,0.842812,0.472293,0.672547,0.318004,0.892267,0.421818,0.300138,0.470270,0.164713,0.924801,0.531234,0.201574,0.640807,0.423217,0.612035,0.639417,0.172017,0.608822,0.349667,0.398985,0.055787,0.726097,0.349715,0.223502,0.178844,0.296120,0.543468,0.384772,0.219883,0.764617,0.834550,0.669871,0.087784,0.450445,0.709911,0.745788,0.702892,0.666702,0.860433,0.882064,0.629812,0.763565,0.653418,0.588078,0.149605,0.175196,0.565229,0.717172,0.181147,0.654568,0.808715,0.502668,0.622662,0.713361,0.897006,0.803187,0.689434,0.830093,0.210476,0.067977,0.821566,0.821972,0.208637,0.183983,0.518675,0.639347,0.879313,0.832835,0.897300,0.930386,0.769849,0.915976,0.170124,0.427733,0.320343,0.867910,0.793864,0.163043,0.414209,0.342789,0.530087,0.828557,0.660828,0.506379,0.370139,0.142434,0.908181,0.309132,0.132232,0.467581
SYN_BIGPN_0815,1,0,0,0,0.214107,0.589823,0.275082,0.247138,0.270261,0.739728,0.051275,0.106740,0.363990,0.252702,0.078495,0.902998,0.821114,0.627234,0.141514,0.663942,0.816280,0.733514,0.429073,0.662764,0.731309,0.054440,0.102730,0.058311,0.259684,0.732071,0.891500,0.267545,0.506267,0.493047,0.270255,0.085808,0.296183,0.615088,0.424196,0.464542,0.458487,0.295149,0.936648,0.791178,0.924292,0.633797,0.540127,0.304570,0.661098,0.828498,0.342474,0.506456,0.730215,0.209870,0.752023,0.318920,0.527813,0.658806,0.341696,0.248504,0.623634,0.390932,0.134247,0.233441,0.560473,0.112412,0.557366,0.670880,0.829286,0.282335,0.361855,0.799675,0.518759,0.114872,0.289238,0.628534,0.370100,0.394870,0.180312,0.910618,0.085852,0.921098,0.656981,0.862951,0.579679,0.469825,0.220949,0.082395,0.523354,0.866109,0.854148,0.941949,0.684527,0.076977,0.586975,0.481439,0.821871,0.503902,0.783240,0.203889,0.827223,0.413848,0.797297,0.436723,0.220111,0.639906,0.506756,0.554379,0.864598,0.546487,0.736142,0.814401,0.398784,0.222142,0.123622,0.886956,0.649350
SYN_BIGPN_0816,1,0,0,1,0.682442,0.405083,0.785810,0.814475,0.085247,0.636927,0.242784,0.200242,0.881591,0.273981,0.229972,0.541179,0.542593,0.221193,0.151330,0.262283,0.459373,0.413438,0.948846,0.520388,0.899189,0.279973,0.159258,0.645080,0.121034,0.310785,0.263641,0.334771,0.654178,0.129077,0.250598,0.666714,0.793873,0.704190,0.104757,0.688920,0.420864,0.236278,0.777972,0.500934,0.797625,0.342345,0.068612,0.730993,0.756039,0.304398,0.503099,0.568345,0.529040,0.280334,0.770980,0.613527,0.522398,0.757713,0.520225,0.801994,0.698299,0.376466,0.913893,0.160736,0.063574,0.346441,0.658596,0.396628,0.332552,0.632537,0.789005,0.259777,0.478088,0.225690,0.379571,0.869319,0.761502,0.216714,0.187414,0.823744,0.291063,0.334989,0.874824,0.933794,0.863767,0.843800,0.681453,0.777378,0.907055,0.212171,0.354503,0.124394,0.669220,0.321649,0.796998,0.159303,0.767719,0.218639,0.136039,0.772976,0.089851,0.360688,0.902608,0.254967,0.228237,0.903691,0.244939,0.209280,0.720966,0.186657,0.716323,0.399995,0.151786,0.148921,0.639180,0.232494,0.082338
SYN_BIGPN_0817,1,0,0,0,0.515546,0.371121,0.384025,0.619818,0.701391,0.372875,0.101645,0.222849,0.403444,0.661954,0.585050,0.282246,0.934182,0.257337,0.549677,0.375926,0.924698,0.838321,0.859757,0.668355,0.818661,0.843710,0.565216,0.824797,0.662675,0.485800,0.087151,0.730749,0.845963,0.140546,0.501412,0.643780,0.798919,0.890459,0.091717,0.510941,0.788308,0.825839,0.346567,0.555888,0.534080,0.315741,0.497505,0.287651,0.869276,0.601533,0.269370,0.436547,0.176710,0.848011,0.663017,0.606930,0.884618,0.722282,0.683274,0.295995,0.152668,0.486970,0.931601,0.625391,0.673418,0.177944,0.397471,0.393545,0.551676,0.191210,0.379269,0.856082,0.310244,0.626647,0.251590,0.159484,0.599830,0.295797,0.840579,0.234386,0.616804,0.331470,0.058434,0.885702,0.935110,0.053403,0.794563,0.690686,0.191130,0.491604,0.296476,0.453508,0.383855,0.204283,0.875285,0.723030,0.438376,0.434088,0.314053,0.549908,0.180840,0.173353,0.483843,0.924422,0.117303,0.356282,0.131973,0.146866,0.921792,0.903326,0.333192,0.258375,0.227791,0.431177,0.823820,0.302574,0.784162
SYN_BIGPN_0818,0,1,1,0,0.450645,0.795783,0.221003,0.877438,0.083203,0.655295,0.512557,0.414009,0.562724,0.452593,0.949064,0.413433,0.304445,0.909129,0.422992,0.421372,0.792434,0.809584,0.066762,0.858189,0.061603,0.283329,0.817739,0.591438,0.834610,0.618527,0.074630,0.250265,0.312494,0.511225,0.371143,0.225222,0.657505,0.629491,0.297153,0.442844,0.728444,0.310249,0.751116,0.508259,0.816201,0.473570,0.948927,0.668891,0.897563,0.852723,0.577196,0.150900,0.645802,0.717567,0.456216,0.477414,0.486851,0.259167,0.749279,0.324682,0.082063,0.130702,0.764212,0.208039,0.878394,0.392994,0.912917,0.765749,0.853794,0.223436,0.821271,0.231402,0.877916,0.118546,0.624058,0.754492,0.442658,0.397339,0.265517,0.846805,0.865475,0.866841,0.664781,0.639297,0.596745,0.830006,0.583297,0.256438,0.403641,0.450445,0.357829,0.878292,0.640148,0.171447,0.798825,0.379536,0.178241,0.539340,0.508879,0.726597,0.400725,0.323333,0.695174,0.303037,0.772154,0.695444,0.718272,0.145381,0.131923,0.302369,0.100361,0.825078,0.431522,0.222658,0.121871,0.335641,0.167799
SYN_BIGPN_0819,0,1,1,1,0.846619,0.141108,0.707724,0.135304,0.557073,0.526521,0.467408,0.542805,0.710799,0.879693,0.768969,0.592832,0.697023,0.284535,0.178259,0.749391,0.152284,0.342596,0.174266,0.134651,0.512545,0.147992,0.505438,0.385645,0.627177,0.107675,0.221697,0.567234,0.411426,0.090719,0.215969,0.437471,0.673010,0.770942,0.263554,0.094367,0.696735,0.611293,0.879129,0.804505,0.939712,0.298719,0.847506,0.265643,0.305857,0.466277,0.183209,0.151401,0.101384,0.905695,0.121594,0.851961,0.649261,0.477369,0.813623,0.800133,0.896068,0.281367,0.583405,0.728169,0.623621,0.441903,0.805994,0.549181,0.409629,0.898655,0.161760,0.507739,0.830691,0.880225,0.643515,0.498326,0.620764,0.102956,0.609901,0.877766,0.605958,0.763745,0.248086,0.486356,0.599564,0.567408,0.524622,0.167701,0.262331,0.647061,0.254516,0.619398,0.566171,0.514305,0.946013,0.060600,0.438043,0.625073,0.559477,0.307740,0.892942,0.845626,0.056967,0.407703,0.724734,0.616174,0.179137,0.411123,0.552561,0.402050,0.588028,0.090212,0.675233,0.120758,0.828483,0.584756,0.751403
SYN_BIGPN_0820,1,1,0,1,0.538717,0.173623,0.535601,0.425172,0.610394,0.538239,0.538178,0.209033,0.497026,0.777033,0.511758,0.436277,0.289550,0.397382,0.506921,0.286361,0.702478,0.167606,0.455085,0.172378,0.742137,0.329979,0.522559,0.751210,0.868643,0.697943,0.816751,0.075608,0.570048,0.386191,0.268843,0.636633,0.213654,0.944206,0.581042,0.142613,0.688002,0.519469,0.741570,0.683993,0.085511,0.057904,0.369788,0.424124,0.633645,0.526511,0.052823,0.171683,0.249817,0.657683,0.795814,0.379456,0.408343,0.405312,0.286209,0.409981,0.361791,0.202182,0.419476,0.482423,0.460661,0.715126,0.409537,0.368608,0.109335,0.381187,0.293741,0.252399,0.408477,0.120695,0.656176,0.692298,0.673906,0.132969,0.206745,0.678283,0.714032,0.559080,0.791797,0.282135,0.461573,0.632504,0.770922,0.747294,0.798288,0.242204,0.448764,0.390808,0.812638,0.861516,0.835649,0.212012,0.160019,0.103867,0.677067,0.847282,0.310927,0.581022,0.629946,0.408970,0.580318,0.132162,0.740002,0.110727,0.750366,0.448364,0.783999,0.228380,0.479620,0.412025,0.757698,0.120416,0.179009
SYN_BIGPN_0821,1,1,0,1,0.347371,0.054499,0.787451,0.747123,0.569171,0.700871,0.585217,0.425468,0.067610,0.840732,0.414554,0.541798,0.878508,0.908136,0.356116,0.596853,0.423800,0.743018,0.819448,0.358221,0.093217,0.583428,0.534427,0.428056,0.874964,0.906550,0.871930,0.873885,0.050323,0.254591,0.417415,0.574943,0.421557,0.334401,0.943807,0.516351,0.575817,0.814308,0.568388,0.753491,0.476103,0.625006,0.388058,0.431479,0.711954,0.327590,0.053330,0.686970,0.842863,0.584558,0.483555,0.115843,0.741130,0.646794,0.396121,0.439614,0.515033,0.670945,0.303231,0.459605,0.232093,0.673354,0.585498,0.475118,0.308414,0.355203,0.152079,0.166673,0.706822,0.651594,0.605946,0.912602,0.871482,0.167927,0.720232,0.269513,0.592010,0.297355,0.175294,0.161926,0.368989,0.546651,0.263431,0.340165,0.940125,0.630806,0.919065,0.575113,0.649367,0.118299,0.630761,0.452068,0.788284,0.635529,0.897718,0.928030,0.465060,0.356283,0.506210,0.580712,0.529007,0.177243,0.571278,0.776538,0.133765,0.492923,0.649783,0.902518,0.623557,0.354638,0.568307,0.680971,0.777285
SYN_BIGPN_0822,0,1,0,1,0.275612,0.096064,0.643696,0.944722,0.881253,0.458249,0.628718,0.217638,0.131996,0.228792,0.517711,0.797302,0.355353,0.706711,0.278840,0.442953,0.295847,0.737369,0.094264,0.890081,0.366843,0.416959,0.770916,0.064502,0.799752,0.340308,0.321002,0.502122,0.744059,0.479952,0.732514,0.772449,0.135782,0.352490,0.663818,0.117746,0.694887,0.110091,0.273694,0.832722,0.753254,0.857826,0.578162,0.354906,0.894747,0.812592,0.606503,0.706114,0.535497,0.689255,0.748724,0.332972,0.850549,0.724399,0.838812,0.682821,0.381880,0.132013,0.451086,0.099444,0.586158,0.300918,0.644239,0.691788,0.651246,0.807976,0.466849,0.254729,0.938998,0.877963,0.655096,0.519980,0.547626,0.067888,0.353685,0.156872,0.435376,0.360223,0.555664,0.076260,0.831682,0.510876,0.368043,0.136866,0.402295,0.623749,0.130768,0.863040,0.906447,0.576934,0.522249,0.292075,0.456576,0.290779,0.158062,0.282456,0.438311,0.604020,0.459188,0.778185,0.932292,0.877114,0.810615,0.337904,0.533615,0.370203,0.492705,0.483402,0.422511,0.800745,0.467544,0.267087,0.771181
SYN_BIGPN_0823,0,1,0,1,0.526261,0.847855,0.116671,0.927157,0.314676,0.651359,0.326765,0.908685,0.533736,0.494581,0.353165,0.799526,0.852615,0.326043,0.123409,0.947354,0.687129,0.122270,0.239887,0.531849,0.789075,0.511633,0.597144,0.800835,0.192810,0.404808,0.275554,0.367905,0.104157,0.398578,0.134261,0.803577,0.703788,0.567475,0.314322,0.365602,0.550542,0.804699,0.397797,0.465181,0.846913,0.451087,0.670063,0.494868,0.632321,0.570109,0.871618,0.587029,0.593080,0.475591,0.229340,0.608974,0.714731,0.906546,0.119057,0.316009,0.697679,0.659911,0.709537,0.200773,0.228739,0.115874,0.197650,0.518440,0.113518,0.582204,0.511783,0.063323,0.126015,0.871483,0.384742,0.105331,0.135188,0.189313,0.565109,0.836214,0.412626,0.371661,0.792602,0.947159,0.532310,0.909184,0.135904,0.342933,0.421715,0.192152,0.083425,0.295620,0.745615,0.499655,0.753027,0.378256,0.495210,0.522211,0.588615,0.495978,0.051249,0.864381,0.632686,0.292432,0.189060,0.069921,0.408682,0.484233,0.577766,0.416144,0.779608,0.184318,0.110688,0.756251,0.159066,0.163705,0.798255
SYN_BIGPN_0824,0,1,0,1,0.505018,0.342723,0.802979,0.838039,0.335035,0.820547,0.871772,0.116408,0.612932,0.101226,0.439353,0.526974,0.812785,0.608348,0.397030,0.140912,0.326537,0.494333,0.255836,0.515379,0.326444,0.844788,0.888389,0.543468,0.122674,0.333666,0.357975,0.602652,0.698555,0.653857,0.440512,0.601389,0.244477,0.071183,0.172039,0.102555,0.137342,0.706675,0.472017,0.583855,0.171144,0.807217,0.649743,0.322368,0.472069,0.266943,0.240366,0.744849,0.169459,0.217301,0.427216,0.762526,0.114832,0.604495,0.429814,0.609994,0.362856,0.281614,0.684690,0.688880,0.151632,0.241547,0.647784,0.570737,0.804084,0.687467,0.617954,0.829473,0.697712,0.813187,0.161451,0.228583,0.921248,0.680051,0.124629,0.750063,0.514545,0.792868,0.509367,0.252541,0.166259,0.308179,0.202753,0.695717,0.413314,0.423232,0.880938,0.319922,0.472873,0.257220,0.428968,0.555549,0.812767,0.537349,0.442662,0.590066,0.404232,0.193048,0.457690,0.136812,0.392063,0.199034,0.076760,0.340344,0.842184,0.671650,0.830713,0.326381,0.159136,0.625089,0.374880,0.939037,0.601317
SYN_BIGPN_0825,0,0,1,0,0.726706,0.606670,0.271153,0.702326,0.331011,0.371182,0.739989,0.743508,0.292422,0.264655,0.342571,0.441173,0.384908,0.136936,0.216354,0.883749,0.118848,0.838454,0.664581,0.454411,0.097255,0.463826,0.481529,0.304800,0.769199,0.629720,0.573057,0.666467,0.414506,0.287062,0.817803,0.461935,0.360057,0.390613,0.424169,0.147356,0.880699,0.101749,0.512528,0.314060,0.094021,0.402302,0.886090,0.862465,0.194422,0.095883,0.910564,0.179887,0.627490,0.228468,0.779321,0.425589,0.072150,0.714178,0.490725,0.573590,0.134496,0.458462,0.335690,0.908626,0.698719,0.696189,0.430215,0.720131,0.375702,0.216512,0.350562,0.785146,0.179746,0.627581,0.754641,0.230097,0.326831,0.635977,0.820018,0.557547,0.426589,0.797403,0.860529,0.484217,0.920227,0.311262,0.063179,0.117328,0.259278,0.813120,0.326067,0.256719,0.451321,0.862150,0.087351,0.318375,0.328412,0.232216,0.234241,0.628886,0.402202,0.150072,0.368080,0.604306,0.820815,0.686285,0.459533,0.538178,0.112837,0.650115,0.535009,0.568279,0.874463,0.582360,0.541270,0.223165,0.171138
SYN_BIGPN_0826,1,0,1,0,0.566547,0.091563,0.831446,0.286854,0.469472,0.741894,0.797177,0.630028,0.254318,0.705868,0.931881,0.812445,0.841252,0.788107,0.881443,0.100866,0.367914,0.209899,0.253530,0.648519,0.189491,0.795906,0.445937,0.369308,0.819834,0.738121,0.784247,0.217091,0.939421,0.288184,0.229370,0.601714,0.877542,0.155157,0.731879,0.134986,0.733770,0.878196,0.570098,0.662950,0.333050,0.523166,0.496457,0.080471,0.832289,0.504645,0.673798,0.201111,0.225520,0.256669,0.915101,0.557948,0.680390,0.489390,0.336834,0.315482,0.479483,0.628136,0.490207,0.948500,0.795250,0.829289,0.360889,0.949100,0.944050,0.883866,0.669965,0.543993,0.340722,0.173188,0.101920,0.437742,0.823755,0.218023,0.446573,0.893392,0.596100,0.780766,0.585490,0.117809,0.843237,0.115688,0.725345,0.312943,0.732771,0.484992,0.874488,0.334561,0.144840,0.920921,0.171282,0.593235,0.193149,0.727805,0.299326,0.326414,0.149112,0.261168,0.494408,0.440203,0.689263,0.753035,0.929733,0.519154,0.152978,0.706058,0.479615,0.336228,0.940879,0.429883,0.125887,0.237222,0.860101
SYN_BIGPN_0827,1,1,0,1,0.673063,0.946622,0.085217,0.482637,0.638616,0.291836,0.892929,0.137429,0.156850,0.804865,0.665438,0.166867,0.412252,0.910665,0.913905,0.106257,0.869895,0.687773,0.229565,0.172064,0.474248,0.110723,0.262730,0.454644,0.743901,0.255077,0.143848,0.095803,0.675800,0.263676,0.438690,0.592517,0.541998,0.493065,0.781220,0.223605,0.354786,0.692912,0.532635,0.160262,0.758419,0.324898,0.247022,0.356461,0.945364,0.644002,0.320696,0.679033,0.057347,0.137002,0.194173,0.149801,0.165859,0.552036,0.682307,0.124399,0.851796,0.353536,0.316562,0.553445,0.345964,0.897313,0.384089,0.144316,0.547571,0.303920,0.286926,0.884030,0.324832,0.896415,0.774575,0.156639,0.541413,0.329634,0.681234,0.338177,0.479961,0.731375,0.176386,0.688507,0.083105,0.428188,0.356347,0.554549,0.321507,0.122802,0.871604,0.747436,0.773412,0.200541,0.332133,0.445146,0.311987,0.556157,0.399868,0.679039,0.614918,0.256496,0.085977,0.931557,0.914818,0.643750,0.109849,0.518394,0.602226,0.477583,0.509846,0.512554,0.724973,0.511749,0.284018,0.425311,0.538854
SYN_BIGPN_0828,1,0,1,0,0.573547,0.363596,0.666027,0.434839,0.541381,0.090044,0.347559,0.737721,0.503983,0.216624,0.220036,0.212237,0.751599,0.614400,0.385642,0.770044,0.222016,0.683561,0.356905,0.363513,0.072064,0.245391,0.194473,0.686684,0.744961,0.121318,0.698768,0.791709,0.724665,0.729252,0.241002,0.822527,0.112915,0.570871,0.237586,0.149331,0.465527,0.199195,0.556745,0.565747,0.430890,0.326016,0.739003,0.314301,0.373213,0.290893,0.639379,0.099616,0.888315,0.353863,0.213656,0.879568,0.553074,0.330885,0.279431,0.136472,0.398077,0.813036,0.897053,0.910844,0.176638,0.714729,0.077950,0.276446,0.712982,0.419912,0.065491,0.599271,0.867013,0.351289,0.729367,0.737092,0.760767,0.302517,0.615781,0.279039,0.721720,0.632828,0.630519,0.320491,0.620152,0.884481,0.217966,0.314026,0.720737,0.547528,0.254735,0.739962,0.488785,0.385247,0.863027,0.697902,0.534912,0.931371,0.635444,0.336233,0.558694,0.259211,0.336754,0.479766,0.223122,0.628814,0.626614,0.643653,0.217254,0.838723,0.930023,0.292397,0.688815,0.182691,0.610284,0.717927,0.749744
SYN_BIGPN_0829,0,0,0,0,0.116477,0.867231,0.927880,0.425100,0.121662,0.715454,0.948647,0.769272,0.684748,0.665317,0.115411,0.208741,0.758595,0.947646,0.424880,0.054832,0.210698,0.821984,0.661403,0.291114,0.290290,0.392360,0.732961,0.780881,0.221453,0.734334,0.776108,0.214192,0.105473,0.620211,0.893599,0.584324,0.660675,0.758215,0.700216,0.529326,0.790123,0.746539,0.696930,0.719333,0.547130,0.438556,0.845229,0.143011,0.701269,0.313916,0.445613,0.134494,0.104510,0.368636,0.915188,0.889953,0.830861,0.828848,0.811582,0.249285,0.752659,0.405420,0.312821,0.557748,0.426838,0.316408,0.518145,0.198729,0.793528,0.887779,0.280565,0.861671,0.535658,0.549265,0.554019,0.240293,0.195161,0.569305,0.929785,0.852751,0.619270,0.809445,0.551858,0.683416,0.353341,0.494014,0.107211,0.657621,0.208787,0.077719,0.239909,0.615877,0.182115,0.171621,0.412821,0.064527,0.727945,0.635349,0.439580,0.741518,0.231416,0.358372,0.079143,0.129753,0.171380,0.258428,0.751103,0.668350,0.440929,0.083342,0.757091,0.542643,0.589431,0.682054,0.581682,0.495172,0.406014
SYN_BIGPN_0830,0,0,0,0,0.407977,0.636437,0.655870,0.719330,0.364377,0.894532,0.851238,0.281044,0.812118,0.086701,0.314977,0.802550,0.865031,0.786580,0.081617,0.714434,0.458336,0.909988,0.411325,0.083243,0.403119,0.662939,0.226199,0.214313,0.739966,0.074405,0.342317,0.329903,0.543925,0.066850,0.425574,0.238184,0.139140,0.210502,0.586640,0.375057,0.120228,0.830592,0.503289,0.215362,0.910008,0.948333,0.205064,0.761278,0.189249,0.808538,0.350827,0.186447,0.453146,0.098071,0.316819,0.538309,0.381574,0.325867,0.061008,0.370241,0.183848,0.065535,0.478920,0.676880,0.267846,0.230913,0.424209,0.059043,0.357773,0.946852,0.286571,0.395237,0.553911,0.474493,0.757736,0.207103,0.408212,0.589103,0.800827,0.466589,0.618952,0.102852,0.722275,0.248273,0.441596,0.232081,0.643486,0.208001,0.576136,0.907540,0.162341,0.064109,0.175400,0.441099,0.607957,0.125120,0.229935,0.078171,0.730566,0.717941,0.291303,0.323010,0.162781,0.718211,0.606374,0.890057,0.248790,0.145311,0.079554,0.533055,0.081493,0.799535,0.531394,0.415997,0.274685,0.204881,0.326868
SYN_BIGPN_0831,0,1,1,0,0.192340,0.062861,0.620797,0.510133,0.498313,0.674314,0.472157,0.321795,0.809878,0.807278,0.664584,0.532295,0.233061,0.058463,0.506872,0.591516,0.716643,0.836076,0.702270,0.304016,0.272062,0.122172,0.800274,0.135030,0.604581,0.450123,0.406478,0.429445,0.097347,0.622608,0.739443,0.559466,0.112993,0.563575,0.385381,0.677304,0.825524,0.643085,0.155184,0.489686,0.771005,0.083638,0.468240,0.630918,0.624866,0.747962,0.454537,0.055674,0.534323,0.378764,0.555728,0.770024,0.286304,0.199010,0.710528,0.558398,0.907112,0.293944,0.659555,0.192913,0.246139,0.468117,0.651921,0.451399,0.886032,0.268781,0.561215,0.890151,0.273734,0.255768,0.352922,0.916352,0.162737,0.246366,0.462566,0.279062,0.888912,0.339839,0.411284,0.688913,0.842196,0.422054,0.873270,0.885776,0.114188,0.900938,0.854582,0.313572,0.806889,0.391836,0.288291,0.551995,0.868596,0.366913,0.680978,0.356563,0.309802,0.225551,0.064353,0.859385,0.758098,0.468541,0.701906,0.885330,0.723593,0.539201,0.474247,0.665658,0.329880,0.207611,0.687603,0.203243,0.633132
SYN_BIGPN_0832,0,1,0,1,0.815803,0.746626,0.152085,0.394924,0.379981,0.875854,0.577621,0.247105,0.539825,0.476103,0.527169,0.056816,0.733090,0.375679,0.603818,0.264257,0.695086,0.311722,0.860107,0.640843,0.312920,0.693291,0.456587,0.202063,0.601379,0.856265,0.123207,0.740506,0.925774,0.213264,0.740678,0.128950,0.127086,0.442766,0.554456,0.678914,0.237707,0.284285,0.671378,0.189940,0.690242,0.556591,0.110768,0.093588,0.667559,0.129221,0.098765,0.786670,0.063221,0.644964,0.121257,0.416731,0.466930,0.584875,0.086960,0.416304,0.906914,0.374226,0.707188,0.281207,0.162251,0.111350,0.222363,0.229069,0.880928,0.209797,0.594396,0.457146,0.266483,0.103777,0.753180,0.718257,0.365070,0.858199,0.569377,0.108137,0.555273,0.838493,0.461474,0.920288,0.450851,0.737904,0.456655,0.850979,0.826752,0.666443,0.920446,0.548340,0.650946,0.438393,0.606184,0.472834,0.785941,0.801412,0.601991,0.440914,0.538538,0.130003,0.852258,0.379751,0.745440,0.349164,0.857132,0.278084,0.091650,0.414855,0.664885,0.933685,0.613434,0.608203,0.667186,0.653822,0.723938
SYN_BIGPN_0833,0,1,1,1,0.775554,0.336047,0.630653,0.244225,0.401329,0.194796,0.546890,0.838019,0.664906,0.424596,0.511202,0.492026,0.303363,0.878999,0.434697,0.912539,0.687596,0.314093,0.314018,0.780746,0.253119,0.797580,0.440944,0.099358,0.156689,0.072996,0.331335,0.760379,0.790272,0.748826,0.171447,0.689167,0.054922,0.100820,0.310093,0.175493,0.127717,0.681630,0.833487,0.465779,0.635737,0.884192,0.152106,0.912503,0.749376,0.700418,0.887656,0.343952,0.058588,0.220812,0.530545,0.836128,0.272943,0.284877,0.769855,0.110177,0.188504,0.614353,0.796335,0.414703,0.914897,0.477696,0.282081,0.761807,0.573154,0.549241,0.371570,0.701360,0.514040,0.898777,0.063955,0.532978,0.873966,0.911569,0.622686,0.386884,0.601413,0.641314,0.706669,0.554176,0.895655,0.403501,0.651012,0.297290,0.213155,0.289256,0.946526,0.171655,0.798319,0.217358,0.150270,0.526551,0.716029,0.069805,0.500027,0.869943,0.269436,0.298120,0.687052,0.056119,0.652135,0.780490,0.753478,0.458930,0.661439,0.068671,0.517596,0.152527,0.889816,0.262365,0.476266,0.448977,0.856984
SYN_BIGPN_0834,0,0,0,0,0.621661,0.857596,0.487553,0.733934,0.368866,0.800574,0.880931,0.322579,0.821508,0.558321,0.549725,0.187857,0.199626,0.438198,0.852684,0.779621,0.248616,0.280269,0.467164,0.438085,0.061247,0.320948,0.406959,0.514388,0.763812,0.686320,0.157897,0.437508,0.051855,0.762488,0.204093,0.849423,0.126280,0.216722,0.562547,0.591521,0.829796,0.422934,0.190097,0.675816,0.302780,0.731102,0.150061,0.232457,0.094230,0.745408,0.715019,0.551857,0.431034,0.678274,0.501262,0.825669,0.638439,0.217225,0.248966,0.165534,0.594616,0.843144,0.535482,0.357397,0.745975,0.794055,0.700411,0.433385,0.869303,0.495528,0.732431,0.179466,0.915788,0.366572,0.433272,0.384671,0.242892,0.213323,0.783370,0.381077,0.303113,0.248429,0.450819,0.308011,0.918965,0.938419,0.223118,0.946476,0.798635,0.464365,0.653655,0.312676,0.821079,0.206217,0.234496,0.593919,0.290865,0.078224,0.657980,0.431119,0.253066,0.109752,0.116094,0.294987,0.933533,0.421934,0.106066,0.109309,0.576902,0.682377,0.923565,0.814786,0.915680,0.471886,0.582441,0.482481,0.892096
SYN_BIGPN_0835,1,0,1,0,0.167170,0.755355,0.909579,0.182350,0.495683,0.716233,0.583933,0.802934,0.870466,0.327477,0.677131,0.423963,0.657000,0.800611,0.537948,0.646960,0.583254,0.897425,0.383875,0.734487,0.855843,0.271400,0.844189,0.638604,0.736920,0.464997,0.294310,0.894222,0.311210,0.360606,0.922155,0.342114,0.622103,0.636598,0.469926,0.501227,0.431663,0.914399,0.811282,0.749566,0.528998,0.119900,0.397588,0.785135,0.679219,0.249710,0.846023,0.917739,0.563882,0.698878,0.452537,0.694788,0.241347,0.244676,0.382337,0.574195,0.721431,0.715091,0.120201,0.866713,0.205077,0.342500,0.268858,0.948325,0.488255,0.404358,0.322635,0.753406,0.207508,0.152134,0.502152,0.601244,0.462924,0.168936,0.208888,0.396087,0.406763,0.237379,0.940053,0.793215,0.681174,0.646468,0.788771,0.928759,0.138494,0.298122,0.764544,0.100642,0.464015,0.863633,0.228541,0.585925,0.550759,0.191303,0.451719,0.189385,0.928836,0.665927,0.405599,0.526949,0.140761,0.928956,0.059410,0.490144,0.841836,0.789328,0.890837,0.328894,0.927748,0.382839,0.458542,0.850401,0.204448
SYN_BIGPN_0836,1,0,1,1,0.679013,0.528488,0.455512,0.579807,0.332046,0.101113,0.621428,0.831942,0.180930,0.795481,0.893797,0.892095,0.424200,0.860165,0.839751,0.818241,0.058802,0.757270,0.230476,0.110656,0.211145,0.560400,0.380402,0.567970,0.779778,0.675043,0.857932,0.517437,0.114130,0.223282,0.406567,0.123083,0.326839,0.663274,0.433954,0.731301,0.149488,0.522142,0.063391,0.627664,0.724245,0.776680,0.600338,0.587599,0.480774,0.337990,0.741258,0.904300,0.362616,0.487332,0.902782,0.271520,0.151236,0.883076,0.242370,0.461716,0.705589,0.322660,0.310986,0.560649,0.343993,0.871907,0.771347,0.810570,0.896118,0.700870,0.367576,0.447247,0.821524,0.702460,0.696438,0.101920,0.651837,0.458158,0.763262,0.199855,0.148434,0.289320,0.187459,0.813691,0.777446,0.681599,0.489409,0.550526,0.776986,0.829005,0.398854,0.826604,0.406610,0.939283,0.575086,0.060023,0.447381,0.874961,0.187505,0.686526,0.611711,0.827373,0.114507,0.849886,0.233499,0.258845,0.937539,0.906592,0.584680,0.402349,0.682017,0.876572,0.288410,0.785597,0.583429,0.242998,0.208572
SYN_BIGPN_0837,1,0,1,1,0.135285,0.107330,0.141054,0.942589,0.518302,0.883618,0.907820,0.390752,0.911755,0.290460,0.127792,0.652002,0.395691,0.757413,0.112798,0.062128,0.522922,0.921728,0.676199,0.256265,0.640076,0.271411,0.918578,0.728883,0.393920,0.557380,0.799680,0.560693,0.643718,0.307548,0.180853,0.193456,0.679239,0.734949,0.264348,0.488327,0.503330,0.260369,0.398912,0.323769,0.579391,0.628019,0.661442,0.451558,0.860803,0.484206,0.767878,0.750813,0.770054,0.779147,0.586566,0.321560,0.667979,0.485909,0.942957,0.927421,0.849092,0.878079,0.402342,0.564514,0.813924,0.394812,0.862475,0.551371,0.582844,0.704772,0.659896,0.620906,0.852509,0.298963,0.784705,0.424999,0.695463,0.654244,0.941999,0.572699,0.070374,0.154920,0.584719,0.918863,0.488225,0.621713,0.682339,0.933866,0.827629,0.658654,0.896543,0.897694,0.272862,0.699916,0.592549,0.239280,0.488377,0.275678,0.837897,0.729499,0.784261,0.545388,0.906755,0.078853,0.705966,0.914167,0.178437,0.608829,0.934078,0.716335,0.273186,0.750578,0.903874,0.372373,0.315411,0.749055,0.141386
SYN_BIGPN_0838,1,1,0,1,0.425699,0.201769,0.577120,0.913985,0.885879,0.199446,0.602871,0.104248,0.660364,0.535458,0.461197,0.679761,0.548236,0.259294,0.694044,0.350725,0.288297,0.084652,0.781443,0.219908,0.197049,0.208090,0.938725,0.812546,0.084598,0.656463,0.635473,0.701048,0.463120,0.899005,0.858122,0.488767,0.842413,0.675167,0.627333,0.216356,0.570160,0.929352,0.250641,0.776813,0.400781,0.653055,0.876087,0.748823,0.724567,0.565403,0.624066,0.294980,0.868133,0.910694,0.282229,0.111587,0.559057,0.573519,0.321996,0.869365,0.515865,0.786787,0.676650,0.947609,0.812894,0.187709,0.324143,0.949112,0.737907,0.633437,0.417718,0.105072,0.455122,0.603312,0.910129,0.094958,0.084498,0.155103,0.906067,0.748593,0.168533,0.525180,0.245561,0.073105,0.383721,0.382359,0.579644,0.214204,0.257718,0.291953,0.395029,0.779068,0.399532,0.171096,0.842918,0.140299,0.399160,0.128012,0.211803,0.208487,0.777544,0.695327,0.490921,0.925630,0.465851,0.516870,0.821831,0.518294,0.654831,0.886579,0.147667,0.913822,0.686860,0.370015,0.559883,0.332875,0.103434
SYN_BIGPN_0839,0,1,1,1,0.291365,0.932209,0.888209,0.074603,0.394221,0.096427,0.097673,0.324576,0.394158,0.758555,0.637137,0.601044,0.169509,0.708062,0.731885,0.828390,0.328616,0.446174,0.282912,0.903882,0.078068,0.468300,0.878971,0.547502,0.611822,0.830310,0.334068,0.883197,0.423418,0.232142,0.684079,0.306599,0.371025,0.289860,0.578285,0.465417,0.507740,0.087670,0.678449,0.946111,0.738884,0.554000,0.264327,0.272762,0.134172,0.256562,0.132425,0.522579,0.688158,0.148636,0.915557,0.650263,0.463119,0.262990,0.948791,0.516631,0.851987,0.286683,0.795489,0.668899,0.766122,0.852802,0.439863,0.461742,0.839046,0.410771,0.836968,0.839010,0.470175,0.673881,0.490293,0.302312,0.125654,0.635214,0.661847,0.311700,0.545812,0.481191,0.259938,0.275598,0.154692,0.255856,0.092262,0.191454,0.328633,0.211429,0.942109,0.605783,0.741896,0.083330,0.622341,0.429760,0.567974,0.851732,0.457199,0.597112,0.916139,0.646323,0.700074,0.525278,0.756640,0.705680,0.849437,0.359097,0.328298,0.612679,0.592636,0.765075,0.743553,0.562436,0.581203,0.324858,0.566838
SYN_BIGPN_0840,0,1,0,1,0.642582,0.788746,0.676675,0.153707,0.545645,0.312091,0.069141,0.363593,0.106391,0.687101,0.788542,0.644777,0.071470,0.265059,0.576017,0.551660,0.265691,0.738415,0.611227,0.354256,0.470949,0.399054,0.450129,0.843297,0.649085,0.731546,0.110333,0.940536,0.478024,0.915788,0.372511,0.927818,0.819643,0.232085,0.427342,0.369727,0.929734,0.539657,0.862479,0.772663,0.585352,0.622015,0.867495,0.620506,0.494125,0.588763,0.712222,0.216991,0.876512,0.940221,0.140358,0.572366,0.488796,0.130737,0.699999,0.880870,0.788660,0.947942,0.714257,0.631294,0.754975,0.708708,0.886849,0.687891,0.760546,0.156654,0.337478,0.525525,0.312713,0.817177,0.117252,0.858303,0.626107,0.821795,0.087917,0.422330,0.230600,0.377849,0.573714,0.254502,0.214214,0.660277,0.673450,0.081211,0.111543,0.398718,0.879291,0.433001,0.249061,0.573163,0.771514,0.618192,0.286636,0.818167,0.680186,0.554052,0.452657,0.196775,0.894841,0.746896,0.340302,0.351474,0.786381,0.088499,0.206860,0.715135,0.278239,0.883560,0.726478,0.259837,0.701965,0.831828,0.304941
SYN_BIGPN_0841,1,0,1,1,0.462795,0.324691,0.599931,0.602109,0.785750,0.390522,0.103996,0.240467,0.189586,0.634394,0.501037,0.155718,0.409980,0.518510,0.510411,0.586729,0.531383,0.326264,0.084581,0.213228,0.078282,0.765385,0.606750,0.344527,0.539273,0.928737,0.131140,0.532920,0.635249,0.821528,0.458442,0.578979,0.140765,0.824348,0.589186,0.416545,0.838441,0.771256,0.059654,0.537074,0.072956,0.097895,0.915966,0.114011,0.463564,0.324842,0.628951,0.824888,0.763273,0.772987,0.672678,0.897353,0.607220,0.886731,0.880549,0.859117,0.834854,0.895601,0.678174,0.200214,0.129339,0.272612,0.339132,0.648288,0.140952,0.468622,0.817116,0.137844,0.590976,0.663615,0.934087,0.621675,0.269921,0.051357,0.813052,0.234939,0.622528,0.265060,0.837982,0.646229,0.612572,0.351255,0.553815,0.816791,0.112290,0.904715,0.172849,0.700261,0.661774,0.753793,0.315845,0.525411,0.169976,0.337215,0.773146,0.060438,0.900475,0.649384,0.219144,0.667102,0.083410,0.497256,0.546919,0.465462,0.332249,0.754246,0.402653,0.629922,0.487550,0.579951,0.229444,0.250805,0.420860
SYN_BIGPN_0842,0,0,0,1,0.605113,0.672732,0.526543,0.872212,0.239888,0.275554,0.510998,0.096200,0.427044,0.124133,0.581421,0.131681,0.937965,0.435852,0.692250,0.786547,0.405239,0.675753,0.591775,0.299052,0.910275,0.327331,0.880952,0.507604,0.900055,0.315586,0.054078,0.626360,0.147726,0.280011,0.741791,0.244547,0.908811,0.466343,0.202515,0.803308,0.453598,0.190066,0.154973,0.923883,0.379412,0.832337,0.469630,0.706202,0.322931,0.313786,0.288991,0.618205,0.591499,0.058802,0.142934,0.060522,0.424283,0.767586,0.152134,0.626435,0.732871,0.819876,0.297709,0.241288,0.498845,0.080183,0.821578,0.660622,0.468535,0.472080,0.866276,0.407373,0.614897,0.774420,0.537089,0.758367,0.516430,0.659968,0.929472,0.507182,0.323649,0.696592,0.741379,0.149714,0.919018,0.138237,0.557524,0.529592,0.789574,0.728542,0.285644,0.238416,0.459025,0.305486,0.285486,0.220713,0.494260,0.350966,0.201799,0.290762,0.366466,0.549596,0.451857,0.359935,0.379109,0.901868,0.900259,0.076570,0.166571,0.247685,0.243913,0.412654,0.646139,0.280748,0.933161,0.806629,0.409954
SYN_BIGPN_0843,1,0,0,0,0.728163,0.691961,0.565196,0.754324,0.824817,0.725213,0.625744,0.750436,0.310438,0.143647,0.904902,0.206485,0.192072,0.229212,0.800249,0.871072,0.486266,0.215579,0.083005,0.828474,0.362043,0.066501,0.892426,0.467178,0.306417,0.094701,0.155966,0.847250,0.660121,0.546648,0.442081,0.182516,0.248855,0.061739,0.843722,0.632871,0.503286,0.568880,0.407643,0.142143,0.710643,0.059748,0.160253,0.241783,0.392147,0.744258,0.317123,0.166878,0.920815,0.261792,0.458896,0.806833,0.882577,0.155613,0.592779,0.760044,0.790627,0.485787,0.671704,0.271559,0.311451,0.158071,0.418299,0.772328,0.412084,0.871205,0.923627,0.214300,0.097496,0.070287,0.206180,0.835783,0.253786,0.710650,0.930127,0.591442,0.230980,0.882282,0.308234,0.653906,0.318565,0.502833,0.949328,0.290489,0.482035,0.756189,0.558068,0.324128,0.640805,0.142271,0.393449,0.078330,0.215100,0.106914,0.770291,0.176513,0.763612,0.518657,0.738582,0.092530,0.371630,0.129492,0.866550,0.085473,0.894607,0.813149,0.626087,0.699703,0.083008,0.816375,0.192118,0.795754,0.913716
SYN_BIGPN_0844,1,0,1,0,0.691479,0.826241,0.329768,0.581249,0.079155,0.711773,0.388379,0.331051,0.810968,0.137331,0.338444,0.113226,0.237112,0.638742,0.096259,0.168127,0.744474,0.054490,0.889870,0.233607,0.197744,0.791863,0.199169,0.760714,0.909325,0.626277,0.431599,0.750106,0.143395,0.127472,0.846321,0.302199,0.300045,0.145950,0.697382,0.919761,0.341891,0.824410,0.138439,0.087967,0.160952,0.801570,0.161150,0.078509,0.315320,0.577407,0.172990,0.789012,0.404513,0.931979,0.165106,0.686202,0.751421,0.399678,0.566948,0.309323,0.242801,0.282823,0.893154,0.214583,0.425745,0.691532,0.346889,0.412130,0.805601,0.685981,0.708297,0.795235,0.373628,0.459787,0.209915,0.233367,0.291412,0.622663,0.180815,0.395467,0.311832,0.129825,0.660240,0.667931,0.433345,0.492459,0.867621,0.670499,0.151956,0.139477,0.324686,0.349118,0.103859,0.602984,0.752494,0.302075,0.872209,0.622025,0.840060,0.900336,0.794448,0.775867,0.733918,0.069454,0.742685,0.822999,0.579606,0.145335,0.560665,0.870274,0.483477,0.074689,0.685335,0.437674,0.067094,0.325735,0.702858
SYN_BIGPN_0845,1,0,1,1,0.395435,0.519222,0.366038,0.278082,0.202501,0.341307,0.176515,0.535805,0.529724,0.599519,0.222348,0.450821,0.801636,0.527362,0.662049,0.639968,0.489472,0.243550,0.697927,0.528378,0.752038,0.734546,0.234306,0.303674,0.260001,0.516589,0.263301,0.796137,0.263187,0.170830,0.507182,0.673791,0.091840,0.904332,0.338096,0.888198,0.474658,0.519870,0.796846,0.694246,0.254691,0.564161,0.597223,0.758845,0.323132,0.072749,0.894636,0.707634,0.624259,0.210101,0.898939,0.372099,0.847796,0.138268,0.582858,0.908930,0.927013,0.520397,0.753298,0.561432,0.187638,0.541622,0.883423,0.270252,0.167949,0.695544,0.351656,0.211485,0.891006,0.865858,0.652738,0.564271,0.490007,0.086735,0.600961,0.410425,0.153755,0.359822,0.056149,0.198743,0.548221,0.541562,0.638717,0.117231,0.816660,0.303890,0.078734,0.585856,0.477878,0.447333,0.838158,0.640871,0.571748,0.529329,0.890061,0.137906,0.276038,0.801947,0.873086,0.812011,0.852727,0.900218,0.331232,0.680470,0.178199,0.781835,0.760221,0.914585,0.515811,0.680503,0.362572,0.128451,0.210518
SYN_BIGPN_0846,1,0,0,1,0.783801,0.717110,0.396309,0.312548,0.374538,0.187438,0.122308,0.316266,0.712409,0.164285,0.379451,0.112560,0.832820,0.476800,0.773895,0.940499,0.294834,0.597335,0.665946,0.785631,0.714006,0.129573,0.290963,0.480334,0.755623,0.825769,0.184446,0.725633,0.854265,0.517605,0.563546,0.123696,0.543849,0.896577,0.204010,0.289425,0.438600,0.840784,0.255738,0.292648,0.801444,0.067306,0.752114,0.661058,0.563320,0.743044,0.205955,0.722090,0.378801,0.555620,0.370373,0.704099,0.686433,0.317038,0.406958,0.631351,0.723841,0.795558,0.425226,0.915030,0.222028,0.637398,0.474992,0.394641,0.535903,0.754621,0.263163,0.710576,0.071433,0.542267,0.914762,0.898738,0.834823,0.142965,0.906578,0.767763,0.274432,0.371683,0.535295,0.245670,0.709311,0.712339,0.515573,0.713327,0.681468,0.435482,0.646551,0.321341,0.519807,0.601894,0.509511,0.122781,0.525288,0.565378,0.120879,0.617622,0.102458,0.618308,0.844554,0.889185,0.568964,0.827228,0.638191,0.403425,0.486445,0.207602,0.388849,0.367773,0.546660,0.078527,0.776972,0.648347,0.745845
SYN_BIGPN_0847,1,0,0,0,0.354875,0.752718,0.516779,0.484996,0.456909,0.370805,0.177529,0.680547,0.072513,0.131812,0.594362,0.137255,0.224230,0.897455,0.516064,0.544469,0.122244,0.292797,0.815336,0.425915,0.396649,0.658042,0.180991,0.343405,0.063629,0.880308,0.365631,0.633410,0.907735,0.945641,0.897375,0.489645,0.896181,0.853789,0.900956,0.816097,0.721995,0.777626,0.666470,0.811432,0.386483,0.373108,0.485599,0.676429,0.545544,0.903106,0.140756,0.559970,0.752699,0.738447,0.710201,0.300518,0.253469,0.644328,0.345800,0.108458,0.243036,0.377092,0.922560,0.363290,0.171266,0.418019,0.917904,0.948912,0.735971,0.507201,0.603198,0.779885,0.426242,0.509412,0.117101,0.636961,0.862378,0.362578,0.126425,0.229295,0.138132,0.106016,0.839799,0.906434,0.356021,0.536410,0.754133,0.441707,0.767747,0.533044,0.791447,0.709280,0.088274,0.567029,0.707923,0.826698,0.639188,0.628846,0.909113,0.486409,0.471982,0.568884,0.633780,0.613554,0.949733,0.832918,0.407523,0.555599,0.560567,0.856109,0.450956,0.247348,0.571286,0.466072,0.266090,0.265438,0.238398
SYN_BIGPN_0848,0,0,0,1,0.571745,0.559264,0.069610,0.708540,0.775504,0.313246,0.564935,0.668335,0.641196,0.776347,0.107116,0.121476,0.242448,0.484471,0.182257,0.071957,0.828731,0.530575,0.722680,0.194782,0.570173,0.711295,0.200458,0.216461,0.210868,0.126425,0.705713,0.277451,0.066810,0.320612,0.512751,0.853181,0.191059,0.273709,0.280326,0.514013,0.665102,0.393275,0.325863,0.090833,0.385535,0.305330,0.712669,0.083363,0.655151,0.580999,0.604365,0.788066,0.408139,0.672914,0.439896,0.671540,0.437457,0.306702,0.635357,0.482940,0.721538,0.735706,0.830118,0.810761,0.727280,0.701078,0.612253,0.842163,0.181308,0.293504,0.215339,0.294148,0.091292,0.435683,0.320575,0.640370,0.900491,0.581521,0.312410,0.858948,0.116752,0.454407,0.339904,0.677977,0.841758,0.345852,0.714621,0.651149,0.592425,0.920601,0.912351,0.254006,0.505333,0.050865,0.196383,0.865480,0.207285,0.909157,0.758484,0.250238,0.163525,0.535297,0.626024,0.275115,0.937995,0.315391,0.779696,0.420738,0.327121,0.509759,0.863765,0.199855,0.341453,0.100632,0.270717,0.637350,0.579114
SYN_BIGPN_0849,1,0,1,0,0.389353,0.460407,0.867872,0.547568,0.623762,0.297244,0.337313,0.404524,0.510499,0.165540,0.169767,0.916030,0.322629,0.277240,0.415188,0.567450,0.942607,0.772212,0.129777,0.517467,0.235699,0.501503,0.810311,0.449548,0.799352,0.557298,0.673937,0.355544,0.143365,0.589571,0.755959,0.830800,0.784141,0.221534,0.530575,0.287549,0.656542,0.160118,0.616036,0.292611,0.514729,0.371478,0.487746,0.455877,0.157599,0.427018,0.583187,0.450593,0.808266,0.082232,0.790328,0.443768,0.263743,0.943003,0.394476,0.537903,0.876944,0.191591,0.105653,0.893229,0.670672,0.842334,0.318716,0.802071,0.667177,0.522353,0.293094,0.237411,0.396449,0.242860,0.795623,0.483150,0.821287,0.524231,0.059650,0.250119,0.906617,0.598960,0.165700,0.326680,0.318835,0.597924,0.319099,0.182015,0.891049,0.152027,0.269490,0.117880,0.906224,0.532191,0.237481,0.206090,0.920674,0.811086,0.810102,0.899406,0.602049,0.947027,0.874035,0.133072,0.235522,0.877695,0.573860,0.860761,0.140106,0.126365,0.801710,0.785522,0.523754,0.631236,0.060822,0.718112,0.912898
SYN_BIGPN_0850,0,1,0,1,0.476739,0.165451,0.741242,0.068129,0.209966,0.939624,0.445540,0.065191,0.258662,0.234817,0.330486,0.631057,0.803083,0.882931,0.162796,0.577370,0.056660,0.666132,0.253079,0.052614,0.167437,0.189545,0.831659,0.628416,0.360402,0.294034,0.375575,0.926051,0.713541,0.592529,0.576141,0.938418,0.671768,0.903019,0.567476,0.488973,0.238030,0.837095,0.741589,0.343962,0.377851,0.756020,0.567215,0.648526,0.296719,0.410161,0.593908,0.274598,0.938233,0.314711,0.106561,0.243369,0.620075,0.094395,0.378589,0.781360,0.903771,0.285663,0.909089,0.110571,0.451575,0.257792,0.160763,0.234886,0.137723,0.422699,0.607944,0.206215,0.142674,0.246236,0.127053,0.379040,0.637779,0.572846,0.799290,0.781349,0.211238,0.159054,0.811968,0.237121,0.583161,0.239226,0.596736,0.748636,0.072783,0.296067,0.641667,0.753774,0.403621,0.196907,0.468643,0.716590,0.104669,0.785077,0.830167,0.110547,0.311836,0.591866,0.778536,0.254973,0.851222,0.163047,0.787113,0.218058,0.224352,0.669940,0.062151,0.726944,0.283820,0.070817,0.102633,0.211911,0.344712
SYN_BIGPN_0851,1,0,1,1,0.371763,0.891613,0.228276,0.335932,0.754557,0.610692,0.499768,0.182467,0.247149,0.151934,0.841966,0.691971,0.406023,0.204039,0.744239,0.695407,0.489854,0.772415,0.298551,0.443500,0.263465,0.815151,0.417173,0.201205,0.228647,0.752699,0.604848,0.404773,0.069421,0.829626,0.607139,0.868462,0.659793,0.537326,0.568862,0.205580,0.690500,0.245801,0.738740,0.076308,0.149240,0.852732,0.220073,0.820791,0.107979,0.900695,0.521335,0.083321,0.914847,0.667098,0.243143,0.132928,0.760739,0.790271,0.223288,0.176502,0.205216,0.098469,0.167591,0.324703,0.268892,0.487213,0.947860,0.176751,0.646149,0.508571,0.062783,0.811680,0.298936,0.510659,0.673454,0.121374,0.605325,0.546035,0.462235,0.649465,0.888369,0.737370,0.801136,0.862766,0.550074,0.299053,0.661698,0.238045,0.936983,0.600451,0.907558,0.541751,0.180139,0.577356,0.389118,0.186423,0.325033,0.814461,0.831989,0.741977,0.585536,0.832420,0.156501,0.404496,0.698185,0.731541,0.118905,0.231660,0.220648,0.710419,0.830172,0.489557,0.677367,0.816113,0.843733,0.179523,0.788869
SYN_BIGPN_0852,1,0,1,0,0.785733,0.568263,0.547179,0.281716,0.403251,0.949440,0.772807,0.663989,0.887107,0.623619,0.882360,0.864308,0.625136,0.732432,0.766863,0.723551,0.133323,0.780265,0.172503,0.717820,0.854073,0.140103,0.945294,0.571808,0.176855,0.688197,0.744290,0.058890,0.933397,0.649432,0.669946,0.930729,0.394111,0.172868,0.271392,0.938691,0.118241,0.366556,0.922821,0.484692,0.782591,0.291150,0.142761,0.719545,0.260699,0.099544,0.892518,0.639204,0.588586,0.903880,0.562053,0.814584,0.128821,0.575767,0.226986,0.898317,0.265867,0.871040,0.209781,0.169797,0.268427,0.328138,0.809459,0.334990,0.677194,0.653433,0.323962,0.376023,0.325674,0.098332,0.277831,0.893374,0.934117,0.877499,0.234456,0.093488,0.091135,0.815610,0.524204,0.479850,0.585647,0.204914,0.457693,0.390737,0.750396,0.644466,0.455778,0.081079,0.800355,0.580920,0.641287,0.670108,0.397451,0.484399,0.934855,0.870490,0.889729,0.179388,0.805288,0.704307,0.409677,0.679138,0.883872,0.561338,0.469125,0.913394,0.286755,0.712465,0.279325,0.202822,0.758868,0.353974,0.525853
SYN_BIGPN_0853,1,1,1,0,0.606108,0.569636,0.386664,0.158395,0.390994,0.629280,0.145010,0.904901,0.218425,0.438769,0.264381,0.787620,0.155997,0.618024,0.901710,0.291044,0.557649,0.828879,0.239913,0.210935,0.883605,0.498224,0.546207,0.085234,0.284757,0.288141,0.836175,0.646130,0.291986,0.648056,0.055662,0.731677,0.352095,0.118612,0.676405,0.740951,0.086691,0.727106,0.800784,0.355658,0.090326,0.582406,0.254880,0.904126,0.302192,0.850731,0.572014,0.055362,0.117873,0.228636,0.594340,0.613966,0.649358,0.792935,0.378221,0.707553,0.560381,0.528369,0.385883,0.256591,0.757991,0.461777,0.894843,0.715416,0.296299,0.457637,0.465302,0.256415,0.246836,0.633690,0.054277,0.127116,0.448893,0.896016,0.575753,0.487206,0.374994,0.056382,0.253014,0.555402,0.593715,0.269486,0.746668,0.227984,0.218220,0.618642,0.110761,0.293660,0.113271,0.774705,0.900310,0.106374,0.147857,0.878674,0.755412,0.664282,0.093576,0.317567,0.086218,0.498847,0.846454,0.238118,0.505852,0.147211,0.552262,0.331200,0.343423,0.772456,0.692651,0.352406,0.562060,0.188075,0.882206
SYN_BIGPN_0854,0,1,0,0,0.760623,0.562246,0.509682,0.140291,0.630632,0.779942,0.905419,0.083218,0.094368,0.245846,0.815928,0.412573,0.702026,0.909001,0.166183,0.679262,0.288421,0.191801,0.927002,0.871946,0.466058,0.071365,0.344895,0.228277,0.446203,0.224913,0.595730,0.698453,0.780974,0.379615,0.240931,0.137437,0.446598,0.455662,0.869722,0.113212,0.106734,0.530405,0.761810,0.307260,0.714790,0.272128,0.209590,0.158067,0.095987,0.624103,0.255605,0.918608,0.697120,0.461529,0.424203,0.347820,0.666732,0.483698,0.131858,0.896572,0.851881,0.159477,0.545191,0.576732,0.168367,0.109123,0.394353,0.125123,0.483924,0.257910,0.684994,0.355586,0.643784,0.479726,0.908321,0.394578,0.931015,0.327211,0.690816,0.248393,0.486816,0.653216,0.512815,0.206275,0.611386,0.436820,0.577499,0.535211,0.433315,0.338589,0.261767,0.503618,0.505373,0.705985,0.232815,0.428379,0.662111,0.803453,0.855652,0.343674,0.051872,0.839780,0.798006,0.820050,0.612902,0.514921,0.506971,0.671614,0.455412,0.367992,0.830585,0.305542,0.379178,0.175387,0.095418,0.160533,0.751102
SYN_BIGPN_0855,0,1,1,1,0.135441,0.517307,0.609602,0.825754,0.726228,0.900953,0.091503,0.445493,0.325416,0.820728,0.836083,0.411445,0.147244,0.664194,0.122993,0.898193,0.601764,0.577931,0.286692,0.576953,0.203207,0.715531,0.710321,0.289131,0.647431,0.939833,0.532160,0.338372,0.847096,0.094269,0.175777,0.366329,0.336969,0.659207,0.907957,0.142789,0.225699,0.731769,0.374970,0.108954,0.158479,0.700735,0.157462,0.937061,0.931557,0.654148,0.809269,0.142873,0.602144,0.342259,0.158778,0.139569,0.455675,0.637580,0.896566,0.218925,0.912359,0.303327,0.092818,0.447421,0.783698,0.753690,0.389220,0.324379,0.906261,0.496484,0.234330,0.531752,0.093817,0.794623,0.742322,0.504017,0.390986,0.881077,0.511615,0.584350,0.706716,0.861387,0.481041,0.456029,0.510389,0.658110,0.936891,0.727206,0.218925,0.813434,0.076030,0.085954,0.165660,0.611463,0.578388,0.471140,0.459777,0.674293,0.608693,0.756248,0.760875,0.319935,0.604409,0.421941,0.394000,0.563634,0.268637,0.105018,0.940353,0.737610,0.706568,0.622016,0.716933,0.585406,0.519738,0.217323,0.649791
SYN_BIGPN_0856,0,0,1,0,0.685981,0.458279,0.691070,0.784744,0.352129,0.619768,0.433148,0.939558,0.526701,0.397305,0.331896,0.197987,0.854437,0.543290,0.900381,0.744414,0.948737,0.214337,0.241299,0.285218,0.845373,0.173543,0.334987,0.574817,0.542863,0.714096,0.568515,0.052774,0.380419,0.316436,0.873980,0.424501,0.496762,0.617247,0.507767,0.631132,0.629671,0.882272,0.291151,0.509798,0.539146,0.165249,0.584835,0.084793,0.248246,0.354426,0.112788,0.475652,0.811941,0.536072,0.308470,0.343586,0.541952,0.760785,0.202285,0.344569,0.446664,0.507786,0.547600,0.746506,0.640397,0.684723,0.358438,0.716217,0.102220,0.082364,0.169559,0.093634,0.241075,0.721340,0.114123,0.602020,0.597372,0.455851,0.689691,0.760839,0.438524,0.658339,0.554665,0.387636,0.517839,0.794102,0.948594,0.515106,0.543981,0.524299,0.796982,0.830427,0.151774,0.841315,0.436938,0.299622,0.117579,0.203388,0.594313,0.834581,0.161443,0.100774,0.114264,0.079520,0.778453,0.497894,0.279206,0.752731,0.289853,0.763869,0.477251,0.700272,0.366732,0.256129,0.211197,0.643724,0.137490
SYN_BIGPN_0857,1,1,1,1,0.220851,0.289960,0.236060,0.878774,0.917366,0.313224,0.141920,0.516294,0.790681,0.801394,0.317419,0.300526,0.557706,0.426655,0.182849,0.104964,0.065867,0.478365,0.430003,0.924817,0.279646,0.776516,0.511230,0.431798,0.396114,0.448567,0.566071,0.415312,0.430743,0.091283,0.648776,0.624193,0.471174,0.120157,0.472800,0.397499,0.585656,0.939231,0.644006,0.399649,0.672018,0.943367,0.522012,0.508410,0.269828,0.871202,0.230788,0.529884,0.060235,0.677233,0.303674,0.286971,0.654258,0.060459,0.052751,0.529622,0.421841,0.790073,0.596433,0.615837,0.823674,0.678213,0.580035,0.294462,0.857977,0.543613,0.243248,0.624628,0.634579,0.712297,0.682229,0.119436,0.466787,0.279892,0.056843,0.127823,0.413151,0.794183,0.819628,0.811910,0.792796,0.223068,0.780055,0.830835,0.181534,0.425522,0.660327,0.629129,0.842677,0.135404,0.089674,0.241894,0.071326,0.726722,0.092711,0.475055,0.361795,0.228785,0.192890,0.376482,0.073553,0.297951,0.309647,0.307861,0.216035,0.551402,0.263193,0.266074,0.829732,0.689100,0.226495,0.597621,0.513531
SYN_BIGPN_0858,0,0,1,0,0.208333,0.547904,0.668016,0.267382,0.089109,0.455785,0.305532,0.906531,0.584977,0.053160,0.191591,0.935366,0.288291,0.181339,0.395934,0.521749,0.168510,0.881807,0.770736,0.903699,0.553130,0.339825,0.102207,0.073629,0.265340,0.642377,0.833355,0.434337,0.489453,0.705069,0.135547,0.571700,0.371726,0.779747,0.663524,0.333979,0.205576,0.817469,0.760263,0.527259,0.899822,0.190298,0.246882,0.429291,0.756173,0.068466,0.564662,0.648447,0.370619,0.503869,0.282531,0.766016,0.249170,0.260948,0.197539,0.653199,0.309946,0.433375,0.246417,0.117963,0.516169,0.395107,0.937747,0.221394,0.691401,0.468181,0.736389,0.089166,0.857924,0.208687,0.696513,0.133250,0.857464,0.091248,0.593777,0.495368,0.319153,0.220532,0.574370,0.306467,0.674678,0.844068,0.173953,0.711174,0.060602,0.881414,0.868525,0.166962,0.128405,0.280325,0.534008,0.272053,0.213504,0.416175,0.071808,0.482248,0.517084,0.770997,0.550781,0.764525,0.316095,0.521008,0.877638,0.791480,0.401231,0.540539,0.362117,0.423811,0.696211,0.355641,0.842426,0.155834,0.084475
SYN_BIGPN_0859,1,1,1,0,0.782768,0.139298,0.692973,0.480968,0.672938,0.744559,0.233525,0.581888,0.633507,0.070663,0.249820,0.582979,0.579871,0.868395,0.538517,0.923134,0.825238,0.588070,0.366070,0.495010,0.645132,0.828000,0.212623,0.760091,0.348961,0.615095,0.192790,0.420303,0.376996,0.430883,0.228826,0.294850,0.278480,0.266062,0.866179,0.262194,0.597633,0.367506,0.889319,0.130189,0.843713,0.710001,0.370329,0.420454,0.627346,0.844711,0.549782,0.505427,0.276982,0.771381,0.570524,0.862801,0.320206,0.751373,0.520521,0.476968,0.267337,0.426037,0.220247,0.735481,0.628155,0.115185,0.751965,0.724957,0.754055,0.629992,0.875368,0.528504,0.772217,0.883369,0.715309,0.506687,0.605524,0.818337,0.706830,0.700728,0.547055,0.076697,0.919662,0.124965,0.058367,0.894888,0.758332,0.905390,0.740084,0.698222,0.664276,0.938931,0.572714,0.702757,0.096025,0.203648,0.191920,0.296363,0.353064,0.847959,0.105551,0.935929,0.769322,0.741828,0.423648,0.180800,0.638198,0.726170,0.287197,0.163795,0.654787,0.553057,0.172439,0.224408,0.669107,0.315675,0.691141
SYN_BIGPN_0860,0,0,0,1,0.303868,0.351550,0.329149,0.281582,0.070247,0.817927,0.805970,0.528970,0.544212,0.281621,0.557501,0.874700,0.361971,0.760769,0.623552,0.528143,0.736856,0.281181,0.381763,0.938400,0.295797,0.636121,0.867224,0.726830,0.428355,0.871091,0.486413,0.353721,0.858296,0.607937,0.276827,0.624594,0.123927,0.382880,0.302592,0.117852,0.324418,0.265319,0.457629,0.370184,0.376855,0.880604,0.238070,0.652572,0.323968,0.570115,0.544809,0.181397,0.904158,0.311600,0.770850,0.435263,0.776526,0.610414,0.392912,0.892838,0.578344,0.822354,0.875293,0.591094,0.918204,0.926861,0.666087,0.856152,0.418643,0.763216,0.500826,0.824531,0.639652,0.697091,0.165904,0.829205,0.425147,0.683640,0.067733,0.405342,0.221671,0.328792,0.199905,0.284497,0.897532,0.120954,0.157116,0.287691,0.229064,0.499821,0.810433,0.271278,0.236232,0.740067,0.612418,0.199710,0.270126,0.654464,0.943337,0.613350,0.680293,0.091071,0.203669,0.074897,0.462832,0.785575,0.424257,0.655037,0.881352,0.381670,0.620243,0.125910,0.687397,0.521190,0.929695,0.283330,0.379624
SYN_BIGPN_0861,1,1,0,1,0.616038,0.598916,0.748172,0.631879,0.704926,0.188240,0.075325,0.379528,0.866436,0.172381,0.821013,0.508607,0.186193,0.299997,0.109702,0.765319,0.563364,0.853356,0.402024,0.167625,0.163152,0.221849,0.725082,0.188508,0.168048,0.652034,0.397288,0.906765,0.084588,0.849372,0.935369,0.829748,0.851265,0.100849,0.437060,0.787361,0.942252,0.154971,0.116318,0.909669,0.738645,0.165196,0.735210,0.088947,0.125432,0.784073,0.375608,0.314099,0.392929,0.744807,0.863500,0.607818,0.612575,0.944893,0.905236,0.670917,0.654824,0.223142,0.667623,0.220351,0.382626,0.665279,0.257318,0.497022,0.751674,0.517583,0.819197,0.546477,0.230226,0.869370,0.266632,0.527896,0.728022,0.327828,0.814495,0.905898,0.739044,0.765151,0.554305,0.604468,0.603366,0.483573,0.748724,0.178725,0.896524,0.604853,0.813358,0.825020,0.617163,0.658208,0.872905,0.864127,0.665932,0.601539,0.271445,0.115113,0.838816,0.784244,0.775042,0.271643,0.056258,0.723283,0.151938,0.561535,0.907318,0.653205,0.587548,0.109148,0.137277,0.695854,0.788138,0.210120,0.304175
SYN_BIGPN_0862,0,1,1,0,0.904291,0.370018,0.113031,0.663167,0.749933,0.424048,0.542004,0.242197,0.074500,0.053239,0.190269,0.552099,0.712995,0.222621,0.597023,0.839283,0.194585,0.726103,0.894419,0.930240,0.085978,0.524407,0.270965,0.844137,0.130820,0.400422,0.584467,0.502218,0.109405,0.379142,0.055810,0.822453,0.487320,0.249767,0.262132,0.068558,0.899202,0.063941,0.852430,0.213963,0.947664,0.949844,0.336037,0.342030,0.333783,0.589224,0.672483,0.885771,0.416896,0.356652,0.181323,0.474482,0.556513,0.574970,0.635115,0.484296,0.196099,0.929782,0.690112,0.881543,0.810086,0.431427,0.921071,0.934894,0.321960,0.490323,0.176738,0.945743,0.563101,0.405808,0.443471,0.828132,0.494650,0.262534,0.507782,0.300886,0.747498,0.537677,0.347907,0.697843,0.803540,0.850711,0.652657,0.359315,0.393999,0.323520,0.592741,0.345113,0.056569,0.308822,0.920826,0.484507,0.215870,0.594637,0.268450,0.472964,0.399555,0.091855,0.767421,0.865683,0.862521,0.731665,0.438828,0.054217,0.630938,0.608423,0.152243,0.921603,0.237546,0.380720,0.888543,0.647527,0.659253
SYN_BIGPN_0863,1,0,1,0,0.815261,0.178279,0.853739,0.270195,0.780589,0.913749,0.416810,0.717585,0.267343,0.758965,0.401606,0.847779,0.844260,0.255055,0.651469,0.653292,0.496019,0.100715,0.587692,0.639078,0.300283,0.105087,0.125202,0.609216,0.163114,0.184886,0.147744,0.837608,0.895328,0.799154,0.514424,0.835488,0.347532,0.884274,0.235460,0.529299,0.424304,0.909922,0.570816,0.733646,0.901207,0.493273,0.911148,0.917733,0.495087,0.127224,0.828224,0.309681,0.759962,0.231484,0.274496,0.357049,0.325872,0.676731,0.137408,0.736414,0.740727,0.532604,0.065467,0.897518,0.559392,0.902034,0.867047,0.830639,0.106501,0.379554,0.456059,0.212709,0.632585,0.132904,0.248882,0.414668,0.466114,0.770270,0.949051,0.111015,0.605525,0.884918,0.451911,0.057667,0.884338,0.498862,0.892103,0.305269,0.872378,0.089596,0.304214,0.815921,0.892739,0.912874,0.490809,0.567885,0.559982,0.124448,0.129243,0.077749,0.737359,0.446302,0.580426,0.930234,0.410536,0.802200,0.645522,0.163073,0.656300,0.221925,0.700808,0.168113,0.516547,0.151447,0.650115,0.529751,0.506193
SYN_BIGPN_0864,1,1,1,1,0.844568,0.510916,0.426115,0.609920,0.688430,0.565259,0.886094,0.117534,0.715913,0.906185,0.606854,0.849426,0.880412,0.244113,0.298362,0.261933,0.878270,0.309569,0.510429,0.596690,0.819726,0.316619,0.755685,0.468531,0.856871,0.583702,0.185245,0.447270,0.738516,0.089543,0.584970,0.214401,0.607853,0.162159,0.361517,0.919363,0.777456,0.618168,0.235077,0.059897,0.827733,0.098139,0.659903,0.699688,0.404463,0.600204,0.285046,0.338162,0.460630,0.858580,0.419210,0.291571,0.722053,0.797092,0.764285,0.081250,0.437354,0.170819,0.682913,0.654748,0.228114,0.821862,0.626363,0.838951,0.164242,0.471133,0.154362,0.258637,0.652275,0.368737,0.164614,0.811837,0.075112,0.913957,0.396338,0.300750,0.860196,0.061789,0.229285,0.840838,0.252148,0.598201,0.212544,0.777089,0.305998,0.050100,0.787802,0.277308,0.061169,0.632158,0.239178,0.728702,0.274142,0.542018,0.906477,0.350858,0.843350,0.819908,0.476662,0.775564,0.857244,0.109816,0.155619,0.381434,0.486821,0.939592,0.304361,0.831767,0.451787,0.601782,0.356301,0.561322,0.461090
SYN_BIGPN_0865,1,0,1,0,0.681680,0.065946,0.404790,0.397629,0.058754,0.660664,0.329654,0.618314,0.833400,0.453547,0.300678,0.731857,0.825033,0.342280,0.192056,0.335034,0.739981,0.948073,0.293375,0.602897,0.819554,0.157259,0.468638,0.768263,0.297070,0.941988,0.403453,0.130403,0.569337,0.299061,0.736524,0.534618,0.265117,0.804143,0.575280,0.625412,0.381034,0.812603,0.247004,0.682915,0.363210,0.158665,0.380107,0.752676,0.238911,0.445908,0.529403,0.383990,0.275888,0.903473,0.491889,0.894614,0.936120,0.817766,0.840030,0.578005,0.591152,0.677700,0.318576,0.111228,0.840874,0.065006,0.232285,0.417501,0.615955,0.642510,0.678193,0.228900,0.584412,0.078365,0.392663,0.297880,0.249486,0.719422,0.286251,0.189491,0.764690,0.857815,0.876586,0.931844,0.384123,0.728683,0.821191,0.789223,0.695520,0.881044,0.260345,0.891331,0.862311,0.240578,0.623721,0.641087,0.436233,0.748316,0.069788,0.403123,0.715364,0.546540,0.215707,0.402231,0.445074,0.441330,0.521418,0.230852,0.260021,0.408592,0.440451,0.475353,0.132840,0.913528,0.626659,0.782226,0.741664
SYN_BIGPN_0866,0,1,0,0,0.818305,0.596543,0.076197,0.380247,0.751247,0.556219,0.570788,0.690686,0.711608,0.410836,0.246654,0.707583,0.359811,0.747791,0.814476,0.383724,0.674819,0.858467,0.909403,0.791233,0.735167,0.300378,0.829394,0.295522,0.123492,0.533970,0.269558,0.206168,0.182400,0.434945,0.639646,0.283716,0.167959,0.685616,0.395828,0.478778,0.671766,0.862140,0.100090,0.172468,0.378145,0.120684,0.551700,0.630833,0.600682,0.321548,0.754992,0.102236,0.642644,0.292364,0.559121,0.623487,0.774825,0.075673,0.065399,0.480640,0.541800,0.261905,0.402990,0.677153,0.544830,0.376284,0.404693,0.085977,0.293935,0.496585,0.354969,0.403081,0.468004,0.392349,0.566050,0.670371,0.619194,0.464983,0.903778,0.938332,0.941997,0.705083,0.539493,0.351998,0.614504,0.877706,0.101708,0.622884,0.187788,0.496094,0.643541,0.703353,0.420644,0.944230,0.771887,0.522862,0.429365,0.650413,0.231483,0.630405,0.352598,0.693194,0.162287,0.739368,0.103695,0.902932,0.383010,0.435947,0.407596,0.638860,0.071168,0.517244,0.495818,0.852190,0.567052,0.132102,0.441940
SYN_BIGPN_0867,1,0,1,0,0.602419,0.467029,0.680453,0.604714,0.077064,0.422367,0.181338,0.483728,0.871352,0.187560,0.578781,0.735209,0.239802,0.262320,0.726289,0.153062,0.348753,0.315234,0.847618,0.196986,0.718351,0.769904,0.133797,0.887754,0.858963,0.576067,0.394045,0.772251,0.419984,0.369830,0.841684,0.424738,0.756570,0.164216,0.766952,0.530925,0.314128,0.643171,0.640133,0.433075,0.507967,0.257990,0.609161,0.874588,0.780730,0.778789,0.665642,0.050883,0.060054,0.100578,0.156796,0.704582,0.844005,0.790775,0.165788,0.579006,0.715594,0.567529,0.582038,0.843608,0.300649,0.789719,0.784473,0.622363,0.727933,0.879101,0.241531,0.837583,0.177804,0.746400,0.802596,0.745681,0.900048,0.110917,0.182316,0.653451,0.322575,0.712192,0.170527,0.819306,0.686179,0.342759,0.156238,0.672578,0.760390,0.894462,0.604331,0.900973,0.117620,0.174087,0.613900,0.685160,0.160533,0.488036,0.762070,0.124016,0.414908,0.822116,0.942143,0.121666,0.077611,0.841194,0.693798,0.306309,0.495542,0.514288,0.215522,0.051703,0.605908,0.084079,0.371987,0.494235,0.362984
SYN_BIGPN_0868,0,0,0,1,0.234668,0.281263,0.657845,0.324561,0.333890,0.174163,0.743774,0.073136,0.696066,0.797104,0.729692,0.500342,0.717781,0.664736,0.255138,0.533575,0.696432,0.254319,0.330274,0.772066,0.573202,0.556076,0.909486,0.496866,0.136973,0.515067,0.369447,0.061253,0.270804,0.818301,0.177946,0.480424,0.754904,0.627196,0.477896,0.462370,0.265405,0.348928,0.513694,0.457296,0.585191,0.505587,0.731410,0.744339,0.113783,0.636702,0.746095,0.730803,0.388130,0.544852,0.263744,0.754468,0.948881,0.516404,0.361369,0.219999,0.347852,0.930153,0.285850,0.949764,0.211320,0.437592,0.361641,0.743338,0.130300,0.538767,0.467522,0.351379,0.136303,0.219438,0.416969,0.497439,0.706528,0.263708,0.607309,0.417557,0.507745,0.718996,0.235985,0.830027,0.832144,0.420945,0.582714,0.773858,0.599520,0.249024,0.306197,0.658545,0.468830,0.454200,0.258122,0.633489,0.588089,0.775270,0.595761,0.428271,0.787766,0.783884,0.694849,0.115913,0.337556,0.439636,0.572196,0.524210,0.610462,0.810723,0.294579,0.942241,0.610357,0.873702,0.803671,0.539967,0.678836
SYN_BIGPN_0869,0,1,0,0,0.911796,0.765522,0.675138,0.637806,0.829134,0.150251,0.359055,0.094710,0.882183,0.698400,0.878801,0.576808,0.060936,0.339191,0.783711,0.795768,0.391349,0.548184,0.339616,0.880767,0.338079,0.825183,0.363994,0.739571,0.932541,0.657200,0.153353,0.644967,0.852890,0.122497,0.472260,0.319862,0.740083,0.693579,0.669302,0.931466,0.815169,0.710697,0.239007,0.889372,0.090857,0.362360,0.293537,0.754590,0.298009,0.448371,0.149853,0.792193,0.622422,0.243572,0.146966,0.476695,0.388200,0.605102,0.885916,0.763312,0.712429,0.338729,0.896499,0.833681,0.085420,0.948919,0.105097,0.108527,0.566245,0.793925,0.337377,0.558548,0.327553,0.487127,0.177174,0.280339,0.335833,0.785909,0.562568,0.454484,0.569302,0.228695,0.562917,0.314924,0.692528,0.446100,0.401078,0.487251,0.228942,0.381396,0.308172,0.873252,0.494514,0.892405,0.857362,0.103889,0.426985,0.207001,0.418562,0.216962,0.079114,0.487945,0.123445,0.537900,0.324829,0.773258,0.924658,0.598211,0.655650,0.935437,0.805564,0.089609,0.726339,0.229538,0.567554,0.617073,0.369333
SYN_BIGPN_0870,0,1,1,0,0.235358,0.542640,0.717221,0.246564,0.271140,0.632274,0.123341,0.928361,0.480947,0.429806,0.325300,0.817036,0.788294,0.339562,0.407295,0.644160,0.673943,0.383574,0.709196,0.062562,0.411056,0.242660,0.321093,0.379979,0.261494,0.355208,0.479320,0.756337,0.050791,0.211728,0.067939,0.864041,0.418908,0.056062,0.409416,0.325243,0.741786,0.553965,0.604488,0.869282,0.304492,0.306678,0.295545,0.226277,0.780290,0.082584,0.783034,0.418686,0.130505,0.628122,0.833800,0.234066,0.430333,0.499865,0.487065,0.100481,0.129090,0.847206,0.434583,0.384469,0.542126,0.358095,0.459327,0.183246,0.703490,0.231650,0.793952,0.797293,0.379766,0.080419,0.058780,0.495755,0.824117,0.938054,0.667632,0.273926,0.896735,0.671378,0.456932,0.217429,0.208330,0.790951,0.723786,0.318963,0.933648,0.827501,0.284832,0.556111,0.205958,0.115089,0.938533,0.671083,0.689798,0.947592,0.600704,0.565187,0.919604,0.756914,0.463085,0.659333,0.669926,0.537220,0.526763,0.763715,0.914035,0.770444,0.735795,0.610297,0.079672,0.172666,0.653155,0.633259,0.916035
SYN_BIGPN_0871,0,1,0,0,0.145366,0.300695,0.784351,0.163634,0.632654,0.401897,0.106916,0.170710,0.202631,0.238902,0.687681,0.492988,0.225408,0.911322,0.482274,0.316115,0.545552,0.643998,0.559321,0.139616,0.305591,0.664409,0.422682,0.656588,0.909085,0.785468,0.655896,0.711927,0.188539,0.750319,0.397716,0.663522,0.099613,0.815567,0.934590,0.721105,0.135731,0.105676,0.486503,0.406921,0.611034,0.798642,0.471093,0.377967,0.088176,0.259347,0.217372,0.745188,0.922261,0.418522,0.476900,0.542342,0.213636,0.224448,0.307872,0.128760,0.896790,0.728396,0.589078,0.259125,0.913825,0.852966,0.262564,0.583761,0.704212,0.157593,0.091548,0.745374,0.104661,0.795997,0.786730,0.179291,0.924364,0.393223,0.085460,0.815153,0.260235,0.150721,0.493120,0.654109,0.261265,0.388898,0.481851,0.789447,0.680426,0.386821,0.229813,0.781128,0.559804,0.860483,0.586642,0.718004,0.264585,0.085689,0.242941,0.541866,0.651006,0.492470,0.797221,0.825026,0.294312,0.434375,0.650534,0.226486,0.579951,0.348348,0.582406,0.179309,0.284660,0.339540,0.074096,0.301640,0.836862
SYN_BIGPN_0872,0,1,0,0,0.505245,0.622829,0.632442,0.126194,0.278948,0.221310,0.689788,0.372475,0.408622,0.452247,0.211201,0.434530,0.287331,0.300781,0.231946,0.918991,0.244250,0.595726,0.916223,0.645430,0.633188,0.649297,0.670326,0.936757,0.846478,0.310398,0.450376,0.410114,0.374677,0.636280,0.135180,0.379398,0.770920,0.807689,0.840792,0.379638,0.343056,0.139808,0.718937,0.834140,0.519393,0.261527,0.703020,0.784762,0.608836,0.142111,0.113488,0.821143,0.833147,0.266419,0.842930,0.348883,0.733157,0.105805,0.621171,0.226402,0.890119,0.467212,0.603245,0.590471,0.260036,0.231154,0.932286,0.226920,0.814692,0.510189,0.412536,0.787970,0.120562,0.637973,0.411302,0.187185,0.901643,0.225963,0.868234,0.519607,0.158166,0.488461,0.621395,0.117199,0.650192,0.693968,0.620693,0.356288,0.338895,0.824596,0.661592,0.338875,0.878084,0.231865,0.647611,0.310638,0.799028,0.429710,0.440231,0.551235,0.781640,0.524291,0.628540,0.577052,0.091187,0.917684,0.874658,0.617756,0.870373,0.546403,0.765467,0.140701,0.309615,0.345686,0.069292,0.246125,0.150215
SYN_BIGPN_0873,1,1,0,0,0.452978,0.888439,0.076111,0.650954,0.661675,0.165928,0.155496,0.579413,0.710827,0.482143,0.368472,0.679962,0.475830,0.939103,0.121581,0.247105,0.636243,0.530876,0.449071,0.338299,0.546661,0.659843,0.591808,0.153945,0.719413,0.935319,0.402745,0.225546,0.245684,0.907818,0.393741,0.847783,0.235547,0.310136,0.627133,0.054748,0.484590,0.483807,0.342481,0.471953,0.809745,0.123740,0.380646,0.660919,0.736774,0.422644,0.210350,0.803641,0.121595,0.455145,0.923582,0.880081,0.918692,0.103328,0.357439,0.140362,0.819240,0.287092,0.126035,0.545250,0.663947,0.569832,0.434841,0.940965,0.366003,0.836952,0.593169,0.604986,0.584104,0.115017,0.899029,0.889961,0.751806,0.566499,0.494939,0.493900,0.579868,0.188656,0.574687,0.483352,0.121628,0.363419,0.433933,0.858752,0.197685,0.446267,0.710431,0.926181,0.872723,0.406721,0.458764,0.234686,0.923606,0.876907,0.128374,0.286961,0.588500,0.191130,0.862557,0.463233,0.398538,0.743418,0.304804,0.905924,0.416102,0.307285,0.281228,0.539704,0.237503,0.849670,0.651089,0.589419,0.935185
SYN_BIGPN_0874,1,1,0,1,0.132955,0.639724,0.200518,0.369707,0.812544,0.750998,0.254339,0.180071,0.929618,0.419430,0.501063,0.713213,0.199860,0.806028,0.885259,0.384988,0.651211,0.801880,0.582925,0.868192,0.913398,0.403367,0.853280,0.374294,0.501398,0.075983,0.705225,0.883128,0.132313,0.119878,0.940364,0.737871,0.889528,0.679954,0.527962,0.143234,0.398667,0.337711,0.650775,0.213684,0.527008,0.574342,0.396668,0.928167,0.412881,0.406511,0.597681,0.297136,0.186408,0.139708,0.155049,0.396379,0.147677,0.145088,0.375763,0.540935,0.386082,0.345209,0.516608,0.921558,0.097080,0.641975,0.867742,0.630584,0.298176,0.388639,0.318690,0.635108,0.698200,0.111027,0.587990,0.422587,0.787579,0.134422,0.235283,0.138172,0.570309,0.431703,0.414323,0.220581,0.733572,0.322405,0.882424,0.261756,0.603778,0.428862,0.193336,0.447470,0.888659,0.079562,0.410289,0.228343,0.196747,0.467728,0.530386,0.253045,0.914272,0.331054,0.706777,0.934607,0.774180,0.134106,0.721330,0.159559,0.392613,0.417662,0.564033,0.671928,0.882436,0.559303,0.112956,0.796586,0.505606
SYN_BIGPN_0875,1,1,1,1,0.642406,0.201152,0.911357,0.330898,0.789799,0.363749,0.394165,0.560442,0.166747,0.818529,0.771345,0.241286,0.733264,0.839367,0.118767,0.271426,0.360080,0.927105,0.195939,0.558527,0.068687,0.341787,0.898447,0.731162,0.587755,0.499410,0.051748,0.558998,0.579480,0.646783,0.069442,0.369359,0.759356,0.764129,0.448435,0.269808,0.191210,0.315584,0.130949,0.883575,0.377657,0.622338,0.922986,0.415810,0.788997,0.114475,0.246180,0.532133,0.915240,0.094371,0.840679,0.180610,0.855214,0.056529,0.869521,0.410342,0.657403,0.798629,0.631448,0.154017,0.282786,0.424794,0.379970,0.822749,0.530421,0.871143,0.095428,0.429171,0.264821,0.389271,0.522789,0.677112,0.464011,0.084521,0.468629,0.244110,0.882726,0.143615,0.923066,0.237226,0.447096,0.657327,0.117324,0.904353,0.431517,0.711505,0.582883,0.497012,0.493645,0.642793,0.695741,0.423042,0.879289,0.229870,0.168216,0.851327,0.815387,0.681598,0.352573,0.246520,0.408228,0.493582,0.918653,0.463125,0.193788,0.858293,0.899773,0.400088,0.617713,0.573504,0.554478,0.209162,0.876088
SYN_BIGPN_0876,1,0,1,1,0.497520,0.663671,0.342293,0.177737,0.653341,0.548918,0.316229,0.101451,0.382992,0.833207,0.112639,0.518094,0.941657,0.900266,0.403776,0.145150,0.510633,0.888216,0.937668,0.921621,0.768115,0.859083,0.596735,0.218635,0.894047,0.934740,0.860111,0.216526,0.441895,0.541393,0.129595,0.908235,0.649320,0.298920,0.800712,0.397202,0.313911,0.610868,0.653231,0.331644,0.142762,0.537851,0.547259,0.247567,0.128749,0.287412,0.403840,0.575992,0.339363,0.933425,0.788957,0.855814,0.123464,0.067032,0.801675,0.156229,0.175262,0.835816,0.256196,0.817897,0.352017,0.849065,0.602652,0.473683,0.922223,0.211573,0.370348,0.279401,0.607230,0.491065,0.109000,0.480618,0.946496,0.832590,0.846144,0.854792,0.388576,0.422354,0.162375,0.593613,0.182660,0.410439,0.696912,0.234994,0.723696,0.221439,0.833071,0.466853,0.813952,0.579728,0.435583,0.796421,0.863507,0.104503,0.619322,0.375663,0.376906,0.376413,0.883560,0.603606,0.947919,0.499377,0.200679,0.273876,0.273522,0.119228,0.145925,0.835144,0.341302,0.057386,0.885241,0.948699,0.249697
SYN_BIGPN_0877,0,0,1,0,0.183591,0.859170,0.748042,0.550383,0.105193,0.898030,0.645110,0.319012,0.374766,0.070870,0.064644,0.584326,0.395525,0.718562,0.071574,0.447285,0.265098,0.463486,0.446260,0.298559,0.766977,0.337534,0.749836,0.279535,0.731995,0.103737,0.371716,0.705110,0.936233,0.444374,0.426340,0.315495,0.865272,0.368306,0.577114,0.502007,0.359770,0.452140,0.184320,0.943416,0.880349,0.920881,0.079965,0.200995,0.262336,0.056063,0.188571,0.202620,0.378133,0.620831,0.523821,0.426043,0.881051,0.386965,0.766071,0.381574,0.370971,0.765517,0.349571,0.795189,0.365984,0.270361,0.567842,0.139308,0.670710,0.161336,0.809235,0.653190,0.618971,0.745934,0.689966,0.924148,0.806637,0.648564,0.527224,0.140651,0.595712,0.928478,0.780618,0.332525,0.574936,0.826467,0.495907,0.561098,0.134227,0.597822,0.321760,0.912760,0.155469,0.138556,0.452192,0.163839,0.376615,0.609453,0.747592,0.437440,0.919500,0.162454,0.383942,0.189798,0.692782,0.288816,0.333784,0.391274,0.615678,0.636142,0.491031,0.612412,0.275052,0.118848,0.604917,0.410120,0.920682
SYN_BIGPN_0878,0,0,1,1,0.375658,0.080725,0.641771,0.500556,0.777875,0.447130,0.622802,0.052996,0.063690,0.222348,0.474215,0.278201,0.093464,0.377111,0.891518,0.783764,0.505983,0.731494,0.217363,0.472476,0.586393,0.419153,0.662765,0.378943,0.242958,0.847767,0.595677,0.235768,0.161439,0.367218,0.110452,0.269062,0.231784,0.212750,0.309832,0.053051,0.399460,0.548638,0.853349,0.823177,0.799195,0.101439,0.375678,0.885424,0.371917,0.387635,0.732712,0.884192,0.489848,0.590284,0.472464,0.594587,0.880765,0.082915,0.201620,0.355861,0.307530,0.207758,0.744409,0.860799,0.872664,0.081382,0.756285,0.101608,0.547946,0.358268,0.207431,0.547651,0.900412,0.389820,0.839199,0.344782,0.748463,0.167873,0.565754,0.291989,0.412364,0.594850,0.210565,0.357101,0.932542,0.707056,0.230423,0.315298,0.630136,0.859521,0.677044,0.091928,0.930460,0.431281,0.274645,0.837264,0.927146,0.486234,0.679411,0.466370,0.175188,0.495824,0.766571,0.404671,0.817538,0.084658,0.756923,0.901931,0.852003,0.585118,0.503020,0.132221,0.928971,0.584018,0.151481,0.162295,0.138546
SYN_BIGPN_0879,1,0,0,1,0.750347,0.519119,0.492334,0.481532,0.914928,0.648105,0.096289,0.595609,0.227108,0.943119,0.926672,0.910535,0.680860,0.343274,0.053056,0.558747,0.155557,0.096597,0.774438,0.431274,0.400366,0.528525,0.361784,0.232781,0.310751,0.131228,0.506949,0.335701,0.731415,0.769546,0.752082,0.824599,0.366275,0.656163,0.388903,0.820419,0.461440,0.570651,0.539203,0.623318,0.749163,0.060205,0.516894,0.198460,0.480249,0.891004,0.634434,0.513710,0.528351,0.516558,0.484693,0.369350,0.667748,0.426448,0.382855,0.293498,0.429594,0.495399,0.617761,0.849533,0.320237,0.693650,0.338948,0.724997,0.891051,0.906434,0.554760,0.600110,0.734699,0.166649,0.814980,0.507527,0.716185,0.276739,0.838066,0.319576,0.415592,0.705690,0.472249,0.883669,0.325369,0.709381,0.454065,0.393826,0.749431,0.869407,0.425145,0.579790,0.311098,0.445755,0.330849,0.888054,0.476160,0.392251,0.333490,0.179402,0.469621,0.856428,0.501396,0.359120,0.761105,0.162521,0.870194,0.930222,0.878058,0.626711,0.679416,0.910529,0.091980,0.335451,0.937380,0.492910,0.648028
SYN_BIGPN_0880,0,1,0,0,0.089046,0.602412,0.567679,0.584775,0.681278,0.931190,0.242255,0.256722,0.338357,0.282232,0.091445,0.583779,0.085268,0.495252,0.897077,0.654910,0.340232,0.096310,0.745156,0.488578,0.247055,0.113314,0.787041,0.194481,0.675564,0.877878,0.614768,0.810787,0.182297,0.473954,0.873274,0.718191,0.082302,0.454799,0.389542,0.155793,0.222789,0.916388,0.868733,0.177912,0.473508,0.295301,0.809210,0.794974,0.674469,0.668794,0.669275,0.189410,0.627331,0.684954,0.267844,0.899838,0.265554,0.064585,0.215495,0.727985,0.403014,0.620650,0.455491,0.772628,0.359411,0.772520,0.753588,0.459376,0.802428,0.577145,0.326417,0.369527,0.283760,0.224858,0.315821,0.106888,0.541471,0.303102,0.129191,0.197060,0.199304,0.784667,0.323700,0.897241,0.775526,0.226168,0.676466,0.178510,0.269204,0.333588,0.650589,0.734708,0.810019,0.941476,0.542459,0.247056,0.750661,0.247339,0.932001,0.780252,0.785219,0.405569,0.945772,0.367286,0.098892,0.266686,0.684272,0.602701,0.483728,0.391934,0.229563,0.529604,0.108821,0.559536,0.403289,0.130434,0.466021
SYN_BIGPN_0881,0,0,0,1,0.741301,0.509785,0.408989,0.349251,0.378089,0.137873,0.499357,0.882000,0.315760,0.581473,0.717438,0.941141,0.420164,0.225009,0.723439,0.333868,0.576526,0.197116,0.497575,0.616999,0.429748,0.939150,0.544765,0.530146,0.902251,0.598359,0.073293,0.716257,0.946118,0.774215,0.247099,0.563272,0.247056,0.316856,0.384690,0.090989,0.564696,0.174729,0.792000,0.209783,0.677585,0.345206,0.447103,0.354303,0.392142,0.477146,0.799559,0.085147,0.208335,0.130235,0.143045,0.329840,0.245376,0.232246,0.636392,0.878040,0.797845,0.403232,0.210402,0.818545,0.741410,0.166000,0.710056,0.450748,0.533760,0.259492,0.794863,0.486340,0.748381,0.681087,0.425931,0.584404,0.716302,0.719677,0.563655,0.108280,0.867301,0.435393,0.527209,0.219140,0.115010,0.912060,0.914573,0.302485,0.692728,0.872481,0.300790,0.104312,0.299551,0.320496,0.557316,0.447540,0.406277,0.145042,0.895319,0.613868,0.244019,0.113116,0.641846,0.360491,0.859621,0.337855,0.523324,0.428032,0.250988,0.505656,0.538938,0.824821,0.306468,0.732843,0.931200,0.264497,0.515535
SYN_BIGPN_0882,1,1,0,0,0.180253,0.559681,0.195593,0.916503,0.388505,0.439373,0.120896,0.560841,0.491590,0.906329,0.747737,0.873692,0.935076,0.530463,0.376332,0.145501,0.727006,0.859464,0.377056,0.219286,0.585476,0.825953,0.111792,0.354757,0.197106,0.835736,0.668357,0.308878,0.114758,0.442639,0.700506,0.592748,0.354398,0.949482,0.814954,0.782185,0.131828,0.295115,0.317262,0.585957,0.910637,0.698505,0.602221,0.833880,0.159247,0.664979,0.174309,0.685856,0.489633,0.407335,0.365291,0.790922,0.679239,0.763565,0.521139,0.540603,0.518100,0.176451,0.847704,0.111589,0.812541,0.125380,0.758433,0.320047,0.544235,0.578860,0.689709,0.312936,0.776493,0.754159,0.620060,0.267574,0.897382,0.710002,0.571666,0.796531,0.915682,0.186292,0.266411,0.647134,0.732834,0.089919,0.782968,0.288486,0.616603,0.768236,0.229662,0.889404,0.502622,0.377072,0.606973,0.459614,0.428877,0.491138,0.198988,0.697582,0.588391,0.215752,0.378902,0.102681,0.536074,0.340622,0.739187,0.866348,0.456746,0.304657,0.619093,0.931919,0.845215,0.941069,0.156394,0.885898,0.111165
SYN_BIGPN_0883,0,1,1,1,0.060066,0.327572,0.478799,0.491420,0.386295,0.562428,0.213617,0.750050,0.086178,0.550288,0.311313,0.875285,0.693175,0.300545,0.081113,0.686073,0.077344,0.237378,0.813879,0.818326,0.053113,0.411485,0.941555,0.943266,0.091651,0.719088,0.766545,0.566735,0.697353,0.334583,0.260343,0.307791,0.436138,0.146268,0.740804,0.075854,0.233731,0.368422,0.947928,0.890503,0.602997,0.074900,0.712800,0.127221,0.732766,0.063364,0.101636,0.126727,0.647826,0.434839,0.204474,0.498770,0.378254,0.626074,0.840119,0.120836,0.866751,0.403441,0.829755,0.467748,0.299464,0.378967,0.569726,0.649081,0.769332,0.174032,0.795803,0.647880,0.529933,0.699471,0.835188,0.505967,0.774138,0.661856,0.174454,0.764212,0.756622,0.557361,0.372401,0.510133,0.556120,0.818188,0.113042,0.896623,0.524084,0.518897,0.193043,0.646349,0.078962,0.722780,0.581169,0.755413,0.397051,0.897182,0.822899,0.200432,0.226530,0.186939,0.933063,0.138617,0.894306,0.840925,0.493305,0.534800,0.160376,0.543745,0.485843,0.796678,0.300052,0.169662,0.359102,0.770746,0.296239
SYN_BIGPN_0884,1,0,1,1,0.924931,0.425973,0.837616,0.234936,0.823722,0.328741,0.050847,0.686491,0.173673,0.932310,0.286306,0.478002,0.813472,0.295808,0.474462,0.131291,0.682243,0.926814,0.927565,0.524566,0.437064,0.908111,0.658918,0.241698,0.447780,0.678767,0.431042,0.335708,0.425058,0.248689,0.276529,0.245754,0.284644,0.627129,0.217085,0.697387,0.822466,0.112809,0.172206,0.884838,0.094493,0.856349,0.620665,0.672874,0.145938,0.915468,0.866958,0.865834,0.123979,0.931020,0.416758,0.650503,0.543006,0.095673,0.574901,0.190345,0.525735,0.475328,0.126730,0.454843,0.771769,0.457857,0.725508,0.415272,0.481437,0.385979,0.723872,0.385651,0.883166,0.205367,0.063236,0.522097,0.222542,0.846386,0.100918,0.148797,0.645641,0.669295,0.925991,0.485153,0.749347,0.397730,0.642245,0.353169,0.843936,0.181838,0.712817,0.915575,0.118375,0.400944,0.453280,0.844212,0.264950,0.853661,0.342019,0.090918,0.249813,0.869927,0.389080,0.515683,0.945506,0.863536,0.207387,0.433363,0.882460,0.229137,0.066940,0.325826,0.241862,0.505524,0.899407,0.234721,0.601251
SYN_BIGPN_0885,1,1,1,0,0.183708,0.208540,0.206889,0.616686,0.845016,0.173283,0.168882,0.819667,0.381475,0.578387,0.696116,0.492328,0.396790,0.463452,0.549744,0.252001,0.522096,0.557905,0.392396,0.142277,0.292891,0.322654,0.096937,0.682625,0.874605,0.600988,0.482136,0.435514,0.101795,0.762448,0.185811,0.611824,0.683902,0.908859,0.130138,0.527472,0.450558,0.719489,0.503472,0.152910,0.101632,0.163015,0.567869,0.482600,0.439453,0.265340,0.144692,0.947134,0.663461,0.090858,0.851533,0.539710,0.780199,0.667260,0.288570,0.551854,0.094952,0.293738,0.938371,0.422745,0.058184,0.087448,0.615441,0.600454,0.744857,0.178661,0.382478,0.426034,0.636888,0.761945,0.908456,0.522335,0.218803,0.824965,0.605234,0.585921,0.696857,0.564845,0.297936,0.329455,0.903018,0.865064,0.072919,0.463454,0.857302,0.210877,0.743852,0.920364,0.734335,0.792625,0.237744,0.483205,0.946725,0.630829,0.945062,0.245995,0.806452,0.215032,0.930068,0.758058,0.278186,0.170912,0.875598,0.436422,0.623231,0.221966,0.847841,0.116753,0.731448,0.655262,0.169396,0.432758,0.152661
SYN_BIGPN_0886,0,0,0,1,0.528412,0.587667,0.800945,0.261994,0.892617,0.329766,0.256612,0.659559,0.608259,0.498953,0.252039,0.211854,0.084692,0.721085,0.914200,0.945498,0.820114,0.471773,0.891160,0.706103,0.906572,0.322094,0.676522,0.124044,0.242856,0.607961,0.495944,0.453020,0.825814,0.154109,0.474074,0.835380,0.900812,0.262310,0.259802,0.697019,0.621359,0.472664,0.908000,0.694211,0.163584,0.204281,0.796771,0.751014,0.594809,0.250155,0.674265,0.882157,0.786877,0.747797,0.123735,0.262030,0.408132,0.081488,0.531990,0.762419,0.685116,0.693127,0.551403,0.654379,0.072351,0.777339,0.508019,0.562996,0.101946,0.426385,0.292289,0.318523,0.764602,0.881222,0.806105,0.376266,0.257180,0.872689,0.450915,0.696290,0.532245,0.310565,0.592840,0.459723,0.268956,0.099563,0.745003,0.647882,0.512653,0.137875,0.421489,0.118475,0.506734,0.335976,0.154943,0.911269,0.745810,0.809817,0.930873,0.732598,0.756772,0.139795,0.788536,0.113945,0.548663,0.856906,0.337764,0.641004,0.836292,0.933822,0.322820,0.393638,0.590378,0.490108,0.880840,0.413204,0.160812
SYN_BIGPN_0887,0,1,0,0,0.308286,0.930121,0.462636,0.491139,0.408831,0.566105,0.119626,0.647892,0.252508,0.525288,0.323872,0.780631,0.564094,0.679766,0.790188,0.437084,0.466359,0.726309,0.371128,0.409975,0.667266,0.743532,0.263840,0.078529,0.934540,0.381117,0.121581,0.678525,0.788580,0.777362,0.419508,0.056236,0.860721,0.743147,0.627625,0.340652,0.656748,0.298993,0.360850,0.052820,0.224125,0.946336,0.876575,0.754941,0.623314,0.792773,0.359480,0.187958,0.679740,0.898820,0.581411,0.837147,0.593642,0.794135,0.383793,0.358158,0.640054,0.602155,0.897324,0.808212,0.173587,0.775430,0.353723,0.677676,0.180655,0.363760,0.633289,0.547232,0.193166,0.679732,0.142277,0.582195,0.176085,0.921490,0.870110,0.644064,0.084255,0.402497,0.774292,0.361401,0.652271,0.099532,0.865371,0.936702,0.544366,0.923513,0.257038,0.847792,0.947157,0.530115,0.524038,0.822227,0.661248,0.685570,0.157322,0.427445,0.213183,0.187275,0.831943,0.204274,0.071340,0.888434,0.785277,0.840513,0.210778,0.110872,0.364823,0.071563,0.728852,0.815563,0.660790,0.818263,0.789248
SYN_BIGPN_0888,0,0,0,0,0.613019,0.866478,0.201120,0.613429,0.502124,0.879770,0.679322,0.911202,0.790447,0.742506,0.918009,0.333675,0.171976,0.215074,0.783261,0.161472,0.612084,0.768339,0.679446,0.925559,0.574042,0.637441,0.589893,0.342750,0.659215,0.068681,0.588124,0.786722,0.528877,0.583962,0.770545,0.494125,0.381149,0.927496,0.894000,0.105405,0.064953,0.259209,0.932143,0.811274,0.254573,0.090408,0.536888,0.470329,0.755652,0.769607,0.451188,0.747777,0.578456,0.102997,0.665444,0.149751,0.405710,0.897026,0.163668,0.290983,0.757454,0.672761,0.307417,0.350613,0.473096,0.657297,0.933495,0.485734,0.738408,0.149492,0.611325,0.697544,0.374334,0.289634,0.479338,0.760736,0.703040,0.824307,0.741509,0.666217,0.391347,0.416522,0.375582,0.891495,0.921678,0.669240,0.723538,0.783524,0.721840,0.793545,0.594064,0.496214,0.189825,0.748774,0.250655,0.127433,0.758170,0.511020,0.704165,0.916986,0.304501,0.308704,0.938713,0.200355,0.888762,0.531875,0.140482,0.653575,0.145776,0.839207,0.355545,0.667614,0.189085,0.760331,0.187807,0.844338,0.354048
SYN_BIGPN_0889,1,1,0,1,0.904560,0.871550,0.767326,0.879275,0.787344,0.253214,0.648856,0.276024,0.456462,0.862254,0.583271,0.345632,0.153313,0.857088,0.560461,0.424653,0.499891,0.686850,0.332192,0.875309,0.849880,0.594040,0.482250,0.058815,0.843675,0.744043,0.700452,0.622120,0.203392,0.320022,0.275701,0.451140,0.850537,0.893012,0.589229,0.856028,0.511625,0.440250,0.821069,0.590733,0.897971,0.760170,0.364690,0.891274,0.065700,0.505018,0.248756,0.380417,0.572474,0.491619,0.678241,0.320899,0.713737,0.385927,0.295605,0.358572,0.560800,0.677908,0.888320,0.340794,0.871905,0.922522,0.478353,0.060601,0.481426,0.463458,0.414131,0.367341,0.479102,0.720209,0.444070,0.559767,0.265876,0.517421,0.337738,0.653683,0.707902,0.133099,0.818609,0.528992,0.824452,0.513112,0.081758,0.487729,0.312074,0.071753,0.889907,0.409184,0.817563,0.839627,0.712173,0.902171,0.156277,0.209636,0.126659,0.527674,0.636518,0.134789,0.170496,0.626153,0.621370,0.109930,0.073406,0.393934,0.152379,0.632113,0.563693,0.409038,0.467763,0.066723,0.622545,0.250386,0.919193
SYN_BIGPN_0890,0,1,1,0,0.051114,0.766177,0.393506,0.777518,0.739774,0.171978,0.066791,0.420786,0.849483,0.242539,0.465109,0.380931,0.806281,0.322324,0.109584,0.473213,0.527365,0.865360,0.830531,0.750933,0.848799,0.084857,0.603067,0.530458,0.705673,0.806733,0.832182,0.619852,0.874358,0.630804,0.525864,0.274247,0.098020,0.393312,0.645674,0.557202,0.791082,0.547999,0.649236,0.116588,0.748684,0.777894,0.235408,0.895793,0.678557,0.457663,0.703495,0.771834,0.378575,0.253019,0.481560,0.655292,0.239015,0.938201,0.194953,0.909259,0.076157,0.702502,0.786338,0.516194,0.458561,0.517575,0.584402,0.890945,0.772948,0.240069,0.076632,0.535322,0.474658,0.593057,0.228829,0.567472,0.225625,0.333112,0.662902,0.925404,0.437987,0.195030,0.461194,0.781169,0.069451,0.563900,0.060862,0.087269,0.901121,0.831082,0.296874,0.556517,0.349268,0.490595,0.627402,0.916522,0.839728,0.911247,0.557074,0.530823,0.240568,0.488602,0.942891,0.353385,0.540928,0.642397,0.301702,0.470891,0.456306,0.685419,0.349711,0.327578,0.421208,0.498941,0.485084,0.360927,0.669442
SYN_BIGPN_0891,1,1,0,1,0.061803,0.245400,0.598069,0.630632,0.122524,0.846139,0.843891,0.772163,0.697274,0.191198,0.141572,0.684280,0.692213,0.264373,0.532688,0.802907,0.342368,0.933865,0.921180,0.266042,0.693195,0.430774,0.785702,0.640382,0.265318,0.689659,0.250986,0.521874,0.842357,0.280804,0.421153,0.603378,0.295820,0.825223,0.210919,0.918492,0.415832,0.862837,0.243360,0.639170,0.328610,0.405056,0.472629,0.383871,0.294622,0.948713,0.091954,0.543795,0.676919,0.506310,0.386326,0.526830,0.679102,0.162076,0.506247,0.890976,0.752532,0.521258,0.138344,0.277839,0.250167,0.435336,0.923588,0.797534,0.656509,0.428846,0.764292,0.681699,0.250796,0.197555,0.232607,0.791383,0.822700,0.783599,0.411539,0.171907,0.670311,0.396916,0.075347,0.656650,0.892924,0.817461,0.329323,0.075744,0.050914,0.364469,0.302462,0.336823,0.937433,0.859611,0.446429,0.737285,0.420522,0.438615,0.631903,0.463411,0.370265,0.395958,0.292135,0.439797,0.306556,0.653233,0.742766,0.621668,0.766183,0.082182,0.896347,0.614201,0.225982,0.181107,0.200492,0.194216,0.262057
SYN_BIGPN_0892,0,1,1,1,0.761554,0.190897,0.174798,0.156545,0.524965,0.861117,0.908034,0.502365,0.891551,0.264271,0.592328,0.735960,0.686291,0.081798,0.752576,0.947886,0.509540,0.776151,0.328631,0.633277,0.114591,0.105028,0.295957,0.910639,0.254168,0.309997,0.324833,0.348119,0.597398,0.305237,0.608225,0.567368,0.643424,0.808786,0.795849,0.700595,0.212739,0.821655,0.513121,0.939520,0.284992,0.386331,0.740280,0.615517,0.881448,0.320117,0.881840,0.359907,0.457328,0.535448,0.134376,0.548535,0.682884,0.481772,0.382210,0.920470,0.350004,0.382696,0.481454,0.185968,0.481097,0.116838,0.571648,0.575868,0.345827,0.507082,0.239166,0.812458,0.433238,0.545754,0.382629,0.517774,0.502548,0.852573,0.065344,0.372025,0.182501,0.273310,0.274391,0.248800,0.923201,0.288187,0.622554,0.235771,0.590792,0.414846,0.220496,0.828815,0.507540,0.670208,0.687104,0.151569,0.935886,0.251108,0.588681,0.093206,0.191556,0.550667,0.348576,0.653040,0.417480,0.279720,0.561216,0.160861,0.343053,0.372861,0.901706,0.361168,0.170580,0.442309,0.791066,0.525848,0.671421
SYN_BIGPN_0893,0,0,1,1,0.284027,0.417282,0.688857,0.096498,0.259859,0.346175,0.433261,0.341687,0.131929,0.832338,0.642595,0.061151,0.173567,0.865629,0.291229,0.179140,0.686906,0.197311,0.275938,0.683558,0.625155,0.343015,0.521108,0.561190,0.253793,0.734074,0.646482,0.505927,0.286952,0.577026,0.170723,0.724306,0.722656,0.783767,0.652986,0.879393,0.752799,0.527876,0.804178,0.239967,0.680251,0.551419,0.939801,0.320218,0.764686,0.620686,0.184662,0.695376,0.573355,0.211259,0.315707,0.874997,0.552135,0.368618,0.137172,0.591890,0.103049,0.573173,0.369100,0.243422,0.363043,0.355095,0.330346,0.322079,0.303777,0.710299,0.514740,0.557826,0.312498,0.773759,0.828278,0.489422,0.302839,0.270656,0.305106,0.686217,0.712888,0.540689,0.498517,0.237261,0.560028,0.649604,0.343559,0.188111,0.548349,0.741771,0.568664,0.740009,0.610885,0.386900,0.571726,0.104966,0.346396,0.797447,0.485136,0.495767,0.547862,0.075246,0.174194,0.636110,0.299118,0.338997,0.733845,0.256341,0.211943,0.938135,0.684967,0.693326,0.473518,0.589869,0.372135,0.609863,0.324990
SYN_BIGPN_0894,1,0,1,1,0.782777,0.138861,0.332075,0.418838,0.213601,0.496463,0.562073,0.776836,0.592885,0.338762,0.331177,0.716762,0.468799,0.428063,0.064296,0.225516,0.215237,0.823661,0.113650,0.754975,0.674770,0.060596,0.783650,0.562779,0.677360,0.323357,0.891168,0.137400,0.909229,0.094959,0.811052,0.524009,0.275352,0.949042,0.780856,0.081732,0.863275,0.384061,0.466283,0.607070,0.084088,0.714648,0.833240,0.748881,0.507478,0.622814,0.409473,0.238119,0.321507,0.308537,0.351874,0.870905,0.603137,0.255403,0.366277,0.453665,0.708539,0.743415,0.807715,0.558303,0.214721,0.548471,0.391925,0.797398,0.604934,0.384320,0.131143,0.728037,0.067896,0.148891,0.559126,0.273019,0.114192,0.076089,0.432481,0.377725,0.819312,0.110746,0.656408,0.379006,0.916650,0.937296,0.379692,0.219128,0.050178,0.249185,0.365272,0.820856,0.875362,0.199551,0.605554,0.063816,0.304516,0.693596,0.258112,0.915618,0.681047,0.764229,0.206684,0.209480,0.269878,0.380905,0.860308,0.776692,0.187621,0.665813,0.831723,0.247865,0.218727,0.926654,0.317287,0.135630,0.666765
SYN_BIGPN_0895,1,1,1,0,0.800236,0.736748,0.839085,0.285260,0.127879,0.880230,0.936288,0.253801,0.152976,0.700400,0.162442,0.357803,0.165609,0.771305,0.489740,0.613388,0.463861,0.735068,0.362183,0.406411,0.706463,0.757917,0.591552,0.722722,0.695254,0.892665,0.889426,0.622941,0.401926,0.316149,0.866341,0.589122,0.057644,0.471604,0.123863,0.796344,0.059817,0.231063,0.589406,0.828180,0.679514,0.775548,0.217075,0.436357,0.821293,0.410102,0.227760,0.332582,0.408729,0.762859,0.466070,0.511577,0.474028,0.217462,0.228315,0.355442,0.502218,0.354075,0.378295,0.536156,0.266281,0.347363,0.692543,0.144667,0.871865,0.486731,0.501264,0.733107,0.188437,0.716782,0.781253,0.360801,0.789610,0.867583,0.486937,0.609984,0.777818,0.666330,0.259343,0.309677,0.178430,0.900591,0.200675,0.167893,0.674504,0.620474,0.320379,0.877614,0.640919,0.488087,0.777708,0.311056,0.188005,0.760552,0.867511,0.541403,0.518477,0.482238,0.742166,0.482950,0.566509,0.947339,0.833530,0.734641,0.184433,0.425177,0.782609,0.744342,0.348467,0.578155,0.660575,0.854251,0.058673
SYN_BIGPN_0896,0,0,0,0,0.435121,0.470600,0.060674,0.074544,0.228310,0.324007,0.944232,0.148719,0.292483,0.855929,0.079028,0.483694,0.344814,0.694626,0.470872,0.174128,0.698077,0.896067,0.278616,0.284851,0.322440,0.205923,0.499210,0.501285,0.517886,0.386358,0.921966,0.921763,0.410113,0.753168,0.922093,0.751941,0.348748,0.090051,0.464715,0.178948,0.116364,0.228947,0.388860,0.666027,0.840707,0.419728,0.756426,0.274841,0.926520,0.205980,0.409269,0.072942,0.206631,0.271111,0.523460,0.097922,0.760195,0.490386,0.833410,0.657527,0.542278,0.754471,0.693193,0.160368,0.851005,0.804453,0.163690,0.930727,0.580198,0.486661,0.799097,0.119606,0.749502,0.901409,0.268738,0.127938,0.693276,0.081487,0.291343,0.806345,0.067378,0.728792,0.054682,0.781485,0.612959,0.281828,0.862563,0.208025,0.391936,0.709114,0.594893,0.293414,0.856498,0.148053,0.695931,0.100144,0.087919,0.706349,0.900886,0.514332,0.077320,0.809020,0.518401,0.117667,0.339914,0.909894,0.064227,0.130168,0.674239,0.457975,0.669667,0.738672,0.402232,0.803755,0.898574,0.291606,0.885723
SYN_BIGPN_0897,1,0,0,0,0.055460,0.315740,0.342942,0.234380,0.821176,0.622590,0.100097,0.657387,0.398991,0.522938,0.678522,0.119894,0.518763,0.374369,0.714775,0.093275,0.529809,0.708402,0.203390,0.716517,0.781538,0.920080,0.773446,0.276673,0.855856,0.426623,0.586561,0.479555,0.747661,0.715936,0.739618,0.809771,0.088523,0.816928,0.722450,0.228322,0.230655,0.118902,0.888991,0.915406,0.390934,0.053136,0.530111,0.809339,0.352447,0.702638,0.376247,0.146285,0.501628,0.157126,0.272840,0.368911,0.801313,0.095431,0.912274,0.570011,0.315573,0.605182,0.625620,0.284319,0.057651,0.587110,0.191599,0.533428,0.597827,0.883254,0.757140,0.108568,0.734745,0.078893,0.809610,0.073367,0.203560,0.071879,0.051674,0.591132,0.439890,0.297567,0.701472,0.243337,0.230252,0.871076,0.381688,0.569602,0.386842,0.408187,0.409083,0.152578,0.208321,0.468111,0.803937,0.310029,0.489598,0.432816,0.278882,0.632091,0.512608,0.505114,0.173219,0.915474,0.474173,0.212286,0.520623,0.773561,0.309165,0.086546,0.251430,0.704702,0.385709,0.482411,0.941575,0.721733,0.132335
SYN_BIGPN_0898,1,0,0,1,0.504944,0.855884,0.640201,0.911319,0.502787,0.506735,0.370723,0.435288,0.777983,0.552331,0.688019,0.219299,0.800196,0.051514,0.215750,0.220410,0.793631,0.539350,0.633128,0.391218,0.379034,0.404932,0.871028,0.884064,0.895557,0.691753,0.601967,0.416818,0.749294,0.831585,0.814431,0.207152,0.555174,0.292961,0.190974,0.549901,0.862296,0.598490,0.320845,0.604384,0.633257,0.706275,0.747812,0.874747,0.668973,0.365742,0.070795,0.080948,0.804288,0.500788,0.517967,0.796442,0.548407,0.238188,0.600073,0.509848,0.487307,0.795457,0.151623,0.808575,0.703319,0.786806,0.428784,0.253966,0.250308,0.761354,0.874323,0.431098,0.273374,0.783802,0.114582,0.226570,0.430906,0.485040,0.812663,0.068270,0.591820,0.785806,0.413486,0.511270,0.439090,0.625358,0.731673,0.324172,0.184364,0.805940,0.918939,0.949050,0.675847,0.874941,0.448709,0.189265,0.096938,0.947723,0.850763,0.860116,0.859816,0.065347,0.706610,0.114989,0.590761,0.438117,0.505682,0.421865,0.556686,0.582854,0.184643,0.214406,0.535964,0.707692,0.383816,0.736337,0.118874
SYN_BIGPN_0899,0,1,1,1,0.713542,0.339373,0.775866,0.943409,0.892248,0.699379,0.360451,0.742139,0.608628,0.774158,0.459003,0.814481,0.109473,0.191272,0.704974,0.594846,0.822454,0.230285,0.557163,0.399685,0.505588,0.220283,0.253993,0.270008,0.236368,0.822152,0.411001,0.731199,0.238625,0.229581,0.898432,0.844216,0.902641,0.255104,0.068367,0.603823,0.058730,0.416419,0.235437,0.772245,0.501255,0.833726,0.263080,0.070005,0.430888,0.529671,0.444602,0.838732,0.778170,0.178872,0.359400,0.403095,0.695524,0.510757,0.073548,0.889299,0.899489,0.812552,0.180486,0.366901,0.807705,0.882774,0.577491,0.406464,0.692455,0.294811,0.508766,0.923270,0.576998,0.609565,0.864111,0.869610,0.406013,0.707241,0.921581,0.819961,0.593613,0.912920,0.548445,0.482044,0.123333,0.781826,0.512523,0.069787,0.599407,0.149544,0.071836,0.916767,0.595546,0.568953,0.429526,0.551692,0.694353,0.709308,0.567367,0.402748,0.465026,0.422248,0.221702,0.287209,0.278173,0.095829,0.464299,0.818561,0.477778,0.242731,0.642859,0.226189,0.110291,0.527572,0.457821,0.789592,0.351678
SYN_BIGPN_0900,0,1,0,1,0.659281,0.674852,0.677523,0.260425,0.190711,0.458217,0.529791,0.511652,0.738829,0.146642,0.869169,0.164205,0.299825,0.290033,0.116932,0.328271,0.428765,0.138611,0.892824,0.413073,0.254271,0.756604,0.769454,0.634654,0.160213,0.449744,0.888544,0.502059,0.708502,0.758246,0.426810,0.602800,0.151908,0.274640,0.884425,0.723614,0.748445,0.293100,0.570804,0.491593,0.321599,0.367405,0.832776,0.408220,0.630035,0.320664,0.663248,0.523671,0.442123,0.477684,0.832966,0.895770,0.554401,0.709095,0.268024,0.265215,0.628897,0.507042,0.320111,0.833161,0.077039,0.589544,0.051732,0.746872,0.127788,0.288038,0.831317,0.078159,0.144106,0.189542,0.142113,0.878458,0.820305,0.176042,0.173911,0.797472,0.708500,0.544041,0.790748,0.226345,0.904254,0.104893,0.298669,0.254104,0.745946,0.161913,0.658376,0.661169,0.218989,0.791134,0.940457,0.417438,0.410156,0.739963,0.723041,0.634790,0.569022,0.774850,0.071142,0.345727,0.292606,0.710090,0.633049,0.486760,0.770633,0.460751,0.356829,0.863207,0.634137,0.135222,0.630879,0.139393,0.353232
SYN_BIGPN_0901,1,0,0,0,0.623834,0.694716,0.710753,0.692958,0.313789,0.267309,0.915817,0.552633,0.370181,0.293494,0.786384,0.405750,0.811944,0.857954,0.540297,0.407517,0.584753,0.253405,0.219167,0.486133,0.456394,0.641087,0.359309,0.273560,0.766722,0.627787,0.690340,0.673110,0.141447,0.523254,0.732913,0.860334,0.902524,0.617254,0.061406,0.228344,0.802139,0.917608,0.712685,0.087340,0.479195,0.520528,0.864815,0.724051,0.371511,0.157453,0.155526,0.293353,0.510035,0.847889,0.828367,0.694946,0.364433,0.569865,0.281674,0.648091,0.067467,0.559348,0.612606,0.533770,0.721240,0.117721,0.878603,0.164721,0.819623,0.928484,0.715565,0.784376,0.548882,0.940338,0.537548,0.136128,0.739699,0.212184,0.732793,0.435490,0.156964,0.375197,0.163723,0.839314,0.775354,0.416131,0.136364,0.155325,0.594689,0.519779,0.551617,0.471340,0.692721,0.503751,0.877187,0.087749,0.501266,0.303730,0.593605,0.438107,0.396880,0.442970,0.720456,0.126627,0.054386,0.691967,0.374246,0.363132,0.306380,0.947526,0.180638,0.639483,0.370085,0.502729,0.540118,0.544150,0.258769
SYN_BIGPN_0902,0,0,0,0,0.052058,0.564532,0.441192,0.556870,0.082867,0.871699,0.341644,0.050811,0.574440,0.425723,0.912916,0.066958,0.298970,0.383095,0.503892,0.070883,0.811201,0.574972,0.643171,0.117455,0.203618,0.762575,0.496278,0.493626,0.694261,0.447152,0.811283,0.556040,0.812357,0.935888,0.296372,0.496526,0.304295,0.660064,0.153300,0.698705,0.799313,0.447916,0.425866,0.226647,0.451001,0.312500,0.380532,0.591106,0.628515,0.244992,0.598938,0.766765,0.723373,0.272609,0.251180,0.236607,0.449250,0.272552,0.562587,0.435658,0.218855,0.349143,0.655411,0.072146,0.474701,0.364636,0.464965,0.897723,0.410344,0.423717,0.271798,0.562890,0.283034,0.600224,0.079092,0.777205,0.406597,0.646170,0.173894,0.110849,0.066403,0.504053,0.718997,0.444848,0.511153,0.830478,0.239627,0.763192,0.466513,0.214257,0.085500,0.325932,0.727714,0.139732,0.378698,0.820551,0.266084,0.537161,0.132459,0.211279,0.418564,0.904605,0.671152,0.360181,0.362473,0.120783,0.101635,0.855090,0.425222,0.552134,0.071048,0.061507,0.640100,0.448594,0.274435,0.743328,0.546546
SYN_BIGPN_0903,0,1,0,0,0.406838,0.898405,0.587317,0.626502,0.201904,0.327025,0.245779,0.489636,0.680818,0.601314,0.659727,0.731962,0.185726,0.151483,0.552444,0.569490,0.265488,0.495754,0.225968,0.750421,0.803488,0.621818,0.789392,0.091252,0.696413,0.812605,0.662570,0.105765,0.483413,0.486595,0.907923,0.782867,0.661820,0.499980,0.330659,0.110023,0.159940,0.622259,0.075011,0.818105,0.374064,0.331367,0.418796,0.531718,0.086218,0.443327,0.058778,0.435010,0.133293,0.655644,0.600309,0.610128,0.506666,0.400851,0.389864,0.577635,0.364656,0.101021,0.082787,0.911305,0.595431,0.731745,0.949932,0.867267,0.219195,0.481522,0.820887,0.346307,0.562677,0.715744,0.083844,0.460251,0.797788,0.357838,0.072699,0.429853,0.699068,0.474009,0.704515,0.539107,0.085183,0.497101,0.475703,0.377554,0.827710,0.151370,0.751929,0.101196,0.545739,0.340683,0.660482,0.414612,0.785115,0.865481,0.635453,0.083412,0.271159,0.870441,0.655845,0.298647,0.062954,0.278585,0.052709,0.266470,0.355517,0.482136,0.061711,0.269277,0.918057,0.266221,0.210815,0.731637,0.290165
SYN_BIGPN_0904,1,1,0,0,0.731879,0.786093,0.487401,0.714624,0.773620,0.786846,0.879145,0.388500,0.137809,0.441304,0.196599,0.111191,0.421186,0.490766,0.593863,0.123766,0.319700,0.849473,0.522930,0.673148,0.791403,0.403357,0.401143,0.814735,0.622827,0.182514,0.558483,0.940003,0.092934,0.915691,0.370710,0.173673,0.667772,0.834028,0.482695,0.862713,0.442664,0.050474,0.667464,0.923558,0.703292,0.753714,0.391371,0.735739,0.664814,0.667418,0.749661,0.804343,0.443177,0.591849,0.187222,0.225590,0.388962,0.897092,0.754300,0.297010,0.249370,0.164368,0.889763,0.139557,0.186778,0.130182,0.201814,0.151713,0.926984,0.151605,0.363871,0.382075,0.742364,0.688534,0.232332,0.713067,0.381893,0.050045,0.577083,0.471474,0.522485,0.548915,0.195800,0.167103,0.577733,0.735448,0.424816,0.062679,0.662749,0.384638,0.335107,0.344247,0.142789,0.162783,0.514522,0.319965,0.444522,0.252946,0.734412,0.121705,0.325275,0.171900,0.880202,0.258686,0.231432,0.149327,0.315105,0.352698,0.298968,0.325756,0.502401,0.517748,0.392016,0.500024,0.294151,0.209409,0.493848
SYN_BIGPN_0905,1,0,1,0,0.700113,0.113584,0.571587,0.760808,0.134491,0.196617,0.556315,0.358034,0.512470,0.681804,0.168716,0.719921,0.618427,0.704466,0.585498,0.450508,0.920486,0.107622,0.322394,0.411626,0.431936,0.629893,0.908207,0.208367,0.180379,0.077560,0.866253,0.869898,0.418112,0.162206,0.397048,0.242998,0.227759,0.449860,0.657212,0.520510,0.099306,0.852564,0.356537,0.344837,0.281535,0.886157,0.252791,0.309677,0.463022,0.396960,0.921961,0.570069,0.339071,0.919358,0.104827,0.906652,0.286694,0.754865,0.120810,0.213641,0.083884,0.615958,0.132324,0.810285,0.705557,0.126026,0.545777,0.563065,0.283925,0.297112,0.725015,0.339149,0.064885,0.069508,0.722768,0.714923,0.864603,0.408409,0.165699,0.621075,0.384224,0.160349,0.296820,0.258516,0.378591,0.392072,0.152017,0.445890,0.578365,0.470574,0.105582,0.393319,0.465811,0.820029,0.170512,0.209027,0.594406,0.627901,0.667584,0.724008,0.202981,0.482393,0.522596,0.703865,0.090902,0.542260,0.631208,0.062955,0.482928,0.438335,0.076927,0.276063,0.467068,0.379744,0.170687,0.642516,0.480882
SYN_BIGPN_0906,0,1,0,1,0.719169,0.494563,0.740004,0.182624,0.517851,0.682949,0.863314,0.614762,0.368049,0.433942,0.088446,0.390269,0.527736,0.301869,0.471852,0.512506,0.796796,0.698882,0.621241,0.820466,0.463709,0.431168,0.688132,0.203223,0.140340,0.221581,0.432961,0.578312,0.796742,0.923530,0.375839,0.554990,0.740729,0.347058,0.413395,0.754536,0.078146,0.057815,0.828097,0.684168,0.151685,0.784474,0.683472,0.898821,0.504956,0.808807,0.219447,0.427702,0.252964,0.250375,0.929579,0.526377,0.330220,0.682248,0.409021,0.748714,0.577042,0.060672,0.615103,0.305867,0.082114,0.138052,0.456605,0.919365,0.272644,0.711280,0.755487,0.264062,0.076537,0.165636,0.361417,0.937972,0.897796,0.220265,0.412603,0.861913,0.565899,0.329648,0.489300,0.282720,0.080688,0.855147,0.533508,0.335156,0.780669,0.417714,0.726542,0.905919,0.594562,0.170950,0.313606,0.093626,0.599935,0.608039,0.770109,0.747201,0.825344,0.707063,0.811739,0.083994,0.803561,0.275646,0.331561,0.945190,0.220779,0.509959,0.280951,0.127653,0.770506,0.813524,0.536034,0.865120,0.199722
